model,fraction,seed,method,cal_fraction,domain,label,n,positive,negative,prevalence,auroc,auprc,brier,nll,ece15,adaptive_ece15,sensitivity,specificity,ppv,npv,f1,threshold,tp,tn,fp,fn,low_event_warning,source_constant_brier,brier_skill_vs_source_constant,calibration_intercept,calibration_slope,calibration_in_large
resnet18,0.1,17,raw,1.0,chexpert,cardiomegaly,19255,2034,17221,0.10563490002596729,0.6526716968837698,0.1664911082301657,0.09884657674705134,0.4028644107061923,0.07829357824669367,0.07829357824669365,0.9587020648967551,0.14052610185238953,0.11641096053966928,0.9664536741214057,0.20761245674740483,0.003991728369413719,1950.0,2420.0,14801.0,84.0,False,0.1010838392508862,0.02213274169654411,-0.164275311893189,0.5143906850427815,1.5074535947423129
resnet18,0.1,17,raw,1.0,chexpert,pleural_effusion,18933,5642,13291,0.2979982041937358,0.7526931973034234,0.5475190818700615,0.1906656076710366,0.5660004032167468,0.11381848875253915,0.11381848875253918,0.9631336405529954,0.24731020991648484,0.35198859955952844,0.9404864091559371,0.5155597722960151,0.04949705323280327,5434.0,3287.0,10004.0,208.0,False,0.24329855584761897,0.21633070526545606,0.6936359667391064,0.9711005894287048,0.733107516550118
resnet18,0.1,17,raw,1.0,nih,cardiomegaly,21329,497,20832,0.023301608139153267,0.7110726474824369,0.05270111625963603,0.022579270000267663,0.10885204806951988,0.009514407148305346,0.010095294861927279,0.9054325955734407,0.384360599078341,0.03389830508474576,0.994164390365036,0.06534998547778101,0.003991728369413719,450.0,8007.0,12825.0,47.0,False,0.022759736702063146,0.007929208679251731,-1.2741905192033023,0.544153397440746,0.4204075716966467
resnet18,0.1,17,raw,1.0,nih,pleural_effusion,21329,2536,18793,0.11889915139012612,0.8039315850371161,0.3518061770486819,0.08982144731527449,0.30200966475512414,0.015883338506972853,0.015356966381586734,0.8876182965299685,0.5408928856489118,0.20691240003676808,0.9727272727272728,0.33559448378680584,0.04949705323280327,2251.0,10165.0,8628.0,285.0,False,0.10479318686123498,0.14286939823469413,-0.09749583012594257,0.8263277447410243,0.18713100198061683
resnet18,0.1,17,raw,1.0,vinbig,cardiomegaly,14998,1817,13181,0.12114948659821309,0.8222582938526156,0.3767635701761852,0.11116803633835474,0.4202266615920396,0.10039520738131415,0.10039520738131413,0.9873417721518988,0.22926940292845763,0.15008784405588554,0.9924466338259442,0.2605664488017429,0.003991728369413719,1794.0,3022.0,10159.0,23.0,False,0.11584294874158528,0.04035560605124977,3.1071464876324524,1.3163273667202047,1.992380886965845
resnet18,0.1,17,raw,1.0,vinbig,pleural_effusion,14998,634,14364,0.04227230297372983,0.8117723550024728,0.25291481196125987,0.046532176856410354,0.19168085179442726,0.08373671043268732,0.08353279542220939,0.9305993690851735,0.3253968253968254,0.057392996108949414,0.9906740144128868,0.10811801356056441,0.04949705323280327,590.0,4674.0,9690.0,44.0,False,0.04553419164022411,-0.021917270961381075,-0.8717018060364135,1.3174984216990973,-1.282100889860634
resnet18,0.1,17,temperature,1.0,chexpert,cardiomegaly,19255,2034,17221,0.10563490002596729,0.6526716968837698,0.1664911082301657,0.09631716858901876,0.36446523874716424,0.06309606360962466,0.06309606360962468,0.9587020648967551,0.14052610185238953,0.11641096053966928,0.9664536741214057,0.20761245674740483,0.008854434635394391,1950.0,2420.0,14801.0,84.0,False,0.1010838392508862,0.04715561554836423,-0.16428147085262418,0.6017870409784601,1.0217208912633529
resnet18,0.1,17,temperature,1.0,chexpert,pleural_effusion,18933,5642,13291,0.2979982041937358,0.7526931973034234,0.5475190818700615,0.18721306640671442,0.552831496681408,0.09723199845641621,0.0972319984564162,0.9631336405529954,0.24731020991648484,0.35198859955952844,0.9404864091559371,0.5155597722960151,0.06492164255857001,5434.0,3287.0,10004.0,208.0,False,0.24329855584761897,0.23052125913986776,0.6936237590285476,1.0758188253029146,0.5989770286651388
resnet18,0.1,17,temperature,1.0,nih,cardiomegaly,21329,497,20832,0.023301608139153267,0.7110726474824369,0.05270111625963603,0.02264727418210203,0.10560895830398961,0.005889427597989482,0.008547842560314338,0.9054325955734407,0.384360599078341,0.03389830508474576,0.994164390365036,0.06534998547778101,0.008854434635394391,450.0,8007.0,12825.0,47.0,False,0.022759736702063146,0.004941292662270613,-1.2756605888696384,0.6362359365803715,-0.09399430507939155
resnet18,0.1,17,temperature,1.0,nih,pleural_effusion,21329,2536,18793,0.11889915139012612,0.8039315850371161,0.3518061770486819,0.08959734776258846,0.2992449635727759,0.006135723207226239,0.006307055179291577,0.8876182965299685,0.5408928856489118,0.20691240003676808,0.9727272727272728,0.33559448378680584,0.06492164255857001,2251.0,10165.0,8628.0,285.0,False,0.10479318686123498,0.14500789177037388,-0.0974577106722427,0.9154481569109165,0.03048210996021303
resnet18,0.1,17,temperature,1.0,vinbig,cardiomegaly,14998,1817,13181,0.12114948659821309,0.8222582938526156,0.3767635701761852,0.10708090754175503,0.3754452439814221,0.08782024906160261,0.08783970608486616,0.9873417721518988,0.22926940292845763,0.15008784405588554,0.9924466338259442,0.2605664488017429,0.008854434635394391,1794.0,3022.0,10159.0,23.0,False,0.11584294874158528,0.07563724244775594,3.1072170443468874,1.5399966841862558,1.464192434963354
resnet18,0.1,17,temperature,1.0,vinbig,pleural_effusion,14998,634,14364,0.04227230297372983,0.8117723550024728,0.25291481196125987,0.050022383641752245,0.20623226149657276,0.09994884745985402,0.0997812552434989,0.9305993690851735,0.3253968253968254,0.057392996108949414,0.9906740144128868,0.10811801356056441,0.06492164255857001,590.0,4674.0,9690.0,44.0,False,0.04553419164022411,-0.09856751245284756,-0.8716696358458158,1.4596229718619544,-1.4204862794889856
resnet18,0.1,17,logistic,1.0,chexpert,cardiomegaly,19255,2034,17221,0.10563490002596729,0.6526716968837698,0.1664911082301657,0.09778970824421399,0.3721283056160644,0.07014212344588351,0.07014212344588351,0.9587020648967551,0.14052610185238953,0.11641096053966928,0.9664536741214057,0.20761245674740483,0.013067283469004183,1950.0,2420.0,14801.0,84.0,False,0.1010838392508862,0.03258810736794737,0.8237439735565393,0.8850068019438861,1.1910348221392308
resnet18,0.1,17,logistic,1.0,chexpert,pleural_effusion,18933,5642,13291,0.2979982041937358,0.7526931973034234,0.5475190818700615,0.19236995085783595,0.56439363914527,0.11185426804113024,0.11185426804113024,0.9631336405529954,0.24731020991648484,0.35198859955952844,0.9404864091559371,0.5155597722960151,0.06787190097726202,5434.0,3287.0,10004.0,208.0,False,0.24329855584761897,0.20932555399827468,0.9542888649026062,1.1948628339028218,0.6903719108326456
resnet18,0.1,17,logistic,1.0,nih,cardiomegaly,21329,497,20832,0.023301608139153267,0.7110726474824369,0.05270111625963603,0.022466699373200772,0.10397395655349115,0.0004903187591208639,0.0033279537382536356,0.9054325955734407,0.384360599078341,0.03389830508474576,0.994164390365036,0.06534998547778101,0.013067283469004183,450.0,8007.0,12825.0,47.0,False,0.022759736702063146,0.012875251269308885,-0.23286779965207005,0.9351767018621077,-0.010216174626006868
resnet18,0.1,17,logistic,1.0,nih,pleural_effusion,21329,2536,18793,0.11889915139012612,0.8039315850371161,0.3518061770486819,0.08983800692647051,0.29929694059203166,0.008680860133905156,0.009230481283261734,0.8876182965299685,0.5408928856489118,0.20691240003676808,0.9727272727272728,0.33559448378680584,0.06787190097726202,2251.0,10165.0,8628.0,285.0,False,0.10479318686123498,0.14271137640434406,0.12446559504306655,1.0168050664602122,0.09736537598356874
resnet18,0.1,17,logistic,1.0,vinbig,cardiomegaly,14998,1817,13181,0.12114948659821309,0.8222582938526156,0.3767635701761852,0.1102659400460078,0.3973701299670107,0.09156822829667423,0.09222275031757707,0.9873417721518988,0.22926940292845763,0.15008784405588554,0.9924466338259442,0.2605664488017429,0.013067283469004183,1794.0,3022.0,10159.0,23.0,False,0.11584294874158528,0.048142841287805105,5.633334777274673,2.264080655774557,1.5491992458181485
resnet18,0.1,17,logistic,1.0,vinbig,pleural_effusion,14998,634,14364,0.04227230297372983,0.8117723550024728,0.25291481196125987,0.04743023540465871,0.20016289170157353,0.09351571296788876,0.0925220091890678,0.9305993690851735,0.3253968253968254,0.057392996108949414,0.9906740144128868,0.10811801356056441,0.06787190097726202,590.0,4674.0,9690.0,44.0,False,0.04553419164022411,-0.04164000053884043,-0.5189534177921205,1.6205167057808896,-1.336269337441098
resnet18,0.1,43,raw,1.0,chexpert,cardiomegaly,19255,2034,17221,0.10563490002596729,0.6597933984124594,0.17681472042786145,0.09766826516753663,0.38961793963715113,0.07376776088412883,0.07376776088412884,0.9277286135693216,0.19580744439927994,0.1199161159125572,0.9582267689684569,0.21238041643218908,0.006615392678327908,1887.0,3372.0,13849.0,147.0,False,0.1010838392508862,0.033789516787864016,-0.19221209277934898,0.529187164684619,1.351016654058131
resnet18,0.1,43,raw,1.0,chexpert,pleural_effusion,18933,5642,13291,0.2979982041937358,0.7638445813241516,0.5749103698923316,0.18573271977559638,0.5592638056847946,0.11194745303498176,0.11194745303498176,0.9718185040765686,0.21315175682792867,0.34395583714948874,0.9468582887700535,0.508085066950841,0.03271312477469997,5483.0,2833.0,10458.0,159.0,False,0.24329855584761897,0.2366057450340019,0.6107460670092593,0.9007532358686111,0.7455535281929119
resnet18,0.1,43,raw,1.0,nih,cardiomegaly,21329,497,20832,0.023301608139153267,0.7484997832617826,0.07695581365864876,0.022244204194348645,0.10166380866213355,0.0036840204618639833,0.005496960486389531,0.9356136820925554,0.3406778033794163,0.032746478873239435,0.9955112919062982,0.06327822004490713,0.006615392678327908,465.0,7097.0,13735.0,32.0,False,0.022759736702063146,0.02265107520632126,-0.7033320930319522,0.7807463109464107,0.01457655629335943
resnet18,0.1,43,raw,1.0,nih,pleural_effusion,21329,2536,18793,0.11889915139012612,0.7972406624656035,0.355452614293997,0.08998302023048198,0.3052835761811819,0.017812358905022047,0.016405227716881434,0.9116719242902208,0.45580801362209333,0.1843847196746152,0.9745164960182024,0.3067330016583748,0.03271312477469997,2312.0,8566.0,10227.0,224.0,False,0.10479318686123498,0.1413275717090685,-0.1339230903679009,0.7995563121481406,0.2043209823068453
resnet18,0.1,43,raw,1.0,vinbig,cardiomegaly,14998,1817,13181,0.12114948659821309,0.769109461397234,0.30332662955151957,0.10839008834014324,0.39355848377657826,0.08743382174786062,0.08743382174786062,0.988442487616951,0.1831424019421895,0.14295948419963384,0.9913757700205339,0.2497913769123783,0.006615392678327908,1796.0,2414.0,10767.0,21.0,False,0.11584294874158528,0.06433590030643455,1.7733531913948049,1.1014380914548263,1.4587515308075227
resnet18,0.1,43,raw,1.0,vinbig,pleural_effusion,14998,634,14364,0.04227230297372983,0.8284665725828767,0.31281138002825154,0.046963838916780985,0.19293414450864163,0.09032558654598653,0.08958313075812854,0.9668769716088328,0.2259816207184628,0.05225470974341488,0.9935720844811754,0.09915082895268904,0.03271312477469997,613.0,3246.0,11118.0,21.0,False,0.04553419164022411,-0.031397225360951575,-0.9107710972385435,1.3837196432118881,-1.355186943735971
resnet18,0.1,43,temperature,1.0,chexpert,cardiomegaly,19255,2034,17221,0.10563490002596729,0.6597933984124594,0.17681472042786145,0.09720699443304057,0.3823540285471483,0.07111861777721311,0.07111861777721312,0.9277286135693216,0.19580744439927994,0.1199161159125572,0.9582267689684569,0.21238041643218908,0.007612114570956056,1887.0,3372.0,13849.0,147.0,False,0.1010838392508862,0.03835276584839098,-0.19220649698850728,0.5445461310998241,1.2621366175718816
resnet18,0.1,43,temperature,1.0,chexpert,pleural_effusion,18933,5642,13291,0.2979982041937358,0.7638445813241516,0.5749103698923316,0.18179796979087365,0.5422129288043139,0.09159119589264356,0.09159119589264354,0.9718185040765686,0.21315175682792867,0.34395583714948874,0.9468582887700535,0.508085066950841,0.04926016065211659,5483.0,2833.0,10458.0,159.0,False,0.24329855584761897,0.2527782618457626,0.61071178804063,1.030544783531128,0.5738332537850677
resnet18,0.1,43,temperature,1.0,nih,cardiomegaly,21329,497,20832,0.023301608139153267,0.7484997832617826,0.07695581365864876,0.02226496778309047,0.10159216786807798,0.0032187751833351276,0.005057628582171017,0.9356136820925554,0.3406778033794163,0.032746478873239435,0.9955112919062982,0.06327822004490713,0.007612114570956056,465.0,7097.0,13735.0,32.0,False,0.022759736702063146,0.02173878043711397,-0.700348636981053,0.8042038950894935,-0.07528111811783893
resnet18,0.1,43,temperature,1.0,nih,pleural_effusion,21329,2536,18793,0.11889915139012612,0.7972406624656035,0.355452614293997,0.08969838393704135,0.30143557905016943,0.008557419797185401,0.007504143008276817,0.9116719242902208,0.45580801362209333,0.1843847196746152,0.9745164960182024,0.3067330016583748,0.04926016065211659,2312.0,8566.0,10227.0,224.0,False,0.10479318686123498,0.14404374345616444,-0.13402016139369022,0.9147527261769675,-0.004538012770531251
resnet18,0.1,43,temperature,1.0,vinbig,cardiomegaly,14998,1817,13181,0.12114948659821309,0.769109461397234,0.30332662955151957,0.10768069434467537,0.38635232011408466,0.08468324838807104,0.08468324838807104,0.988442487616951,0.1831424019421895,0.14295948419963384,0.9913757700205339,0.2497913769123783,0.007612114570956056,1796.0,2414.0,10767.0,21.0,False,0.11584294874158528,0.07045965667809206,1.773262915322193,1.1333854202480729,1.3704862176579742
resnet18,0.1,43,temperature,1.0,vinbig,pleural_effusion,14998,634,14364,0.04227230297372983,0.8284665725828767,0.31281138002825154,0.051872564429344514,0.21283465519912256,0.11135259750342794,0.1105186962780074,0.9668769716088328,0.2259816207184628,0.05225470974341488,0.9935720844811754,0.09915082895268904,0.04926016065211659,613.0,3246.0,11118.0,21.0,False,0.04553419164022411,-0.1392002923693323,-0.9107533849960187,1.5831778855744976,-1.5221118150809718
resnet18,0.1,43,logistic,1.0,chexpert,cardiomegaly,19255,2034,17221,0.10563490002596729,0.6597933984124594,0.17681472042786145,0.09772865201570094,0.38263669245936216,0.07317279963287758,0.07317279963287757,0.9277286135693216,0.19580744439927994,0.1199161159125572,0.9582267689684569,0.21238041643218908,0.00922130605350192,1887.0,3372.0,13849.0,147.0,False,0.1010838392508862,0.03319212309356212,0.10722428323425576,0.6310694054689573,1.311278168348159
resnet18,0.1,43,logistic,1.0,chexpert,pleural_effusion,18933,5642,13291,0.2979982041937358,0.7638445813241516,0.5749103698923316,0.1872702449822648,0.5540076235517487,0.1078002966446687,0.10780029664466872,0.9718185040765686,0.21315175682792867,0.34395583714948874,0.9468582887700535,0.508085066950841,0.052637909745582384,5483.0,2833.0,10458.0,159.0,False,0.24329855584761897,0.23028624510391849,0.8649713550603482,1.1434333541249517,0.675090574850754
resnet18,0.1,43,logistic,1.0,nih,cardiomegaly,21329,497,20832,0.023301608139153267,0.7484997832617826,0.07695581365864876,0.022219526481972045,0.10115169400275506,0.001363375357465026,0.0035762116353668157,0.9356136820925554,0.3406778033794163,0.032746478873239435,0.9955112919062982,0.06327822004490713,0.00922130605350192,465.0,7097.0,13735.0,32.0,False,0.022759736702063146,0.023735345762683213,-0.25875692070474626,0.9317724831801253,-0.034848274118295955
resnet18,0.1,43,logistic,1.0,nih,pleural_effusion,21329,2536,18793,0.11889915139012612,0.7972406624656035,0.355452614293997,0.08980510070889833,0.3012820930381585,0.006966608905413515,0.007019144337384585,0.9116719242902208,0.45580801362209333,0.1843847196746152,0.9745164960182024,0.3067330016583748,0.052637909745582384,2312.0,8566.0,10227.0,224.0,False,0.10479318686123498,0.1430253874441625,0.09178023623204648,1.0149911577670627,0.06748055739357081
resnet18,0.1,43,logistic,1.0,vinbig,cardiomegaly,14998,1817,13181,0.12114948659821309,0.769109461397234,0.30332662955151957,0.10898091641097925,0.39339123623699135,0.08704410709274356,0.0870891342549049,0.988442487616951,0.1831424019421895,0.14295948419963384,0.9913757700205339,0.2497913769123783,0.00922130605350192,1796.0,2414.0,10767.0,21.0,False,0.11584294874158528,0.05923564968907513,2.397078645457975,1.3136326664300437,1.4228989789505433
resnet18,0.1,43,logistic,1.0,vinbig,pleural_effusion,14998,634,14364,0.04227230297372983,0.8284665725828767,0.31281138002825154,0.04851219239736505,0.20472736494520297,0.10301237406816817,0.1013428675367265,0.9668769716088328,0.2259816207184628,0.05225470974341488,0.9935720844811754,0.09915082895268904,0.052637909745582384,613.0,3246.0,11118.0,21.0,False,0.04553419164022411,-0.06540141923833409,-0.5205924634162999,1.7563984561240673,-1.4213036972017536
resnet18,0.1,101,raw,1.0,chexpert,cardiomegaly,19255,2034,17221,0.10563490002596729,0.629856260995285,0.1568811149114654,0.09896869183919903,0.39990705947481414,0.07663405649802331,0.07663405649802332,0.9793510324483776,0.08832239707334069,0.11259326249152159,0.9731285988483686,0.20196694717631553,0.00439941316273649,1992.0,1521.0,15700.0,42.0,False,0.1010838392508862,0.020924684176641284,-0.24720081194061036,0.5082219507394737,1.4322097422103606
resnet18,0.1,101,raw,1.0,chexpert,pleural_effusion,18933,5642,13291,0.2979982041937358,0.763405990108634,0.558038725835481,0.18278829432240393,0.5453084913164572,0.09474682530360726,0.09474682530360724,0.978553704360156,0.17342562636370476,0.3344641667171503,0.950123660346249,0.49853266513160865,0.03410042571231152,5521.0,2305.0,10986.0,121.0,False,0.24329855584761897,0.24870785325628242,0.5595810077605322,0.9629640725449266,0.6050553629526797
resnet18,0.1,101,raw,1.0,nih,cardiomegaly,21329,497,20832,0.023301608139153267,0.6754547059623486,0.043204038166467354,0.022669629368015667,0.10912379254397654,0.00717507222746779,0.00818807259916465,0.9436619718309859,0.26276881720430106,0.029632905793896505,0.9949109414758269,0.057461406518010294,0.00439941316273649,469.0,5474.0,15358.0,28.0,False,0.022759736702063146,0.003959067507108394,-1.3882050206635874,0.5543602296952574,0.2555628975096355
resnet18,0.1,101,raw,1.0,nih,pleural_effusion,21329,2536,18793,0.11889915139012612,0.8139335892735415,0.3626281117256651,0.08890528817496784,0.2977365469657264,0.018686210165921317,0.017876972463845304,0.916403785488959,0.5063587505986271,0.2003275579691406,0.9782072368421053,0.3287826271486171,0.03410042571231152,2324.0,9516.0,9277.0,212.0,False,0.10479318686123498,0.15161194312475268,-0.27678690363976705,0.7673757938575471,0.06067733544917207
resnet18,0.1,101,raw,1.0,vinbig,cardiomegaly,14998,1817,13181,0.12114948659821309,0.7538993832828453,0.3147351514954569,0.11394498696335369,0.46557207701358255,0.10380510258565341,0.1038051025856534,0.9631260319207485,0.19983309308853653,0.14231113279661706,0.9751943724546465,0.247980728354825,0.00439941316273649,1750.0,2634.0,10547.0,67.0,False,0.11584294874158528,0.016383921497591047,2.4557206116174473,1.07868542849784,2.1538897478970034
resnet18,0.1,101,raw,1.0,vinbig,pleural_effusion,14998,634,14364,0.04227230297372983,0.8100440814619795,0.2846693443902769,0.03808495404216261,0.15701692425727948,0.0392012622628223,0.03928970179405442,0.8785488958990536,0.4644249512670565,0.06751515151515151,0.9885892116182573,0.12539396668167493,0.03410042571231152,557.0,6671.0,7693.0,77.0,False,0.04553419164022411,0.1635965706148822,-0.7358745219345393,1.0160757911165825,-0.7630838518267865
resnet18,0.1,101,temperature,1.0,chexpert,cardiomegaly,19255,2034,17221,0.10563490002596729,0.629856260995285,0.1568811149114654,0.09692791894918373,0.3686200365137233,0.06362040828750928,0.06362040828750928,0.9793510324483776,0.08832239707334069,0.11259326249152159,0.9731285988483686,0.20196694717631553,0.008467713718342687,1992.0,1521.0,15700.0,42.0,False,0.1010838392508862,0.04111359770761802,-0.24598524551148557,0.5788915140544378,1.0280927005607758
resnet18,0.1,101,temperature,1.0,chexpert,pleural_effusion,18933,5642,13291,0.2979982041937358,0.763405990108634,0.558038725835481,0.17963215447268588,0.5332264110857267,0.07433508115356817,0.07433508115356814,0.978553704360156,0.17342562636370476,0.3344641667171503,0.950123660346249,0.49853266513160865,0.051046244152956735,5521.0,2305.0,10986.0,121.0,False,0.24329855584761897,0.2616801450100188,0.5595723007000198,1.1017086432246952,0.4485235428916231
resnet18,0.1,101,temperature,1.0,nih,cardiomegaly,21329,497,20832,0.023301608139153267,0.6754547059623486,0.043204038166467354,0.022773730650255685,0.10778417161477287,0.004231921928172554,0.008322808187996661,0.9436619718309859,0.26276881720430106,0.029632905793896505,0.9949109414758269,0.057461406518010294,0.008467713718342687,469.0,5474.0,15358.0,28.0,False,0.022759736702063146,-0.0006148554517886318,-1.3872489027549084,0.6312924311876403,-0.17549897902835795
resnet18,0.1,101,temperature,1.0,nih,pleural_effusion,21329,2536,18793,0.11889915139012612,0.8139335892735415,0.3626281117256651,0.08897543414763924,0.2952950248398303,0.014480052421975016,0.014927785872405019,0.916403785488959,0.5063587505986271,0.2003275579691406,0.9782072368421053,0.3287826271486171,0.051046244152956735,2324.0,9516.0,9277.0,212.0,False,0.10479318686123498,0.15094256780778403,-0.2767924987981236,0.8779424614119743,-0.11576195658729636
resnet18,0.1,101,temperature,1.0,vinbig,cardiomegaly,14998,1817,13181,0.12114948659821309,0.7538993832828453,0.3147351514954569,0.11113426489101676,0.42084492214795843,0.09442987494756164,0.09442987494756165,0.9631260319207485,0.19983309308853653,0.14231113279661706,0.9751943724546465,0.247980728354825,0.008467713718342687,1750.0,2634.0,10547.0,67.0,False,0.11584294874158528,0.04064713391466179,2.4564418310534837,1.228111003798745,1.6824289114932407
resnet18,0.1,101,temperature,1.0,vinbig,pleural_effusion,14998,634,14364,0.04227230297372983,0.8100440814619795,0.2846693443902769,0.04044400805544701,0.16827952866932,0.05688506531659345,0.05579262380924719,0.8785488958990536,0.4644249512670565,0.06751515151515151,0.9885892116182573,0.12539396668167493,0.051046244152956735,557.0,6671.0,7693.0,77.0,False,0.04553419164022411,0.11178816184979812,-0.7358576666084543,1.1625114403400862,-0.9844963526943042
resnet18,0.1,101,logistic,1.0,chexpert,cardiomegaly,19255,2034,17221,0.10563490002596729,0.629856260995285,0.1568811149114654,0.09916407203673817,0.38529743678219674,0.0745216352360366,0.0745216352360366,0.9793510324483776,0.08832239707334069,0.11259326249152159,0.9731285988483686,0.20196694717631553,0.015434620141236567,1992.0,1521.0,15700.0,42.0,False,0.1010838392508862,0.018991831220253053,2.0123027780792,1.2069368508206184,1.3136460473800389
resnet18,0.1,101,logistic,1.0,chexpert,pleural_effusion,18933,5642,13291,0.2979982041937358,0.763405990108634,0.558038725835481,0.1888383301839017,0.5538193306762029,0.10437265246029656,0.10437265246029656,0.978553704360156,0.17342562636370476,0.3344641667171503,0.950123660346249,0.49853266513160865,0.05571754345275979,5521.0,2305.0,10986.0,121.0,False,0.24329855584761897,0.22384113820152063,1.029781750081859,1.3038590432187243,0.6341617752643234
resnet18,0.1,101,logistic,1.0,nih,cardiomegaly,21329,497,20832,0.023301608139153267,0.6754547059623486,0.043204038166467354,0.022569355424464612,0.1064462065052197,0.0010785644046221632,0.002967901141125894,0.9436619718309859,0.26276881720430106,0.029632905793896505,0.9949109414758269,0.057461406518010294,0.015434620141236567,469.0,5474.0,15358.0,28.0,False,0.022759736702063146,0.008364827769790306,1.0758071255298025,1.3162740959959978,-0.04542224468633254
resnet18,0.1,101,logistic,1.0,nih,pleural_effusion,21329,2536,18793,0.11889915139012612,0.8139335892735415,0.3626281117256651,0.0886038931577727,0.2940058396624971,0.005243660762375652,0.0064145726732990835,0.916403785488959,0.5063587505986271,0.2003275579691406,0.9782072368421053,0.3287826271486171,0.05571754345275979,2324.0,9516.0,9277.0,212.0,False,0.10479318686123498,0.1544880367547159,0.09800896308734737,1.0390986360836851,0.03820639642533673
resnet18,0.1,101,logistic,1.0,vinbig,cardiomegaly,14998,1817,13181,0.12114948659821309,0.7538993832828453,0.3147351514954569,0.11382115802426954,0.44047882832944285,0.0964461486610616,0.09644614866106162,0.9631260319207485,0.19983309308853653,0.14231113279661706,0.9751943724546465,0.247980728354825,0.015434620141236567,1750.0,2634.0,10547.0,67.0,False,0.11584294874158528,0.017452859576510105,7.245788591878106,2.5600606841452413,1.710761040829734
resnet18,0.1,101,logistic,1.0,vinbig,pleural_effusion,14998,634,14364,0.04227230297372983,0.8100440814619795,0.2846693443902769,0.03899845030361663,0.16492280572976292,0.05227794577555011,0.04939985478306946,0.8785488958990536,0.4644249512670565,0.06751515151515151,0.9885892116182573,0.12539396668167493,0.05571754345275979,557.0,6671.0,7693.0,77.0,False,0.04553419164022411,0.14353480541057684,-0.24038565879719329,1.3755189254127689,-0.8807619951890959
resnet18,0.25,17,raw,1.0,chexpert,cardiomegaly,19255,2034,17221,0.10563490002596729,0.7070410849025712,0.22346880188266308,0.0971151305688573,0.3890014529538883,0.07828684010491818,0.07828684010491818,0.8647984267453294,0.38882759421636376,0.1431943992184956,0.960550853536078,0.24570470736136332,0.010091315485195006,1759.0,6696.0,10525.0,275.0,False,0.1010838392508862,0.03926155468015724,0.32298802141174315,0.6390143476653347,1.5400171911275267
resnet18,0.25,17,raw,1.0,chexpert,pleural_effusion,18933,5642,13291,0.2979982041937358,0.8127431544818038,0.6529553645207627,0.18368954977931212,0.5570775994040136,0.14645015896338062,0.14645015896338068,0.9540942928039702,0.36069520728312393,0.3878242074927954,0.9487433207995251,0.551480381108493,0.03803509253268274,5383.0,4794.0,8497.0,259.0,False,0.24329855584761897,0.24500353428172728,1.127305192278545,1.014447059619215,1.1030310272817088
resnet18,0.25,17,raw,1.0,nih,cardiomegaly,21329,497,20832,0.023301608139153267,0.8065111096687653,0.11607080078464477,0.021676905390585886,0.09502161683879781,0.00271483116711631,0.0040094512891872755,0.89738430583501,0.48943932411674346,0.04024544306081935,0.9950229335415244,0.07703601347266603,0.010091315485195006,446.0,10196.0,10636.0,51.0,False,0.022759736702063146,0.047576618554603156,-0.3244921537810892,0.9203037319276665,-0.08875324768207135
resnet18,0.25,17,raw,1.0,nih,pleural_effusion,21329,2536,18793,0.11889915139012612,0.8423264875118781,0.43129263817169294,0.0833940673973549,0.2797615478981311,0.014693702119261279,0.014720751001095373,0.9124605678233438,0.5606874900228809,0.21892147587511826,0.9793661120922019,0.3531207080726385,0.03803509253268274,2314.0,10537.0,8256.0,222.0,False,0.10479318686123498,0.20420334665665207,-0.24810510384756312,0.7956840559445837,0.024664086773162883
resnet18,0.25,17,raw,1.0,vinbig,cardiomegaly,14998,1817,13181,0.12114948659821309,0.8502813814033366,0.45548601117270127,0.10443783669523096,0.36907262139618846,0.0918039067157803,0.09180390671578031,0.9554210236653825,0.47204309232986874,0.19965497412305924,0.9871489766777725,0.3302891933028919,0.010091315485195006,1736.0,6222.0,6959.0,81.0,False,0.11584294874158528,0.09845322628825759,2.414830271259033,1.2312250856824285,1.6943236084306632
resnet18,0.25,17,raw,1.0,vinbig,pleural_effusion,14998,634,14364,0.04227230297372983,0.8681200130540161,0.46174625802372504,0.034819437004984306,0.147557842057825,0.05466874779873783,0.05165359362364525,0.9384858044164038,0.4217488164856586,0.06684642175036513,0.9936034115138592,0.12480335605663345,0.03803509253268274,595.0,6058.0,8306.0,39.0,False,0.04553419164022411,0.23531228400625825,-0.40027097799193995,1.4306096212474022,-0.981150111483542
resnet18,0.25,17,temperature,1.0,chexpert,cardiomegaly,19255,2034,17221,0.10563490002596729,0.7070410849025712,0.22346880188266308,0.09735502232998898,0.39295573854754856,0.07937174511458882,0.07937174511458882,0.8647984267453294,0.38882759421636376,0.1431943992184956,0.960550853536078,0.24570470736136332,0.009464362903767275,1759.0,6696.0,10525.0,275.0,False,0.1010838392508862,0.036888358698391244,0.3230089202253743,0.630117089499972,1.585973766201411
resnet18,0.25,17,temperature,1.0,chexpert,pleural_effusion,18933,5642,13291,0.2979982041937358,0.8127431544818038,0.6529553645207627,0.17824546352008816,0.5327913602958043,0.12775199496401143,0.12775199496401146,0.9540942928039702,0.36069520728312393,0.3878242074927954,0.9487433207995251,0.551480381108493,0.055647300982193906,5383.0,4794.0,8497.0,259.0,False,0.24329855584761897,0.26737968953779734,1.1274063351835735,1.157436229190691,0.8927761793403535
resnet18,0.25,17,temperature,1.0,nih,cardiomegaly,21329,497,20832,0.023301608139153267,0.8065111096687653,0.11607080078464477,0.021667252298345423,0.09498984737668657,0.001825815836769133,0.003472766852461099,0.89738430583501,0.48943932411674346,0.04024544306081935,0.9950229335415244,0.07703601347266603,0.009464362903767275,446.0,10196.0,10636.0,51.0,False,0.022759736702063146,0.04800074877925509,-0.32456615807057787,0.9074537239401698,-0.04761734602971436
resnet18,0.25,17,temperature,1.0,nih,pleural_effusion,21329,2536,18793,0.11889915139012612,0.8423264875118781,0.43129263817169294,0.08345243197397517,0.2778042352610414,0.014526657704089705,0.015393507547466849,0.9124605678233438,0.5606874900228809,0.21892147587511826,0.9793661120922019,0.3531207080726385,0.055647300982193906,2314.0,10537.0,8256.0,222.0,False,0.10479318686123498,0.20364639654979488,-0.2480572522482337,0.9078149184662709,-0.13550068028321513
resnet18,0.25,17,temperature,1.0,vinbig,cardiomegaly,14998,1817,13181,0.12114948659821309,0.8502813814033366,0.45548601117270127,0.10482450608309286,0.3727275147847481,0.09285994837780118,0.09285994837780118,0.9554210236653825,0.47204309232986874,0.19965497412305924,0.9871489766777725,0.3302891933028919,0.009464362903767275,1736.0,6222.0,6959.0,81.0,False,0.11584294874158528,0.09511535037899999,2.4148301384518853,1.2140760854458184,1.7391872003457642
resnet18,0.25,17,temperature,1.0,vinbig,pleural_effusion,14998,634,14364,0.04227230297372983,0.8681200130540161,0.46174625802372504,0.03789407700878461,0.1629919227759125,0.07310241921117937,0.0696589769236739,0.9384858044164038,0.4217488164856586,0.06684642175036513,0.9936034115138592,0.12480335605663345,0.055647300982193906,595.0,6058.0,8306.0,39.0,False,0.04553419164022411,0.16778852014779932,-0.40047664205192846,1.6321221863287263,-1.1739693317958213
resnet18,0.25,17,logistic,1.0,chexpert,cardiomegaly,19255,2034,17221,0.10563490002596729,0.7070410849025712,0.22346880188266308,0.09785778211120076,0.39063220612220134,0.0801427553208623,0.08014275532086232,0.8647984267453294,0.38882759421636376,0.1431943992184956,0.960550853536078,0.24570470736136332,0.011293661230777205,1759.0,6696.0,10525.0,275.0,False,0.1010838392508862,0.03191466770151541,0.667869697618439,0.7324258706346833,1.590619666259354
resnet18,0.25,17,logistic,1.0,chexpert,pleural_effusion,18933,5642,13291,0.2979982041937358,0.8127431544818038,0.6529553645207627,0.18768015081919806,0.5547637753726101,0.1452886272032145,0.1452886272032145,0.9540942928039702,0.36069520728312393,0.3878242074927954,0.9487433207995251,0.551480381108493,0.05783859192545272,5383.0,4794.0,8497.0,259.0,False,0.24329855584761897,0.22860145977707913,1.5228797429024659,1.3161228404010596,1.0088106034110396
resnet18,0.25,17,logistic,1.0,nih,cardiomegaly,21329,497,20832,0.023301608139153267,0.8065111096687653,0.11607080078464477,0.021691264956786013,0.09488343046007672,0.0019868826617096104,0.0033577890849634984,0.89738430583501,0.48943932411674346,0.04024544306081935,0.9950229335415244,0.07703601347266603,0.011293661230777205,446.0,10196.0,10636.0,51.0,False,0.022759736702063146,0.04694569885688871,0.1720591906816229,1.054835934409761,0.0013832185302744447
resnet18,0.25,17,logistic,1.0,nih,pleural_effusion,21329,2536,18793,0.11889915139012612,0.8423264875118781,0.43129263817169294,0.08311103237899656,0.27657156721986575,0.007684880685791837,0.007886039180930908,0.9124605678233438,0.5606874900228809,0.21892147587511826,0.9793661120922019,0.3531207080726385,0.05783859192545272,2314.0,10537.0,8256.0,222.0,False,0.10479318686123498,0.20690423806797187,0.06235610739045163,1.0323825563743083,0.01635007906586203
resnet18,0.25,17,logistic,1.0,vinbig,cardiomegaly,14998,1817,13181,0.12114948659821309,0.8502813814033366,0.45548601117270127,0.10668817309765828,0.3798706882560138,0.09443154144052043,0.09445432390554988,0.9554210236653825,0.47204309232986874,0.19965497412305924,0.9871489766777725,0.3302891933028919,0.011293661230777205,1736.0,6222.0,6959.0,81.0,False,0.11584294874158528,0.07902747420862755,3.0774395179951135,1.4107272078250441,1.754040127036502
resnet18,0.25,17,logistic,1.0,vinbig,pleural_effusion,14998,634,14364,0.04227230297372983,0.8681200130540161,0.46174625802372504,0.03630621709856201,0.15883632005908593,0.06817695143051286,0.061651690770787276,0.9384858044164038,0.4217488164856586,0.06684642175036513,0.9936034115138592,0.12480335605663345,0.05783859192545272,595.0,6058.0,8306.0,39.0,False,0.04553419164022411,0.20266033521742088,0.15779995779776904,1.8561441307900357,-1.050656119479989
resnet18,0.25,43,raw,1.0,chexpert,cardiomegaly,19255,2034,17221,0.10563490002596729,0.6989781804098343,0.22251116244502123,0.09785594640471444,0.4185744329386774,0.08258092566042353,0.08258092566042353,0.9021632251720747,0.29411764705882354,0.13115574297762847,0.9621960486322189,0.22901716068642747,0.0037948342200439236,1835.0,5065.0,12156.0,199.0,False,0.1010838392508862,0.03193282793860097,-0.007089057545767988,0.5017572174531135,1.7817365484433527
resnet18,0.25,43,raw,1.0,chexpert,pleural_effusion,18933,5642,13291,0.2979982041937358,0.8107799557106753,0.6520828162150192,0.17509294998902133,0.5392341598206684,0.12615128277994028,0.12615128277994025,0.9657922722438852,0.2935821232412911,0.3672327806982073,0.9528693528693528,0.53212890625,0.02561391456997798,5449.0,3902.0,9389.0,193.0,False,0.24329855584761897,0.2803370764819323,0.7983354058398195,0.9038307120987819,0.9414391503870275
resnet18,0.25,43,raw,1.0,nih,cardiomegaly,21329,497,20832,0.023301608139153267,0.8156197167644886,0.14210047975466436,0.021333455748222173,0.09469403433469996,0.006107463813413714,0.005826875810718716,0.9175050301810865,0.4559331797235023,0.03867684478371501,0.995701855540413,0.0742247904289086,0.0037948342200439236,456.0,9498.0,11334.0,41.0,False,0.022759736702063146,0.06266684771057496,-0.41735771227826224,0.7760509052434216,0.29441297513377873
resnet18,0.25,43,raw,1.0,nih,pleural_effusion,21329,2536,18793,0.11889915139012612,0.8372189578776312,0.4257134438618476,0.08437572725319722,0.2872858778100475,0.02259214446637652,0.022310278069520018,0.9211356466876972,0.536742404086628,0.21155587755841332,0.9805579858073297,0.34408602150537637,0.02561391456997798,2336.0,10087.0,8706.0,200.0,False,0.10479318686123498,0.19483575430408606,-0.1977416642569328,0.7304241358403937,0.21536418820202385
resnet18,0.25,43,raw,1.0,vinbig,cardiomegaly,14998,1817,13181,0.12114948659821309,0.8031707636744857,0.3716921025697443,0.1044536828803198,0.3810850525498589,0.08721783179960993,0.08721783179960992,0.9790864061640066,0.27167893179576663,0.1563406274716583,0.9894998618402874,0.2696271597453774,0.0037948342200439236,1779.0,3581.0,9600.0,38.0,False,0.11584294874158528,0.09831643604542473,1.1957189911745956,0.8812041620624755,1.5549985545147627
resnet18,0.25,43,raw,1.0,vinbig,pleural_effusion,14998,634,14364,0.04227230297372983,0.8517715270475523,0.4466292396528507,0.037585789219786045,0.1575429239520844,0.06228695850585437,0.060397275940662076,0.9526813880126183,0.32247284878863824,0.05843653250773994,0.9935649935649936,0.11011850501367365,0.02561391456997798,604.0,4632.0,9732.0,30.0,False,0.04553419164022411,0.17455898818277438,-0.772359697122463,1.27093701513458,-1.1035102069418525
resnet18,0.25,43,temperature,1.0,chexpert,cardiomegaly,19255,2034,17221,0.10563490002596729,0.6989781804098343,0.22251116244502123,0.09578987140497179,0.38080806909642767,0.07284087024087113,0.07284087024087113,0.9021632251720747,0.29411764705882354,0.13115574297762847,0.9621960486322189,0.22901716068642747,0.007454132986544771,1835.0,5065.0,12156.0,199.0,False,0.1010838392508862,0.05237204962877384,-0.0070686969170253395,0.5713897994046395,1.3636522092440422
resnet18,0.25,43,temperature,1.0,chexpert,pleural_effusion,18933,5642,13291,0.2979982041937358,0.8107799557106753,0.6520828162150192,0.16804454372553243,0.5064811575907585,0.0917841399718528,0.0917841399718528,0.9657922722438852,0.2935821232412911,0.3672327806982073,0.9528693528693528,0.53212890625,0.05630160987152526,5449.0,3902.0,9389.0,193.0,False,0.24329855584761897,0.309307270073642,0.79644341853141,1.164973893411135,0.6001991840460256
resnet18,0.25,43,temperature,1.0,nih,cardiomegaly,21329,497,20832,0.023301608139153267,0.8156197167644886,0.14210047975466436,0.021341569429462266,0.09313146311871376,0.002096643978213249,0.0052762519618379375,0.9175050301810865,0.4559331797235023,0.03867684478371501,0.995701855540413,0.0742247904289086,0.007454132986544771,456.0,9498.0,11334.0,41.0,False,0.022759736702063146,0.06231035495557058,-0.41754371548015556,0.8836611928614916,-0.08375148810747957
resnet18,0.25,43,temperature,1.0,nih,pleural_effusion,21329,2536,18793,0.11889915139012612,0.8372189578776312,0.4257134438618476,0.08394733316411189,0.28010484075904124,0.011407331649371914,0.013199377696931223,0.9211356466876972,0.536742404086628,0.21155587755841332,0.9805579858073297,0.34408602150537637,0.05630160987152526,2336.0,10087.0,8706.0,200.0,False,0.10479318686123498,0.19892374992590645,-0.19777421709755508,0.9427478257377282,-0.1246470657698831
resnet18,0.25,43,temperature,1.0,vinbig,cardiomegaly,14998,1817,13181,0.12114948659821309,0.8031707636744857,0.3716921025697443,0.10128584451316236,0.35165807912777386,0.07555225250363452,0.07555225250363454,0.9790864061640066,0.27167893179576663,0.1563406274716583,0.9894998618402874,0.2696271597453774,0.007454132986544771,1779.0,3581.0,9600.0,38.0,False,0.11584294874158528,0.12566241093271835,1.1964168262294474,1.003717389324002,1.1863199539941574
resnet18,0.25,43,temperature,1.0,vinbig,pleural_effusion,14998,634,14364,0.04227230297372983,0.8517715270475523,0.4466292396528507,0.04491846566472023,0.19005490696830551,0.09951866858212967,0.09586785542100079,0.9526813880126183,0.32247284878863824,0.05843653250773994,0.9935649935649936,0.11011850501367365,0.05630160987152526,604.0,4632.0,9732.0,30.0,False,0.04553419164022411,0.013522277508929426,-0.7727476082146458,1.6400287542517886,-1.4285633034265361
resnet18,0.25,43,logistic,1.0,chexpert,cardiomegaly,19255,2034,17221,0.10563490002596729,0.6989781804098343,0.22251116244502123,0.09666299029356595,0.37984275875358897,0.07519858762713494,0.07519858762713495,0.9021632251720747,0.29411764705882354,0.13115574297762847,0.9621960486322189,0.22901716068642747,0.009462670241045305,1835.0,5065.0,12156.0,199.0,False,0.1010838392508862,0.043734478133026444,0.3625679211415652,0.6804282920963444,1.4102372549553213
resnet18,0.25,43,logistic,1.0,chexpert,pleural_effusion,18933,5642,13291,0.2979982041937358,0.8107799557106753,0.6520828162150192,0.17734140921914715,0.5268811147235628,0.11483805015850009,0.11483805015850011,0.9657922722438852,0.2935821232412911,0.3672327806982073,0.9528693528693528,0.53212890625,0.058714390709437,5449.0,3902.0,9389.0,193.0,False,0.24329855584761897,0.271095512255246,1.1905323235330334,1.3252109944594443,0.7484643455375489
resnet18,0.25,43,logistic,1.0,nih,cardiomegaly,21329,497,20832,0.023301608139153267,0.8156197167644886,0.14210047975466436,0.021351561410916726,0.09286475357487163,0.0022385070186360066,0.0043525104009357945,0.9175050301810865,0.4559331797235023,0.03867684478371501,0.995701855540413,0.0742247904289086,0.009462670241045305,456.0,9498.0,11334.0,41.0,False,0.022759736702063146,0.061871334874395556,0.156290485152797,1.0529961567023474,-0.004882127573808552
resnet18,0.25,43,logistic,1.0,nih,pleural_effusion,21329,2536,18793,0.11889915139012612,0.8372189578776312,0.4257134438618476,0.08381948223070991,0.2795275518091838,0.007505684899119439,0.007953265058480055,0.9211356466876972,0.536742404086628,0.21155587755841332,0.9805579858073297,0.34408602150537637,0.058714390709437,2336.0,10087.0,8706.0,200.0,False,0.10479318686123498,0.20014378089577545,0.12229659501374499,1.073248128302903,0.0152090754861112
resnet18,0.25,43,logistic,1.0,vinbig,cardiomegaly,14998,1817,13181,0.12114948659821309,0.8031707636744857,0.3716921025697443,0.10411936949247719,0.362410604906464,0.0809465432054215,0.0809465432054215,0.9790864061640066,0.27167893179576663,0.1563406274716583,0.9894998618402874,0.2696271597453774,0.009462670241045305,1779.0,3581.0,9600.0,38.0,False,0.11584294874158528,0.10120235522716425,1.8448832791076621,1.1949841156828827,1.2898273267154143
resnet18,0.25,43,logistic,1.0,vinbig,pleural_effusion,14998,634,14364,0.04227230297372983,0.8517715270475523,0.4466292396528507,0.04147573119408498,0.1811754149843024,0.08994060562788816,0.08434086572888419,0.9526813880126183,0.32247284878863824,0.05843653250773994,0.9935649935649936,0.11011850501367365,0.058714390709437,604.0,4632.0,9732.0,30.0,False,0.04553419164022411,0.08912995487448072,-0.21558689854019436,1.8674229819984363,-1.283619309909946
resnet18,0.25,101,raw,1.0,chexpert,cardiomegaly,19255,2034,17221,0.10563490002596729,0.7031597075373376,0.226937784457856,0.09738122869979278,0.3868891959327427,0.07841219036688438,0.07841219036688436,0.8780727630285152,0.3384820858254457,0.13552891182273485,0.9591903899950633,0.23481462003681305,0.009974920824078677,1786.0,5829.0,11392.0,248.0,False,0.1010838392508862,0.03662910489483562,0.5304112076427702,0.7065935262187859,1.5237308516694141
resnet18,0.25,101,raw,1.0,chexpert,pleural_effusion,18933,5642,13291,0.2979982041937358,0.8061188188663486,0.6456114133739845,0.18390823113126667,0.5597500248306592,0.14389357251784093,0.1438935725178409,0.9484225451967387,0.3328568204047852,0.3763539175692784,0.9382820784729586,0.538872104733132,0.03554439752641486,5351.0,4424.0,8867.0,291.0,False,0.24329855584761897,0.24410471533398348,1.0592277326313564,0.9923499156309212,1.0718991962802107
resnet18,0.25,101,raw,1.0,nih,cardiomegaly,21329,497,20832,0.023301608139153267,0.7809961728898738,0.0980552073324527,0.0219545736692075,0.09784100166159491,0.002881284394076646,0.003372071999462342,0.9014084507042254,0.45026881720430106,0.03764705882352941,0.9948032665181886,0.0722755505364201,0.009974920824078677,448.0,9380.0,11452.0,49.0,False,0.022759736702063146,0.03537664092496551,0.20647537191971393,1.0206190295329962,0.13749033085642376
resnet18,0.25,101,raw,1.0,nih,pleural_effusion,21329,2536,18793,0.11889915139012612,0.8403569244605977,0.42757737713703964,0.08375529767715859,0.2800452123912206,0.01561318866571773,0.014708039759686882,0.917192429022082,0.5493534826797212,0.21547012505789717,0.9800645528764003,0.34896106818693273,0.03554439752641486,2326.0,10324.0,8469.0,210.0,False,0.10479318686123498,0.20075626874421082,-0.1271782891649376,0.8349022622943093,0.11316690612960695
resnet18,0.25,101,raw,1.0,vinbig,cardiomegaly,14998,1817,13181,0.12114948659821309,0.8080026256502277,0.3967567670726224,0.10709921405509616,0.3817274272773335,0.08890635174182175,0.08890635174182178,0.9752339020363237,0.2720582656854563,0.15588985660244567,0.98760671991187,0.2688106796116505,0.009974920824078677,1772.0,3586.0,9595.0,45.0,False,0.11584294874158528,0.07547921372403998,2.7862232754446405,1.411783419052759,1.5073972216200635
resnet18,0.25,101,raw,1.0,vinbig,pleural_effusion,14998,634,14364,0.04227230297372983,0.8631377888288896,0.47120460965603406,0.03246195012657841,0.13792981785293235,0.041240547064409466,0.03475698002774544,0.9242902208201893,0.4520328599275968,0.0692917110086319,0.9926616725271366,0.12891871081289188,0.03554439752641486,586.0,6493.0,7871.0,48.0,False,0.04553419164022411,0.2870862761094437,0.07661494078320566,1.4840890118310301,-0.7165905572525003
resnet18,0.25,101,temperature,1.0,chexpert,cardiomegaly,19255,2034,17221,0.10563490002596729,0.7031597075373376,0.226937784457856,0.09668622633960788,0.3765523446316643,0.07509756145032828,0.07509756145032827,0.8780727630285152,0.3384820858254457,0.13552891182273485,0.9591903899950633,0.23481462003681305,0.011883471564639933,1786.0,5829.0,11392.0,248.0,False,0.1010838392508862,0.04350460908359055,0.5303582988570967,0.7348774067870223,1.3961093794744415
resnet18,0.25,101,temperature,1.0,chexpert,pleural_effusion,18933,5642,13291,0.2979982041937358,0.8061188188663486,0.6456114133739845,0.17797543990231804,0.5329135839962471,0.12205495219726993,0.1220549521972699,0.9484225451967387,0.3328568204047852,0.3763539175692784,0.9382820784729586,0.538872104733132,0.05541153535423669,5351.0,4424.0,8867.0,291.0,False,0.24329855584761897,0.26848953425853317,1.0592038670727286,1.154982435681802,0.8352746424513836
resnet18,0.25,101,temperature,1.0,nih,cardiomegaly,21329,497,20832,0.023301608139153267,0.7809961728898738,0.0980552073324527,0.021936486654048994,0.09767102145571908,0.000844685027844843,0.0018837437474608606,0.9014084507042254,0.45026881720430106,0.03764705882352941,0.9948032665181886,0.0722755505364201,0.011883471564639933,448.0,9380.0,11452.0,49.0,False,0.022759736702063146,0.0361713344398894,0.20704042411497747,1.0616193817279371,0.00784391125113577
resnet18,0.25,101,temperature,1.0,nih,pleural_effusion,21329,2536,18793,0.11889915139012612,0.8403569244605977,0.42757737713703964,0.08365960319672143,0.27792689787727193,0.008986375706229876,0.009893570484732665,0.917192429022082,0.5493534826797212,0.21547012505789717,0.9800645528764003,0.34896106818693273,0.05541153535423669,2326.0,10324.0,8469.0,210.0,False,0.10479318686123498,0.2016694433818318,-0.1271306823828439,0.9717614974389719,-0.09022134603770537
resnet18,0.25,101,temperature,1.0,vinbig,cardiomegaly,14998,1817,13181,0.12114948659821309,0.8080026256502277,0.3967567670726224,0.1060528997677909,0.37224225423153284,0.08518633553444782,0.08518633553444781,0.9752339020363237,0.2720582656854563,0.15588985660244567,0.98760671991187,0.2688106796116505,0.011883471564639933,1772.0,3586.0,9595.0,45.0,False,0.11584294874158528,0.08451139305538025,2.7862650971195593,1.4683314623745407,1.3844253584942048
resnet18,0.25,101,temperature,1.0,vinbig,pleural_effusion,14998,634,14364,0.04227230297372983,0.8631377888288896,0.47120460965603406,0.03520053133627589,0.15355687668760518,0.06223997961414958,0.05516162798397614,0.9242902208201893,0.4520328599275968,0.0692917110086319,0.9926616725271366,0.12891871081289188,0.05541153535423669,586.0,6493.0,7871.0,48.0,False,0.04553419164022411,0.22694287373314537,0.07662276083296544,1.727331258076704,-0.9806211482320863
resnet18,0.25,101,logistic,1.0,chexpert,cardiomegaly,19255,2034,17221,0.10563490002596729,0.7031597075373376,0.226937784457856,0.09620487549090373,0.376193600008112,0.07394140520714891,0.07394140520714891,0.8780727630285152,0.3384820858254457,0.13552891182273485,0.9591903899950633,0.23481462003681305,0.010776624342347536,1786.0,5829.0,11392.0,248.0,False,0.1010838392508862,0.04826650625994788,0.3022333302718518,0.6683194431882711,1.3708209435009426
resnet18,0.25,101,logistic,1.0,chexpert,pleural_effusion,18933,5642,13291,0.2979982041937358,0.8061188188663486,0.6456114133739845,0.18603876159382352,0.5513524249887579,0.13798109089144514,0.13798109089144514,0.9484225451967387,0.3328568204047852,0.3763539175692784,0.9382820784729586,0.538872104733132,0.057347044342059186,5351.0,4424.0,8867.0,291.0,False,0.24329855584761897,0.23534785915317147,1.3935678429976321,1.2894198855957577,0.9400415671286683
resnet18,0.25,101,logistic,1.0,nih,cardiomegaly,21329,497,20832,0.023301608139153267,0.7809961728898738,0.0980552073324527,0.02191811535428382,0.09765155455616667,0.0015333441957074406,0.0019449229294649841,0.9014084507042254,0.45026881720430106,0.03764705882352941,0.9948032665181886,0.0722755505364201,0.010776624342347536,448.0,9380.0,11452.0,49.0,False,0.022759736702063146,0.036978518635632285,-0.1242230751242627,0.9649943308589174,-0.013152227609881445
resnet18,0.25,101,logistic,1.0,nih,pleural_effusion,21329,2536,18793,0.11889915139012612,0.8403569244605977,0.42757737713703964,0.083680912618812,0.27793267214719297,0.009510302803209171,0.00985290198684301,0.917192429022082,0.5493534826797212,0.21547012505789717,0.9800645528764003,0.34896106818693273,0.057347044342059186,2326.0,10324.0,8469.0,210.0,False,0.10479318686123498,0.20146609598178777,0.1542266941614263,1.0848891187572405,0.02966192768147471
resnet18,0.25,101,logistic,1.0,vinbig,cardiomegaly,14998,1817,13181,0.12114948659821309,0.8080026256502277,0.3967567670726224,0.10479188623806616,0.36631427843565384,0.08340070054785763,0.08340070054785764,0.9752339020363237,0.2720582656854563,0.15588985660244567,0.98760671991187,0.2688106796116505,0.010776624342347536,1772.0,3586.0,9595.0,45.0,False,0.11584294874158528,0.0953969371771698,2.33035793933491,1.3353207139290195,1.3477078422895075
resnet18,0.25,101,logistic,1.0,vinbig,pleural_effusion,14998,634,14364,0.04227230297372983,0.8631377888288896,0.47120460965603406,0.03480799813364303,0.1523580449473138,0.06062499900188038,0.053643695502802576,0.9242902208201893,0.4520328599275968,0.0692917110086319,0.9926616725271366,0.12891871081289188,0.057347044342059186,586.0,6493.0,7871.0,48.0,False,0.04553419164022411,0.23556349899282614,0.576602568750276,1.9283823733586303,-0.8994499488599903
resnet18,0.5,17,raw,1.0,chexpert,cardiomegaly,19255,2034,17221,0.10563490002596729,0.7417687278634733,0.27393762387297055,0.09694064501781031,0.42432795459404965,0.08566442301278096,0.08566442301278096,0.6981317600786627,0.655885256373033,0.19330247753879662,0.9484423545217903,0.302771855010661,0.011508149064303402,1420.0,11295.0,5926.0,614.0,False,0.1010838392508862,0.04098770153350262,0.28684495086953304,0.5311581771038294,2.022242041109234
resnet18,0.5,17,raw,1.0,chexpert,pleural_effusion,18933,5642,13291,0.2979982041937358,0.8373138907808257,0.6851632966660746,0.17135337628456518,0.5163131463001109,0.13237243874230817,0.13237243874230817,0.9335342077277561,0.47092017154465426,0.42824619887795756,0.9434730177871571,0.5871467588205785,0.05802474899879611,5267.0,6259.0,7032.0,375.0,False,0.24329855584761897,0.2957073843385819,1.1599164079628483,1.1098675223634507,0.9909434385793389
resnet18,0.5,17,raw,1.0,nih,cardiomegaly,21329,497,20832,0.023301608139153267,0.8486281069674576,0.15542141445280355,0.02130642259506301,0.08998714172581557,0.0051633003331418865,0.007071996503507969,0.9134808853118712,0.5865975422427036,0.050077211559673505,0.996493517083911,0.09494928369758444,0.011508149064303402,454.0,12220.0,8612.0,43.0,False,0.022759736702063146,0.06385460983247637,-0.5743890821245036,0.8615906924888851,-0.21942511459161992
resnet18,0.5,17,raw,1.0,nih,pleural_effusion,21329,2536,18793,0.11889915139012612,0.8604603788980426,0.4614189061330878,0.08050622952579685,0.266143104573863,0.010877408113053095,0.013243656853958872,0.9175867507886435,0.6023519395519609,0.23744897959183672,0.9818718015439327,0.3772697795071336,0.05802474899879611,2327.0,11320.0,7473.0,209.0,False,0.10479318686123498,0.2317608430746403,-0.22727023035494007,0.9165770622506487,-0.13103374557048314
resnet18,0.5,17,raw,1.0,vinbig,cardiomegaly,14998,1817,13181,0.12114948659821309,0.8233369423984933,0.37474147924989615,0.10512073201837954,0.39103956100439535,0.09159295666694248,0.0916054319456938,0.8833241607044579,0.5983612775965405,0.23264241194375995,0.9738239288801086,0.3682882055988986,0.011508149064303402,1605.0,7887.0,5294.0,212.0,False,0.11584294874158528,0.09255821644461193,1.1865405034363117,0.8086961803137386,1.7942186895245251
resnet18,0.5,17,raw,1.0,vinbig,pleural_effusion,14998,634,14364,0.04227230297372983,0.8726359361424942,0.4815000123269368,0.03565351857433085,0.15316174920045195,0.06416356297042003,0.06052707772259066,0.9227129337539433,0.49575327206906156,0.07473173224322943,0.993165969316597,0.13826518553533443,0.05802474899879611,585.0,7121.0,7243.0,49.0,False,0.04553419164022411,0.21699458604563981,-0.4420923092901302,1.5170414035505582,-1.09120690030669
resnet18,0.5,17,temperature,1.0,chexpert,cardiomegaly,19255,2034,17221,0.10563490002596729,0.7417687278634733,0.27393762387297055,0.09752897727897401,0.43796025035777786,0.08765106684476108,0.08765106684476105,0.6981317600786627,0.655885256373033,0.19330247753879662,0.9484423545217903,0.302771855010661,0.00969100830350943,1420.0,11295.0,5926.0,614.0,False,0.1010838392508862,0.03516746097355039,0.2867664456221842,0.5112040178074266,2.1575699194480893
resnet18,0.5,17,temperature,1.0,chexpert,pleural_effusion,18933,5642,13291,0.2979982041937358,0.8373138907808257,0.6851632966660746,0.17068883231312862,0.5134049341755329,0.1299758521821802,0.12997585218218013,0.9335342077277561,0.47092017154465426,0.42824619887795756,0.9434730177871571,0.5871467588205785,0.06085242870438674,5267.0,6259.0,7032.0,375.0,False,0.24329855584761897,0.29843877733481805,1.1598719510845301,1.1303707158107978,0.9626645340327485
resnet18,0.5,17,temperature,1.0,nih,cardiomegaly,21329,497,20832,0.023301608139153267,0.8486281069674576,0.15542141445280355,0.021242782382312926,0.08983373120797127,0.0047819868820136585,0.00624913110474989,0.9134808853118712,0.5865975422427036,0.050077211559673505,0.996493517083911,0.09494928369758444,0.00969100830350943,454.0,12220.0,8612.0,43.0,False,0.022759736702063146,0.06665078509509781,-0.5744359857596398,0.8292311561429658,-0.12364013056210695
resnet18,0.5,17,temperature,1.0,nih,pleural_effusion,21329,2536,18793,0.11889915139012612,0.8604603788980426,0.4614189061330878,0.08054380170481926,0.26620428377804356,0.01226111899823942,0.014445121970302914,0.9175867507886435,0.6023519395519609,0.23744897959183672,0.9818718015439327,0.3772697795071336,0.06085242870438674,2327.0,11320.0,7473.0,209.0,False,0.10479318686123498,0.23140230660726324,-0.22726869695803067,0.9335237035039476,-0.1514832271748754
resnet18,0.5,17,temperature,1.0,vinbig,cardiomegaly,14998,1817,13181,0.12114948659821309,0.8233369423984933,0.37474147924989615,0.10600343060119106,0.40238643295362647,0.09406799653655513,0.09407677580091353,0.8833241607044579,0.5983612775965405,0.23264241194375995,0.9738239288801086,0.3682882055988986,0.00969100830350943,1605.0,7887.0,5294.0,212.0,False,0.11584294874158528,0.08493842954864306,1.1865340907233077,0.7783341569347928,1.9148148222601404
resnet18,0.5,17,temperature,1.0,vinbig,pleural_effusion,14998,634,14364,0.04227230297372983,0.8726359361424942,0.4815000123269368,0.03608981627102369,0.15533129532339793,0.06672772533751307,0.06301576022439435,0.9227129337539433,0.49575327206906156,0.07473173224322943,0.993165969316597,0.13826518553533443,0.06085242870438674,585.0,7121.0,7243.0,49.0,False,0.04553419164022411,0.2074128260324143,-0.4421159147624802,1.545065350604985,-1.1172675514545263
resnet18,0.5,17,logistic,1.0,chexpert,cardiomegaly,19255,2034,17221,0.10563490002596729,0.7417687278634733,0.27393762387297055,0.0981725956963427,0.4259449341954071,0.08811918798669763,0.08811918798669764,0.6981317600786627,0.655885256373033,0.19330247753879662,0.9484423545217903,0.302771855010661,0.011948996198276622,1420.0,11295.0,5926.0,614.0,False,0.1010838392508862,0.028800286733450142,0.6057526166241528,0.6079661033986891,2.1008045600511855
resnet18,0.5,17,logistic,1.0,chexpert,pleural_effusion,18933,5642,13291,0.2979982041937358,0.8373138907808257,0.6851632966660746,0.1787743900739617,0.5318441155414216,0.14459780822669138,0.14459780822669138,0.9335342077277561,0.47092017154465426,0.42824619887795756,0.9434730177871571,0.5871467588205785,0.061720837348454426,5267.0,6259.0,7032.0,375.0,False,0.24329855584761897,0.2652057080604687,1.4619162141470552,1.2476233414737279,1.0591728008717087
resnet18,0.5,17,logistic,1.0,nih,cardiomegaly,21329,497,20832,0.023301608139153267,0.8486281069674576,0.15542141445280355,0.021106410160742845,0.08912230202376034,0.0013961847422218978,0.0025315686087814984,0.9134808853118712,0.5865975422427036,0.050077211559673505,0.996493517083911,0.09494928369758444,0.011948996198276622,454.0,12220.0,8612.0,43.0,False,0.022759736702063146,0.07264260404077649,-0.05698241936990539,0.9862132646288526,-0.01782318502478746
resnet18,0.5,17,logistic,1.0,nih,pleural_effusion,21329,2536,18793,0.11889915139012612,0.8604603788980426,0.4614189061330878,0.08015123791186675,0.2650626811247223,0.0053743793583270714,0.005454290587062132,0.9175867507886435,0.6023519395519609,0.23744897959183672,0.9818718015439327,0.3772697795071336,0.061720837348454426,2327.0,11320.0,7473.0,209.0,False,0.10479318686123498,0.23514838786226244,0.02224557171390834,1.0303993300223504,-0.017625638770907563
resnet18,0.5,17,logistic,1.0,vinbig,cardiomegaly,14998,1817,13181,0.12114948659821309,0.8233369423984933,0.37474147924989615,0.10772787421406274,0.4036018430330697,0.09628413721713104,0.09630726515197152,0.8833241607044579,0.5983612775965405,0.23264241194375995,0.9738239288801086,0.3682882055988986,0.011948996198276622,1605.0,7887.0,5294.0,212.0,False,0.11584294874158528,0.07005238226130717,1.6723078811669967,0.9256936662718788,1.9208299495386527
resnet18,0.5,17,logistic,1.0,vinbig,pleural_effusion,14998,634,14364,0.04227230297372983,0.8726359361424942,0.4815000123269368,0.034866083595697164,0.15204029249711615,0.06246948391113993,0.05669348894279259,0.9227129337539433,0.49575327206906156,0.07473173224322943,0.993165969316597,0.13826518553533443,0.061720837348454426,585.0,7121.0,7243.0,49.0,False,0.04553419164022411,0.23428785403325192,-0.02910776449120675,1.7054132551406065,-1.0121270584856175
resnet18,0.5,43,raw,1.0,chexpert,cardiomegaly,19255,2034,17221,0.10563490002596729,0.7245689203064768,0.2684141515970728,0.09207785065352839,0.36548445603550156,0.06574241158127116,0.06574241158127116,0.911504424778761,0.28099413506765,0.13023321157628548,0.9641362821279139,0.2279041180086048,0.005240449620258945,1854.0,4839.0,12382.0,180.0,False,0.1010838392508862,0.08909424754836714,-0.10274865015226885,0.5526353809103265,1.225412150642738
resnet18,0.5,43,raw,1.0,chexpert,pleural_effusion,18933,5642,13291,0.2979982041937358,0.8316077042482979,0.6850445203545323,0.17803586657744178,0.5337768749556195,0.14249392492875598,0.142493924928756,0.9395604395604396,0.43367692423444437,0.41323666978484563,0.9441441441441442,0.5740119112073633,0.05480259515596156,5301.0,5764.0,7527.0,341.0,False,0.24329855584761897,0.2682411699601376,1.3527365605273731,1.1837705607923226,1.0528771291728185
resnet18,0.5,43,raw,1.0,nih,cardiomegaly,21329,497,20832,0.023301608139153267,0.84720486899894,0.16928883509468265,0.021367228231266657,0.09034423594925373,0.006513428561945997,0.007411737930891948,0.9416498993963782,0.4813268049155146,0.041515124634081434,0.9971161495624503,0.07952421410365336,0.005240449620258945,468.0,10027.0,10805.0,29.0,False,0.022759736702063146,0.061182978038153646,-0.7353429178232638,0.7784376348433101,-0.16873952711278853
resnet18,0.5,43,raw,1.0,nih,pleural_effusion,21329,2536,18793,0.11889915139012612,0.8595926213213491,0.47119970168341835,0.07973662518557884,0.264847053077593,0.006851178191710296,0.007367198299419091,0.9116719242902208,0.5997445857500133,0.23510270490136262,0.9805132666376686,0.37380759902991106,0.05480259515596156,2312.0,11271.0,7522.0,224.0,False,0.10479318686123498,0.23910487338108666,-0.07996742524696947,0.9510515500061826,-0.01536300571276533
resnet18,0.5,43,raw,1.0,vinbig,cardiomegaly,14998,1817,13181,0.12114948659821309,0.8189091534791598,0.39000150568415093,0.10261418594884833,0.38065039726510036,0.08716364250084675,0.08716364250084675,0.9554210236653825,0.4230331537819589,0.18584733968525854,0.9856814566024394,0.3111668757841907,0.005240449620258945,1736.0,5576.0,7605.0,81.0,False,0.11584294874158528,0.11419566694772931,1.0064456476329027,0.7869809839413279,1.6583164895652738
resnet18,0.5,43,raw,1.0,vinbig,pleural_effusion,14998,634,14364,0.04227230297372983,0.8781917442572432,0.5058690864477691,0.03168118423631104,0.13518058814694026,0.04458762913830078,0.038640273418218636,0.8943217665615142,0.5847257031467558,0.08680342927127985,0.9920859910229152,0.1582472788166341,0.05480259515596156,567.0,8399.0,5965.0,67.0,False,0.04553419164022411,0.3042330807883622,-0.0010265866949625466,1.5206784685684378,-0.7907852498257651
resnet18,0.5,43,temperature,1.0,chexpert,cardiomegaly,19255,2034,17221,0.10563490002596729,0.7245689203064768,0.2684141515970728,0.09174013595773356,0.36012978978288634,0.06375219923663843,0.06375219923663843,0.911504424778761,0.28099413506765,0.13023321157628548,0.9641362821279139,0.2279041180086048,0.0059193825145287746,1854.0,4839.0,12382.0,180.0,False,0.1010838392508862,0.0924351841243577,-0.10276991352744325,0.5658412712573367,1.1603599754507996
resnet18,0.5,43,temperature,1.0,chexpert,pleural_effusion,18933,5642,13291,0.2979982041937358,0.8316077042482979,0.6850445203545323,0.17641300076536137,0.5270259696926546,0.13700630216114495,0.13700630216114495,0.9395604395604396,0.43367692423444437,0.41323666978484563,0.9441441441441442,0.5740119112073633,0.06067594761231746,5301.0,5764.0,7527.0,341.0,False,0.24329855584761897,0.27491143483872094,1.3525505991506894,1.230366895200215,0.9898027589489544
resnet18,0.5,43,temperature,1.0,nih,cardiomegaly,21329,497,20832,0.023301608139153267,0.84720486899894,0.16928883509468265,0.02140599006818036,0.09034218814489663,0.006307168474651202,0.007700815708272715,0.9416498993963782,0.4813268049155146,0.041515124634081434,0.9971161495624503,0.07952421410365336,0.0059193825145287746,468.0,10027.0,10805.0,29.0,False,0.022759736702063146,0.05947988993036424,-0.735282192473986,0.7970605411546446,-0.22474193004557322
resnet18,0.5,43,temperature,1.0,nih,pleural_effusion,21329,2536,18793,0.11889915139012612,0.8595926213213491,0.47119970168341835,0.07975596891736218,0.26485711313656357,0.007276102904405817,0.00759213859195723,0.9116719242902208,0.5997445857500133,0.23510270490136262,0.9805132666376686,0.37380759902991106,0.06067594761231746,2312.0,11271.0,7522.0,224.0,False,0.10479318686123498,0.23892028378740482,-0.07977143848905968,0.9886409106443882,-0.06520560197806874
resnet18,0.5,43,temperature,1.0,vinbig,cardiomegaly,14998,1817,13181,0.12114948659821309,0.8189091534791598,0.39000150568415093,0.10208182433852032,0.3744709360815043,0.08546749916504581,0.08546749916504581,0.9554210236653825,0.4230331537819589,0.18584733968525854,0.9856814566024394,0.3111668757841907,0.0059193825145287746,1736.0,5576.0,7605.0,81.0,False,0.11584294874158528,0.11879121303932239,1.0063457197085504,0.8057702192081404,1.5885824949525684
resnet18,0.5,43,temperature,1.0,vinbig,pleural_effusion,14998,634,14364,0.04227230297372983,0.8781917442572432,0.5058690864477691,0.032314946794437215,0.13892606282732123,0.049316110409816205,0.043498685137710096,0.8943217665615142,0.5847257031467558,0.08680342927127985,0.9920859910229152,0.1582472788166341,0.06067594761231746,567.0,8399.0,5965.0,67.0,False,0.04553419164022411,0.2903146925333632,-0.0009475639649938455,1.5806769487514774,-0.8561417312167003
resnet18,0.5,43,logistic,1.0,chexpert,cardiomegaly,19255,2034,17221,0.10563490002596729,0.7245689203064768,0.2684141515970728,0.09371322823020008,0.36136079636231616,0.07023874945513821,0.07023874945513821,0.911504424778761,0.28099413506765,0.13023321157628548,0.9641362821279139,0.2279041180086048,0.008289805283261323,1854.0,4839.0,12382.0,180.0,False,0.1010838392508862,0.07291581993035057,0.38319174552150276,0.707538291935256,1.2860298846416818
resnet18,0.5,43,logistic,1.0,chexpert,pleural_effusion,18933,5642,13291,0.2979982041937358,0.8316077042482979,0.6850445203545323,0.18082516534427456,0.5373156896108503,0.14461145007873957,0.14461145007873963,0.9395604395604396,0.43367692423444437,0.41323666978484563,0.9441441441441442,0.5740119112073633,0.061262144080631534,5301.0,5764.0,7527.0,341.0,False,0.24329855584761897,0.25677665979436515,1.5306650857621507,1.3002371012858698,1.0400896493878047
resnet18,0.5,43,logistic,1.0,nih,cardiomegaly,21329,497,20832,0.023301608139153267,0.84720486899894,0.16928883509468265,0.02093902665582916,0.08882835570281022,0.001315250390936211,0.002106060132698954,0.9416498993963782,0.4813268049155146,0.041515124634081434,0.9971161495624503,0.07952421410365336,0.008289805283261323,468.0,10027.0,10805.0,29.0,False,0.022759736702063146,0.07999697316660692,-0.05108450223221647,0.9965643670296198,-0.041316634954720356
resnet18,0.5,43,logistic,1.0,nih,pleural_effusion,21329,2536,18793,0.11889915139012612,0.8595926213213491,0.47119970168341835,0.07974500882849364,0.26479489049865174,0.007349112610162055,0.007934817243795122,0.9116719242902208,0.5997445857500133,0.23510270490136262,0.9805132666376686,0.37380759902991106,0.061262144080631534,2312.0,11271.0,7522.0,224.0,False,0.10479318686123498,0.23902487158740227,0.06363193745360606,1.0449231448337968,0.001971541392227751
resnet18,0.5,43,logistic,1.0,vinbig,cardiomegaly,14998,1817,13181,0.12114948659821309,0.8189091534791598,0.39000150568415093,0.10544799499267844,0.38344840362610827,0.09085729814598262,0.09092161487389075,0.9554210236653825,0.4230331537819589,0.18584733968525854,0.9856814566024394,0.3111668757841907,0.008289805283261323,1736.0,5576.0,7605.0,81.0,False,0.11584294874158528,0.08973315909020241,1.6981661023596593,1.0074954535304514,1.6745430325021566
resnet18,0.5,43,logistic,1.0,vinbig,pleural_effusion,14998,634,14364,0.04227230297372983,0.8781917442572432,0.5058690864477691,0.032154711542601105,0.13856435089011931,0.048932909075386506,0.04122174317680802,0.8943217665615142,0.5847257031467558,0.08680342927127985,0.9920859910229152,0.1582472788166341,0.061262144080631534,567.0,8399.0,5965.0,67.0,False,0.04553419164022411,0.2938337020087517,0.22778213687330431,1.670387581755296,-0.8103940474553175
resnet18,0.5,101,raw,1.0,chexpert,cardiomegaly,19255,2034,17221,0.10563490002596729,0.7400248701634948,0.27688742484701684,0.09122481566739327,0.3531064489885262,0.06353155329566045,0.06353155329566043,0.9228121927236972,0.32890076069914637,0.13972011314574959,0.9730286892286548,0.24269459529350917,0.006488269596656705,1877.0,5664.0,11557.0,157.0,False,0.1010838392508862,0.0975331334519578,-0.02711068259270971,0.5886557022593464,1.1468062592606647
resnet18,0.5,101,raw,1.0,chexpert,pleural_effusion,18933,5642,13291,0.2979982041937358,0.8251277987511092,0.6774828094553095,0.1885439593661565,0.5696990972663284,0.16287295076301336,0.16282271085630637,0.9666784828075151,0.3126927996388534,0.3738433066008637,0.9567219152854513,0.5391725569670308,0.0276377218735812,5454.0,4156.0,9135.0,188.0,False,0.24329855584761897,0.22505105421076144,1.4747204112919232,1.1248017353108961,1.247968126354882
resnet18,0.5,101,raw,1.0,nih,cardiomegaly,21329,497,20832,0.023301608139153267,0.8566015428206721,0.16529467452268595,0.021102494364716364,0.08841937569722341,0.003356838444068457,0.0048954260676177695,0.9436619718309859,0.5259216589861752,0.04533591106814886,0.9974508375819373,0.08651540306216565,0.006488269596656705,469.0,10956.0,9876.0,28.0,False,0.022759736702063146,0.07281465330820613,-0.5287252490541511,0.841641919872604,-0.11511207206121149
resnet18,0.5,101,raw,1.0,nih,pleural_effusion,21329,2536,18793,0.11889915139012612,0.8557333226630963,0.4641180089682617,0.08167279468194467,0.2750037445508179,0.02916967765544807,0.028775278103162362,0.919558359621451,0.5773426275740967,0.2269586374695864,0.9815451420300344,0.3640621341035048,0.0276377218735812,2332.0,10850.0,7943.0,204.0,False,0.10479318686123498,0.2206287724592808,0.17902062139958502,0.8609405090917477,0.4143427277287726
resnet18,0.5,101,raw,1.0,vinbig,cardiomegaly,14998,1817,13181,0.12114948659821309,0.801016284968812,0.3810685578130036,0.0976523502808028,0.3408625009989525,0.06698011922784079,0.0669801192278408,0.9779856906989544,0.28487975115696834,0.15861822726055522,0.9894598155467721,0.2729646697388633,0.006488269596656705,1777.0,3755.0,9426.0,40.0,False,0.11584294874158528,0.15702810277525703,0.6458244254078209,0.8441967186253274,1.0353772941326125
resnet18,0.5,101,raw,1.0,vinbig,pleural_effusion,14998,634,14364,0.04227230297372983,0.8715309347676939,0.5194257885982982,0.03127642978339651,0.1333324133029507,0.04197753523603123,0.03507727673174009,0.9542586750788643,0.39842662211083263,0.0654337010599178,0.9949582753824756,0.12246963562753037,0.0276377218735812,605.0,5723.0,8641.0,29.0,False,0.04553419164022411,0.3131221032643202,0.4043688074095614,1.6177877657604587,-0.6435409653848942
resnet18,0.5,101,temperature,1.0,chexpert,cardiomegaly,19255,2034,17221,0.10563490002596729,0.7400248701634948,0.27688742484701684,0.09137130138625316,0.3552024850685926,0.06436696789925278,0.06436696789925278,0.9228121927236972,0.32890076069914637,0.13972011314574959,0.9730286892286548,0.24269459529350917,0.00617859535786735,1877.0,5664.0,11557.0,157.0,False,0.1010838392508862,0.09608398272771268,-0.02715766648671891,0.5829368963489853,1.1730216323149565
resnet18,0.5,101,temperature,1.0,chexpert,pleural_effusion,18933,5642,13291,0.2979982041937358,0.8251277987511092,0.6774828094553095,0.17723410121046304,0.5238573036298189,0.12525219690285633,0.12525219690285633,0.9666784828075151,0.3126927996388534,0.3738433066008637,0.9567219152854513,0.5391725569670308,0.05869782678027283,5454.0,4156.0,9135.0,188.0,False,0.24329855584761897,0.27153656710783336,1.4747088591578563,1.4432700530096962,0.834332619945998
resnet18,0.5,101,temperature,1.0,nih,cardiomegaly,21329,497,20832,0.023301608139153267,0.8566015428206721,0.16529467452268595,0.021092910353634284,0.08843011313817634,0.0031948073682884688,0.004696181476565986,0.9436619718309859,0.5259216589861752,0.04533591106814886,0.9974508375819373,0.08651540306216565,0.00617859535786735,469.0,10956.0,9876.0,28.0,False,0.022759736702063146,0.07323574829746449,-0.5290118844929037,0.8334448453785575,-0.09067197813208275
resnet18,0.5,101,temperature,1.0,nih,pleural_effusion,21329,2536,18793,0.11889915139012612,0.8557333226630963,0.4641180089682617,0.08067106344859545,0.2680341571451843,0.00983888502549626,0.012465036494325506,0.919558359621451,0.5773426275740967,0.2269586374695864,0.9815451420300344,0.3640621341035048,0.05869782678027283,2332.0,10850.0,7943.0,204.0,False,0.10479318686123498,0.23018789804132544,0.17898578502303444,1.104669393483911,0.032042207082866446
resnet18,0.5,101,temperature,1.0,vinbig,cardiomegaly,14998,1817,13181,0.12114948659821309,0.801016284968812,0.3810685578130036,0.09784519334145794,0.34256495019339334,0.06792678037460452,0.06792678037460452,0.9779856906989544,0.28487975115696834,0.15861822726055522,0.9894598155467721,0.2729646697388633,0.00617859535786735,1777.0,3755.0,9426.0,40.0,False,0.11584294874158528,0.15536340878438382,0.6458242348688841,0.8360188376331589,1.0592785188414016
resnet18,0.5,101,temperature,1.0,vinbig,pleural_effusion,14998,634,14364,0.04227230297372983,0.8715309347676939,0.5194257885982982,0.03622804494849336,0.16089260344605508,0.07539998708123749,0.06537105649162173,0.9542586750788643,0.39842662211083263,0.0654337010599178,0.9949582753824756,0.12246963562753037,0.05869782678027283,605.0,5723.0,8641.0,29.0,False,0.04553419164022411,0.2043771143509192,0.40436803723799625,2.075854646253052,-1.082585926303288
resnet18,0.5,101,logistic,1.0,chexpert,cardiomegaly,19255,2034,17221,0.10563490002596729,0.7400248701634948,0.27688742484701684,0.09281756229389497,0.3553150541148656,0.0688035918508143,0.0688035918508143,0.9228121927236972,0.32890076069914637,0.13972011314574959,0.9730286892286548,0.24269459529350917,0.008066144553472866,1877.0,5664.0,11557.0,157.0,False,0.1010838392508862,0.08177644436787412,0.31624758780079454,0.6868368859132001,1.2558959029975578
resnet18,0.5,101,logistic,1.0,chexpert,pleural_effusion,18933,5642,13291,0.2979982041937358,0.8251277987511092,0.6774828094553095,0.1753394035174628,0.5195632536596034,0.12174233690414442,0.12174233690414439,0.9666784828075151,0.3126927996388534,0.3738433066008637,0.9567219152854513,0.5391725569670308,0.05813446076479217,5454.0,4156.0,9135.0,188.0,False,0.24329855584761897,0.27932410898780624,1.3893598493917099,1.4073192829591725,0.8117904653957846
resnet18,0.5,101,logistic,1.0,nih,cardiomegaly,21329,497,20832,0.023301608139153267,0.8566015428206721,0.16529467452268595,0.02093143648257004,0.08777061519296935,0.0008811787168082181,0.0020534647236705723,0.9436619718309859,0.5259216589861752,0.04533591106814886,0.9974508375819373,0.08651540306216565,0.008066144553472866,469.0,10956.0,9876.0,28.0,False,0.022759736702063146,0.08033046442612723,-0.03783907504610838,0.982011127119351,0.013037319073945234
resnet18,0.5,101,logistic,1.0,nih,pleural_effusion,21329,2536,18793,0.11889915139012612,0.8557333226630963,0.4641180089682617,0.08053618959410484,0.26775481312742305,0.008628030652779482,0.010683577335058427,0.919558359621451,0.5773426275740967,0.2269586374695864,0.9815451420300344,0.3640621341035048,0.05813446076479217,2332.0,10850.0,7943.0,204.0,False,0.10479318686123498,0.2314749459738329,0.11374047790656494,1.0771823834735317,0.007937937276400629
resnet18,0.5,101,logistic,1.0,vinbig,cardiomegaly,14998,1817,13181,0.12114948659821309,0.801016284968812,0.3810685578130036,0.10079178460935899,0.3510025829564457,0.07494311805300458,0.07502291815051383,0.9779856906989544,0.28487975115696834,0.15861822726055522,0.9894598155467721,0.2729646697388633,0.008066144553472866,1777.0,3755.0,9426.0,40.0,False,0.11584294874158528,0.12992732225594006,1.1382481868943237,0.984997164021366,1.178561206631554
resnet18,0.5,101,logistic,1.0,vinbig,pleural_effusion,14998,634,14364,0.04227230297372983,0.8715309347676939,0.5194257885982982,0.03639101462756231,0.16134959079721453,0.07701470926706949,0.06647770745020275,0.9542586750788643,0.39842662211083263,0.0654337010599178,0.9949582753824756,0.12246963562753037,0.05813446076479217,605.0,5723.0,8641.0,29.0,False,0.04553419164022411,0.20079805270079465,0.2819154821272668,2.024198244400297,-1.1016940765512002
resnet18,1.0,17,raw,1.0,chexpert,cardiomegaly,19255,2034,17221,0.10563490002596729,0.7791241193993955,0.33099755933229924,0.09407807767018557,0.4132975196658509,0.08437646974924118,0.08437646974924118,0.7232055063913471,0.6832936530979618,0.2124187725631769,0.9543390105433901,0.3283848643821855,0.008847355082930384,1471.0,11767.0,5454.0,563.0,False,0.1010838392508862,0.06930644534892072,0.5102104588869598,0.5629648341521075,2.125989602254539
resnet18,1.0,17,raw,1.0,chexpert,pleural_effusion,18933,5642,13291,0.2979982041937358,0.8418616958897672,0.70492202265985,0.1842815207103599,0.5555367228112623,0.16339352611723626,0.16339352611723623,0.9470046082949308,0.4208110751636446,0.40970784449045317,0.9492532247114732,0.5719638173740834,0.03986249410726427,5343.0,5593.0,7698.0,299.0,False,0.24329855584761897,0.2425704292886236,1.679460631308379,1.2145084431731321,1.2791020965684656
resnet18,1.0,17,raw,1.0,nih,cardiomegaly,21329,497,20832,0.023301608139153267,0.8863223020921226,0.22689347095125292,0.02011667626635123,0.08251509884454764,0.0052739556391228504,0.005298359398698376,0.903420523138833,0.6838517665130568,0.06382373845060413,0.9966419476703512,0.11922464152947425,0.008847355082930384,449.0,14246.0,6586.0,48.0,False,0.022759736702063146,0.11612877909401853,-0.4975286203254881,0.8050136786543075,-0.01987778453411625
resnet18,1.0,17,raw,1.0,nih,pleural_effusion,21329,2536,18793,0.11889915139012612,0.8718285665294867,0.49831626491633985,0.07720609261226694,0.2567461952127969,0.011293676188448638,0.010383496047283865,0.9215299684542587,0.6119831852285426,0.24270433066777444,0.982991452991453,0.3842170160295931,0.03986249410726427,2337.0,11501.0,7292.0,199.0,False,0.10479318686123498,0.26325274643568497,0.04605723567559872,0.930537857569368,0.14301747039602533
resnet18,1.0,17,raw,1.0,vinbig,cardiomegaly,14998,1817,13181,0.12114948659821309,0.8683891361947287,0.4979519878646569,0.10048821545864242,0.3896121691409733,0.09467306366675174,0.0946760328271089,0.8514034122179417,0.7169410515135423,0.29310344827586204,0.9722222222222222,0.4360817477096547,0.008847355082930384,1547.0,9450.0,3731.0,270.0,False,0.11584294874158528,0.13254784559390986,1.4414913777266711,0.7765189997439917,2.2060947871811365
resnet18,1.0,17,raw,1.0,vinbig,pleural_effusion,14998,634,14364,0.04227230297372983,0.8991201167130937,0.6265565726062475,0.02617673656709638,0.11350252905374245,0.033801836744318435,0.02915036298764506,0.9053627760252366,0.6044973544973545,0.09176658673061551,0.9931373670364864,0.1666424735084918,0.03986249410726427,574.0,8683.0,5681.0,60.0,False,0.04553419164022411,0.4251191110643917,0.6558753428614019,1.6435540986148445,-0.4845032618521226
resnet18,1.0,17,temperature,0.1,chexpert,cardiomegaly,19255,2034,17221,0.10563490002596729,0.7791241193993955,0.33099755933229924,0.09314859378435847,0.3944706406299101,0.08144823528654069,0.0814482352865407,0.627826941986234,0.7798617966436328,0.2519731649565904,0.9466412913230422,0.3596170092931569,0.019343955137151727,1277.0,13430.0,3791.0,757.0,False,0.1010838392508862,0.0785016232598047,0.5102134462055194,0.5965669500191837,1.9290022944060568
resnet18,1.0,17,temperature,0.1,chexpert,pleural_effusion,18933,5642,13291,0.2979982041937358,0.8418616958897672,0.70492202265985,0.18028096429729337,0.5380075765014719,0.15209431631982503,0.15209431631982506,0.924849344204183,0.49161086449477087,0.435741127348643,0.9390629491233113,0.5923823579497076,0.06290417546246735,5218.0,6534.0,6757.0,424.0,False,0.24329855584761897,0.2590134221338919,1.6797559996057447,1.3165192948374755,1.1315661556899965
resnet18,1.0,17,temperature,0.1,nih,cardiomegaly,21329,497,20832,0.023301608139153267,0.8863223020921226,0.22689347095125292,0.020163210900935122,0.0822632403991278,0.005419705687338912,0.00616395017286648,0.8511066398390342,0.7563844086021505,0.07693706802473627,0.9953256269344956,0.14111759799833196,0.019343955137151727,423.0,15757.0,5075.0,74.0,False,0.022759736702063146,0.11408417571424068,-0.49738523350168046,0.8531040523482837,-0.15162302155198865
resnet18,1.0,17,temperature,0.1,nih,pleural_effusion,21329,2536,18793,0.11889915139012612,0.8718285665294867,0.49831626491633985,0.07707213443460079,0.2557004269233838,0.004382579623176961,0.005143986142436401,0.9037854889589906,0.6534347895493002,0.26030664395229985,0.9805174065793676,0.4041971607442025,0.06290417546246735,2292.0,12280.0,6513.0,244.0,False,0.10479318686123498,0.26453105642585195,0.04609240508448801,1.0086329074187232,0.034583885489584
resnet18,1.0,17,temperature,0.1,vinbig,cardiomegaly,14998,1817,13181,0.12114948659821309,0.8683891361947287,0.4979519878646569,0.09919451365124834,0.3725310836628668,0.09174580700720868,0.09175117242956334,0.7699504678040726,0.7961459676807526,0.3423886441507587,0.9616935483870968,0.473996273081484,0.019343955137151727,1399.0,10494.0,2687.0,418.0,False,0.11584294874158528,0.14371556725023593,1.441488968677072,0.8228672066283046,2.0175228055651933
resnet18,1.0,17,temperature,0.1,vinbig,pleural_effusion,14998,634,14364,0.04227230297372983,0.8991201167130937,0.6265565726062475,0.02706131995185281,0.11994863907110553,0.04276820877479771,0.03697525676232793,0.886435331230284,0.6849763297131718,0.11047768822488696,0.9927353445666431,0.19646914875021848,0.06290417546246735,562.0,9839.0,4525.0,72.0,False,0.04553419164022411,0.40569231654159177,0.6559329169263977,1.7814015423570415,-0.6403229968461325
resnet18,1.0,17,logistic,0.1,chexpert,cardiomegaly,19255,2034,17221,0.10563490002596729,0.7791241193993955,0.33099755933229924,0.09403495871952018,0.3908380197377273,0.08287326950714353,0.08282514083217045,0.627826941986234,0.7798617966436328,0.2519731649565904,0.9466412913230422,0.3596170092931569,0.02049014926954292,1277.0,13430.0,3791.0,757.0,False,0.1010838392508862,0.06973301156350986,0.7255531399489856,0.6613062508438847,1.925603343479011
resnet18,1.0,17,logistic,0.1,chexpert,pleural_effusion,18933,5642,13291,0.2979982041937358,0.8418616958897672,0.70492202265985,0.1681152682086986,0.5097223606212092,0.13128564473117849,0.13128564473117849,0.924849344204183,0.49161086449477087,0.435741127348643,0.9390629491233113,0.5923823579497076,0.0624641372106103,5218.0,6534.0,6757.0,424.0,False,0.24329855584761897,0.3090165799669138,1.2173380541181194,1.1421235209044867,0.99399191209427
resnet18,1.0,17,logistic,0.1,nih,cardiomegaly,21329,497,20832,0.023301608139153267,0.8863223020921226,0.22689347095125292,0.019986349609737417,0.08160811427611399,0.0027212660515028735,0.003452712119190902,0.8511066398390342,0.7563844086021505,0.07693706802473627,0.9953256269344956,0.14111759799833196,0.02049014926954292,423.0,15757.0,5075.0,74.0,False,0.022759736702063146,0.12185497260494782,-0.19049687623362876,0.94535744498745,-0.052720747689002714
resnet18,1.0,17,logistic,0.1,nih,pleural_effusion,21329,2536,18793,0.11889915139012612,0.8718285665294867,0.49831626491633985,0.07789444188327707,0.2580332290875477,0.016163342471007786,0.016828650688195775,0.9037854889589906,0.6534347895493002,0.26030664395229985,0.9805174065793676,0.4041971607442025,0.0624641372106103,2292.0,12280.0,6513.0,244.0,False,0.10479318686123498,0.2566841011675376,-0.3081460240030608,0.8750540806635417,-0.17654541995937986
resnet18,1.0,17,logistic,0.1,vinbig,cardiomegaly,14998,1817,13181,0.12114948659821309,0.8683891361947287,0.4979519878646569,0.10114131116226209,0.37520580882664917,0.09410557482592168,0.09411582186742767,0.7699504678040726,0.7961459676807526,0.3423886441507587,0.9616935483870968,0.473996273081484,0.02049014926954292,1399.0,10494.0,2687.0,418.0,False,0.11584294874158528,0.12691007729886628,1.7384664858987486,0.9121586855332103,2.028108757269997
resnet18,1.0,17,logistic,0.1,vinbig,pleural_effusion,14998,634,14364,0.04227230297372983,0.8991201167130937,0.6265565726062475,0.02672993571893833,0.11914227807881467,0.042777479606802324,0.03412674459214371,0.886435331230284,0.6849763297131718,0.11047768822488696,0.9927353445666431,0.19646914875021848,0.0624641372106103,562.0,9839.0,4525.0,72.0,False,0.04553419164022411,0.412970017560923,0.030600077570968585,1.5456413803523181,-0.7654274610762393
resnet18,1.0,17,temperature,0.25,chexpert,cardiomegaly,19255,2034,17221,0.10563490002596729,0.7791241193993955,0.33099755933229924,0.09374839261810884,0.40634294272627264,0.08336510580896782,0.0833651058089678,0.6588003933136677,0.7532663608385112,0.23975666487743783,0.949217034977316,0.351567624294897,0.014271782283596627,1340.0,12972.0,4249.0,694.0,False,0.1010838392508862,0.07256794644068731,0.5102156222095651,0.5748137715554819,2.0541982650604846
resnet18,1.0,17,temperature,0.25,chexpert,pleural_effusion,18933,5642,13291,0.2979982041937358,0.8418616958897672,0.70492202265985,0.17669517305837046,0.5240160425611148,0.1404259115514107,0.14042591155141074,0.9397376816731655,0.44706944548942895,0.41909730456090427,0.9458771092008914,0.5796752856283824,0.06714875479005225,5302.0,5942.0,7349.0,340.0,False,0.24329855584761897,0.27375165691884773,1.679436187603795,1.4243109437421566,0.9965695130017517
resnet18,1.0,17,temperature,0.25,nih,cardiomegaly,21329,497,20832,0.023301608139153267,0.8863223020921226,0.22689347095125292,0.020128955709443237,0.08236478031287783,0.005266880337046967,0.005602986902184536,0.8672032193158954,0.7351190476190477,0.07244915111783493,0.9957087126137841,0.1337263419174682,0.014271782283596627,431.0,15314.0,5518.0,66.0,False,0.022759736702063146,0.11558925426327238,-0.497571948935946,0.821977009285857,-0.06756646644828013
resnet18,1.0,17,temperature,0.25,nih,pleural_effusion,21329,2536,18793,0.11889915139012612,0.8718285665294867,0.49831626491633985,0.0771558523273867,0.256314354104677,0.010281873129058244,0.00953157640399665,0.916403785488959,0.6285319001755973,0.24975819451907577,0.9823685961410512,0.3925344143231146,0.06714875479005225,2324.0,11812.0,6981.0,212.0,False,0.10479318686123498,0.26373216963470236,0.045930519938775775,1.091272900080858,-0.06829305350161274
resnet18,1.0,17,temperature,0.25,vinbig,cardiomegaly,14998,1817,13181,0.12114948659821309,0.8683891361947287,0.4979519878646569,0.10002817902186453,0.3832999161608902,0.09365794981836012,0.09366163635058085,0.7952669235002752,0.7731583339655564,0.3258173618940248,0.9647827321783584,0.46225207933461293,0.014271782283596627,1445.0,10191.0,2990.0,372.0,False,0.11584294874158528,0.13651905352477933,1.4414896990296533,0.7928621504519043,2.1373733422963643
resnet18,1.0,17,temperature,0.25,vinbig,pleural_effusion,14998,634,14364,0.04227230297372983,0.8991201167130937,0.6265565726062475,0.028223165574487535,0.12774670228564086,0.05305281723655677,0.04570601327895251,0.8974763406940063,0.6361737677527152,0.09818809318377912,0.9929370857329132,0.17701042152745372,0.06714875479005225,569.0,9138.0,5226.0,65.0,False,0.04553419164022411,0.3801764222041073,0.6558368268947816,1.927519308676667,-0.7861614303050508
resnet18,1.0,17,logistic,0.25,chexpert,cardiomegaly,19255,2034,17221,0.10563490002596729,0.7791241193993955,0.33099755933229924,0.09459440839075932,0.40213162128886154,0.08471436837923885,0.08466503803671893,0.6588003933136677,0.7532663608385112,0.23975666487743783,0.949217034977316,0.351567624294897,0.015455578151809982,1340.0,12972.0,4249.0,694.0,False,0.1010838392508862,0.06419850005914751,0.7144313310299809,0.6351652036738573,2.047230465200376
resnet18,1.0,17,logistic,0.25,chexpert,pleural_effusion,18933,5642,13291,0.2979982041937358,0.8418616958897672,0.70492202265985,0.16946766252872728,0.5071876618579816,0.1279441214452614,0.1279441214452614,0.9397376816731655,0.44706944548942895,0.41909730456090427,0.9458771092008914,0.5796752856283824,0.06681826075778426,5302.0,5942.0,7349.0,340.0,False,0.24329855584761897,0.30345800065140105,1.3818137014533372,1.3085818357236636,0.914649317940713
resnet18,1.0,17,logistic,0.25,nih,cardiomegaly,21329,497,20832,0.023301608139153267,0.8863223020921226,0.22689347095125292,0.019978153166457787,0.08171190722136912,0.0030010264657475937,0.002908251345536026,0.8672032193158954,0.7351190476190477,0.07244915111783493,0.9957087126137841,0.1337263419174682,0.015455578151809982,431.0,15314.0,5518.0,66.0,False,0.022759736702063146,0.12221510169549599,-0.20612744358871005,0.9081108464249886,0.030857349031697717
resnet18,1.0,17,logistic,0.25,nih,pleural_effusion,21329,2536,18793,0.11889915139012612,0.8718285665294867,0.49831626491633985,0.07745611595115832,0.257010807730111,0.015118886684348997,0.01554125311068511,0.916403785488959,0.6285319001755973,0.24975819451907577,0.9823685961410512,0.3925344143231146,0.06681826075778426,2324.0,11812.0,6981.0,212.0,False,0.10479318686123498,0.2608668724453991,-0.18220279197988604,1.0025395876065486,-0.1849849527083446
resnet18,1.0,17,logistic,0.25,vinbig,cardiomegaly,14998,1817,13181,0.12114948659821309,0.8683891361947287,0.4979519878646569,0.1018928145117993,0.38540274350035875,0.09590410049408267,0.09591121334994193,0.7952669235002752,0.7731583339655564,0.3258173618940248,0.9647827321783584,0.46225207933461293,0.015455578151809982,1445.0,10191.0,2990.0,372.0,False,0.11584294874158528,0.1204228171099565,1.723181853397644,0.876110096562153,2.144410331157711
resnet18,1.0,17,logistic,0.25,vinbig,pleural_effusion,14998,634,14364,0.04227230297372983,0.8991201167130937,0.6265565726062475,0.028072444823556794,0.1274091179864159,0.052834598320900164,0.043802582522692,0.8974763406940063,0.6361737677527152,0.09818809318377912,0.9929370857329132,0.17701042152745372,0.06681826075778426,569.0,9138.0,5226.0,65.0,False,0.04553419164022411,0.3834864787901915,0.25307912915514397,1.7708932012450451,-0.8565309249191283
resnet18,1.0,17,temperature,0.5,chexpert,cardiomegaly,19255,2034,17221,0.10563490002596729,0.7791241193993955,0.33099755933229924,0.09371256616894941,0.4056062433704459,0.08325343271953317,0.08325343271953317,0.6814159292035398,0.7300969746240056,0.2296983758700696,0.9509870660313138,0.34357957362419433,0.012770681732484322,1386.0,12573.0,4648.0,648.0,False,0.1010838392508862,0.07292236955544962,0.5102208726183295,0.5761038179285153,2.0465300569153606
resnet18,1.0,17,temperature,0.5,chexpert,pleural_effusion,18933,5642,13291,0.2979982041937358,0.8418616958897672,0.70492202265985,0.17875613538695637,0.5318589555756981,0.14734178048020805,0.14734178048020805,0.9436370081531372,0.43232262433225493,0.4137073587691351,0.9475593667546174,0.5752255415698774,0.056975942437893064,5324.0,5746.0,7545.0,318.0,False,0.24329855584761897,0.265280738045508,1.6794316728541343,1.3599490484225842,1.0746845842617259
resnet18,1.0,17,temperature,0.5,nih,cardiomegaly,21329,497,20832,0.023301608139153267,0.8863223020921226,0.22689347095125292,0.020130564804880305,0.08235255685598834,0.005220609435973333,0.005635228227933533,0.8812877263581489,0.7183179723502304,0.06945765937202664,0.9960726885442321,0.12876672056445684,0.012770681732484322,438.0,14964.0,5868.0,59.0,False,0.022759736702063146,0.11551855505184772,-0.498684807732888,0.8235289852191489,-0.07268182576269003
resnet18,1.0,17,temperature,0.5,nih,pleural_effusion,21329,2536,18793,0.11889915139012612,0.8718285665294867,0.49831626491633985,0.07707927361199078,0.25575987683335905,0.005762953546514512,0.006440889743521851,0.9191640378548895,0.6187942318948545,0.24549763033175356,0.9826770322798716,0.3874989610173718,0.056975942437893064,2331.0,11629.0,7164.0,205.0,False,0.10479318686123498,0.2644629300752386,0.04590742728441813,1.04194789506897,-0.008315666750006922
resnet18,1.0,17,temperature,0.5,vinbig,cardiomegaly,14998,1817,13181,0.12114948659821309,0.8683891361947287,0.4979519878646569,0.0999782679173219,0.38263143055233223,0.09354613949706239,0.0935499120429139,0.8167308750687947,0.7572263105985889,0.31682322801024765,0.9677137870855148,0.4565451469004769,0.012770681732484322,1484.0,9981.0,3200.0,333.0,False,0.11584294874158528,0.1369499049929509,1.4414897701662255,0.7946439799329601,2.130032663924555
resnet18,1.0,17,temperature,0.5,vinbig,pleural_effusion,14998,634,14364,0.04227230297372983,0.8991201167130937,0.6265565726062475,0.02750331508812634,0.12299293184413587,0.046664629931801274,0.040454940241321055,0.9022082018927445,0.6177248677248677,0.09434273461982517,0.9930609960828204,0.17082275645811557,0.056975942437893064,572.0,8873.0,5491.0,62.0,False,0.04553419164022411,0.3959854321026226,0.655928439006232,1.8403862847529824,-0.7013785855320073
resnet18,1.0,17,logistic,0.5,chexpert,cardiomegaly,19255,2034,17221,0.10563490002596729,0.7791241193993955,0.33099755933229924,0.09427832045830714,0.4026442722511612,0.08414949138040383,0.08414949138040384,0.6814159292035398,0.7300969746240056,0.2296983758700696,0.9509870660313138,0.34357957362419433,0.013595543166490028,1386.0,12573.0,4648.0,648.0,False,0.1010838392508862,0.06732548786248627,0.6443204441905378,0.6159277172342914,2.0418189945442498
resnet18,1.0,17,logistic,0.5,chexpert,pleural_effusion,18933,5642,13291,0.2979982041937358,0.8418616958897672,0.70492202265985,0.18034160817624542,0.5356491763544002,0.14980033700008455,0.14980033700008458,0.9436370081531372,0.43232262433225493,0.4137073587691351,0.9475593667546174,0.5752255415698774,0.0571427756248248,5324.0,5746.0,7545.0,318.0,False,0.24329855584761897,0.25876416508943156,1.7452886853125684,1.384945034721688,1.0911077272151504
resnet18,1.0,17,logistic,0.5,nih,cardiomegaly,21329,497,20832,0.023301608139153267,0.8863223020921226,0.22689347095125292,0.02000555769159608,0.08184432973494235,0.0035912836498960066,0.003775358435916506,0.8812877263581489,0.7183179723502304,0.06945765937202664,0.9960726885442321,0.12876672056445684,0.013595543166490028,438.0,14964.0,5868.0,59.0,False,0.022759736702063146,0.12101102251404361,-0.30596336944394736,0.8807213541289599,-0.0053636831977267
resnet18,1.0,17,logistic,0.5,nih,pleural_effusion,21329,2536,18793,0.11889915139012612,0.8718285665294867,0.49831626491633985,0.07713828605041967,0.2558812270910901,0.006680844599979177,0.007458371363680129,0.9191640378548895,0.6187942318948545,0.24549763033175356,0.9826770322798716,0.3874989610173718,0.0571427756248248,2331.0,11629.0,7164.0,205.0,False,0.10479318686123498,0.26389979767897864,0.0963987818487961,1.061107184145627,0.015486053807892882
resnet18,1.0,17,logistic,0.5,vinbig,cardiomegaly,14998,1817,13181,0.12114948659821309,0.8683891361947287,0.4979519878646569,0.10122925760493012,0.3839179914813117,0.09508763430609518,0.09509352785049639,0.8167308750687947,0.7572263105985889,0.31682322801024765,0.9677137870855148,0.4565451469004769,0.013595543166490028,1484.0,9981.0,3200.0,333.0,False,0.11584294874158528,0.1261508904547518,1.6261276863572258,0.8494983706483161,2.1347972280582126
resnet18,1.0,17,logistic,0.5,vinbig,pleural_effusion,14998,634,14364,0.04227230297372983,0.8991201167130937,0.6265565726062475,0.027591885491170212,0.12319262674188965,0.04678731456424453,0.04089527215041356,0.9022082018927445,0.6177248677248677,0.09434273461982517,0.9930609960828204,0.17082275645811557,0.0571427756248248,572.0,8873.0,5491.0,62.0,False,0.04553419164022411,0.39404029154223474,0.7451172228892803,1.8742082689350024,-0.687480892043868
resnet18,1.0,17,temperature,1.0,chexpert,cardiomegaly,19255,2034,17221,0.10563490002596729,0.7791241193993955,0.33099755933229924,0.09318458270464344,0.39515629539494834,0.08156614190731053,0.08156614190731051,0.7232055063913471,0.6832936530979618,0.2124187725631769,0.9543390105433901,0.3283848643821855,0.011398597841683646,1471.0,11767.0,5454.0,563.0,False,0.1010838392508862,0.07814559285423561,0.51020959146213,0.5952527833715696,1.9363316003963895
resnet18,1.0,17,temperature,1.0,chexpert,pleural_effusion,18933,5642,13291,0.2979982041937358,0.8418616958897672,0.70492202265985,0.17814543056149423,0.5294786556021686,0.1453558031084764,0.14535580310847637,0.9470046082949308,0.4208110751636446,0.40970784449045317,0.9492532247114732,0.5719638173740834,0.057135927816705255,5343.0,5593.0,7698.0,299.0,False,0.24329855584761897,0.267790842650669,1.6794679121156106,1.3783126344797727,1.0517129166112218
resnet18,1.0,17,temperature,1.0,nih,cardiomegaly,21329,497,20832,0.023301608139153267,0.8863223020921226,0.22689347095125292,0.020160708591373873,0.08226324102187133,0.005328453328394948,0.00612167704701788,0.903420523138833,0.6838517665130568,0.06382373845060413,0.9966419476703512,0.11922464152947425,0.011398597841683646,449.0,14246.0,6586.0,48.0,False,0.022759736702063146,0.11419412028846865,-0.49717361454775394,0.8512763792694382,-0.14666998639460382
resnet18,1.0,17,temperature,1.0,nih,pleural_effusion,21329,2536,18793,0.11889915139012612,0.8718285665294867,0.49831626491633985,0.0770932525021104,0.25586417593274996,0.007134912867492798,0.007120741271565267,0.9215299684542587,0.6119831852285426,0.24270433066777444,0.982991452991453,0.3842170160295931,0.057135927816705255,2337.0,11501.0,7292.0,199.0,False,0.10479318686123498,0.26432953504700907,0.04593729907627244,1.056034639931526,-0.025823223984172153
resnet18,1.0,17,temperature,1.0,vinbig,cardiomegaly,14998,1817,13181,0.12114948659821309,0.8683891361947287,0.4979519878646569,0.09924442365731245,0.37315276325614793,0.0918630068000524,0.0918682560227897,0.8514034122179417,0.7169410515135423,0.29310344827586204,0.9722222222222222,0.4360817477096547,0.011398597841683646,1547.0,9450.0,3731.0,270.0,False,0.11584294874158528,0.14328472526454505,1.4414890015608228,0.8210553603326811,2.024539353201825
resnet18,1.0,17,temperature,1.0,vinbig,pleural_effusion,14998,634,14364,0.04227230297372983,0.8991201167130937,0.6265565726062475,0.02770062961629126,0.12431965528179886,0.04848758184139273,0.04194050822585184,0.9053627760252366,0.6044973544973545,0.09176658673061551,0.9931373670364864,0.1666424735084918,0.057135927816705255,574.0,8683.0,5681.0,60.0,False,0.04553419164022411,0.39165210540773043,0.6559201149869468,1.8652386778718524,-0.7261971630517728
resnet18,1.0,17,logistic,1.0,chexpert,cardiomegaly,19255,2034,17221,0.10563490002596729,0.7791241193993955,0.33099755933229924,0.09399347105049406,0.39150464612733316,0.08286170630945756,0.08281157699773295,0.7232055063913471,0.6832936530979618,0.2124187725631769,0.9543390105433901,0.3283848643821855,0.012659925432530873,1471.0,11767.0,5454.0,563.0,False,0.1010838392508862,0.07014343987068117,0.7084059016376929,0.6552570059772151,1.9307533736644806
resnet18,1.0,17,logistic,1.0,chexpert,pleural_effusion,18933,5642,13291,0.2979982041937358,0.8418616958897672,0.70492202265985,0.17783005570674082,0.5287334403615825,0.14485934741507722,0.14485934741507722,0.9470046082949308,0.4208110751636446,0.40970784449045317,0.9492532247114732,0.5719638173740834,0.057090404827577004,5343.0,5593.0,7698.0,299.0,False,0.24329855584761897,0.2690870889586452,1.6662702529731692,1.373191707347572,1.048452359697614
resnet18,1.0,17,logistic,1.0,nih,cardiomegaly,21329,497,20832,0.023301608139153267,0.8863223020921226,0.22689347095125292,0.0199911498764645,0.08163349986231365,0.0028625692026421528,0.003617535618203165,0.903420523138833,0.6838517665130568,0.06382373845060413,0.9966419476703512,0.11922464152947425,0.012659925432530873,449.0,14246.0,6586.0,48.0,False,0.022759736702063146,0.12164406213660972,-0.2162359670914213,0.9363220941743534,-0.05602083722829704
resnet18,1.0,17,logistic,1.0,nih,pleural_effusion,21329,2536,18793,0.11889915139012612,0.8718285665294867,0.49831626491633985,0.07708646870421135,0.25585029966118633,0.007771074168547437,0.006911863016751045,0.9215299684542587,0.6119831852285426,0.24270433066777444,0.982991452991453,0.3842170160295931,0.057090404827577004,2337.0,11501.0,7292.0,199.0,False,0.10479318686123498,0.26439427015147765,0.03583521381536627,1.0521147757371736,-0.03058309182751244
resnet18,1.0,17,logistic,1.0,vinbig,cardiomegaly,14998,1817,13181,0.12114948659821309,0.8683891361947287,0.4979519878646569,0.10103167055415282,0.37537788125352967,0.09402235568276579,0.09403200898608437,0.8514034122179417,0.7169410515135423,0.29310344827586204,0.9722222222222222,0.4360817477096547,0.012659925432530873,1547.0,9450.0,3731.0,270.0,False,0.11584294874158528,0.12785653635658456,1.7148348080408162,0.903816677549914,2.0320623549937022
resnet18,1.0,17,logistic,1.0,vinbig,pleural_effusion,14998,634,14364,0.04227230297372983,0.8991201167130937,0.6265565726062475,0.02768440637027813,0.12427944065749982,0.04847418546401813,0.041847172301336166,0.9053627760252366,0.6044973544973545,0.09176658673061551,0.9931373670364864,0.1666424735084918,0.057090404827577004,574.0,8683.0,5681.0,60.0,False,0.04553419164022411,0.39200839252799635,0.6380575179413103,1.858310234501688,-0.7289379281561273
resnet18,1.0,17,head_mc,1.0,chexpert,cardiomegaly,19255,2034,17221,0.10563490002596729,0.7792941000608835,0.3312495555396987,0.09393966638284704,0.4107046986028761,0.08401066470522515,0.0839783962888542,0.7202556538839725,0.6848034376633181,0.2125344552444509,0.9539718492153373,0.32821776632687355,0.009222949038686992,1465.0,11793.0,5428.0,569.0,False,0.1010838392508862,0.07067571751313872,0.5097128074276096,0.5671119013009246,2.099931790842731
resnet18,1.0,17,head_mc,1.0,chexpert,pleural_effusion,18933,5642,13291,0.2979982041937358,0.8417596793249976,0.7052063964288653,0.1839936079068828,0.5541786567689805,0.16258978537972316,0.1625897853797231,0.945763913505849,0.41795199759235574,0.40820073439412485,0.9477904794403685,0.5702682483702042,0.040245477492695116,5336.0,5555.0,7736.0,306.0,False,0.24329855584761897,0.2437538017195615,1.681955793863449,1.2231680691903744,1.2675999689714699
resnet18,1.0,17,head_mc,1.0,nih,cardiomegaly,21329,497,20832,0.023301608139153267,0.8861341049368407,0.22764715314375877,0.02013020420294735,0.08250111538071546,0.0055687489388587886,0.005383714767367474,0.903420523138833,0.6846678187403994,0.06397834140780849,0.996645936692055,0.11949434464404524,0.009222949038686992,449.0,14263.0,6569.0,48.0,False,0.022759736702063146,0.1155343989053016,-0.5038562624259648,0.8095880929688908,-0.040512408520604754
resnet18,1.0,17,head_mc,1.0,nih,pleural_effusion,21329,2536,18793,0.11889915139012612,0.8718796061557923,0.4979503033274598,0.07720591186255651,0.2565961518529608,0.011578403557907421,0.009954441286091508,0.9235015772870663,0.6096950992390784,0.24201715407667665,0.9833504977686234,0.38352575124866944,0.040245477492695116,2342.0,11458.0,7335.0,194.0,False,0.10479318686123498,0.26325447125879453,0.0472569160206351,0.9371027222183946,0.13486732750679853
resnet18,1.0,17,head_mc,1.0,vinbig,cardiomegaly,14998,1817,13181,0.12114948659821309,0.8681411599733895,0.4976904535607481,0.10026212942074379,0.3871837393877426,0.09420989987387264,0.09419494090232738,0.8492019812878371,0.7162582505121008,0.2920689002460723,0.9717961914565105,0.43464788732394366,0.009222949038686992,1543.0,9441.0,3740.0,274.0,False,0.11584294874158528,0.134499505495135,1.4314819286426503,0.7802718951977752,2.1776989244908376
resnet18,1.0,17,head_mc,1.0,vinbig,pleural_effusion,14998,634,14364,0.04227230297372983,0.8992424981134927,0.6268245870717886,0.026228938521709974,0.11395212169971432,0.03440202969490567,0.030050331744760593,0.9085173501577287,0.6026872737399053,0.09167595097883177,0.9933448078026391,0.16654619054503397,0.040245477492695116,576.0,8657.0,5707.0,58.0,False,0.04553419164022411,0.42397267686334006,0.657101768088873,1.6555118595060585,-0.4980727272641902
resnet18,1.0,17,head_mc_temperature,1.0,chexpert,cardiomegaly,19255,2034,17221,0.10563490002596729,0.7792941000608835,0.3312495555396987,0.09316187778056588,0.3950314299725482,0.08154866335773776,0.0815178960315916,0.7202556538839725,0.6848034376633181,0.2125344552444509,0.9539718492153373,0.32821776632687355,0.011481284843374373,1465.0,11793.0,5428.0,569.0,False,0.1010838392508862,0.07837020763188773,0.5097149216000508,0.595280901111164,1.9355561175803049
resnet18,1.0,17,head_mc_temperature,1.0,chexpert,pleural_effusion,18933,5642,13291,0.2979982041937358,0.8417596793249976,0.7052063964288653,0.17822316732623833,0.5297657498515804,0.1455483192722183,0.1455483192722183,0.945763913505849,0.41795199759235574,0.40820073439412485,0.9477904794403685,0.5702682483702042,0.05651359334480471,5336.0,5555.0,7736.0,306.0,False,0.24329855584761897,0.26747133082918173,1.6819712142330079,1.3780913870668965,1.0536390479628102
resnet18,1.0,17,head_mc_temperature,1.0,nih,cardiomegaly,21329,497,20832,0.023301608139153267,0.8861341049368407,0.22764715314375877,0.02017156381188104,0.08231272049178442,0.005271227008859724,0.006066843345355305,0.903420523138833,0.6846678187403994,0.06397834140780849,0.996645936692055,0.11949434464404524,0.011481284843374373,449.0,14263.0,6569.0,48.0,False,0.022759736702063146,0.11371717186638142,-0.5032975922542303,0.8499204447074118,-0.15027779486092638
resnet18,1.0,17,head_mc_temperature,1.0,nih,pleural_effusion,21329,2536,18793,0.11889915139012612,0.8718796061557923,0.4979503033274598,0.07710386191988779,0.2558554544401057,0.007290955247423522,0.007559286675468431,0.9235015772870663,0.6096950992390784,0.24201715407667665,0.9833504977686234,0.38352575124866944,0.05651359334480471,2342.0,11458.0,7335.0,194.0,False,0.10479318686123498,0.26422829356275657,0.04729149043378685,1.05581666624789,-0.024307088340667082
resnet18,1.0,17,head_mc_temperature,1.0,vinbig,cardiomegaly,14998,1817,13181,0.12114948659821309,0.8681411599733895,0.49769045356074815,0.09918201317515944,0.37297655325432766,0.09173045103281538,0.09173578857895023,0.8492019812878371,0.7162582505121008,0.2920689002460723,0.9717961914565105,0.43464788732394366,0.011481284843374373,1543.0,9441.0,3740.0,274.0,False,0.11584294874158528,0.14382347607183188,1.4314809145301466,0.8190291982430967,2.02054007322793
resnet18,1.0,17,head_mc_temperature,1.0,vinbig,pleural_effusion,14998,634,14364,0.04227230297372983,0.8992424981134927,0.6268245870717886,0.027681673107119265,0.12424837508354356,0.048598259306718315,0.04217801077875409,0.9085173501577287,0.6026872737399053,0.09167595097883177,0.9933448078026391,0.16654619054503397,0.05651359334480471,576.0,8657.0,5707.0,58.0,False,0.04553419164022411,0.3920684191378999,0.6571405227775245,1.8652025362512965,-0.7255152373185674
resnet18,1.0,43,raw,1.0,chexpert,cardiomegaly,19255,2034,17221,0.10563490002596729,0.7777690988860927,0.3345176680223425,0.09323452175426013,0.38962496230051535,0.08164647378511182,0.08164368486084249,0.7345132743362832,0.6791707798617966,0.21285083345205869,0.9558679306963059,0.33005633491660225,0.012147170099805137,1494.0,11696.0,5525.0,540.0,False,0.1010838392508862,0.07765155691350789,0.6872812678730248,0.654072302071441,1.9175386990362313
resnet18,1.0,43,raw,1.0,chexpert,pleural_effusion,18933,5642,13291,0.2979982041937358,0.8522181374997129,0.7150208720858318,0.17908248995915443,0.5402812129366473,0.16003338914147064,0.16003338914147064,0.9498404820985467,0.4629448498984275,0.4288229175002001,0.9560285891858297,0.5908815259937152,0.03912164687533285,5359.0,6153.0,7138.0,283.0,False,0.24329855584761897,0.2639393631612178,1.5739212141806729,1.1629800717275016,1.2790958624907238
resnet18,1.0,43,raw,1.0,nih,cardiomegaly,21329,497,20832,0.023301608139153267,0.8849194919903445,0.2312394980069876,0.020034275719966608,0.08200210595617062,0.004529455451068208,0.004159214934189383,0.8853118712273642,0.6853878648233487,0.06291106662853875,0.9960237181723055,0.11747430249632893,0.012147170099805137,440.0,14278.0,6554.0,57.0,False,0.022759736702063146,0.11974923162663298,-0.4053627715109103,0.8697302047661435,-0.08545249381029357
resnet18,1.0,43,raw,1.0,nih,pleural_effusion,21329,2536,18793,0.11889915139012612,0.8733990657975375,0.49625207828712065,0.07723358376353051,0.2562346348031791,0.009759908086844583,0.011274494685178542,0.9238958990536278,0.6112382269994147,0.24282309047569697,0.9834760273972603,0.38457119409109564,0.03912164687533285,2343.0,11487.0,7306.0,193.0,False,0.10479318686123498,0.2629904092352716,-0.14988484125529838,0.8813738939442003,-0.01251223416956342
resnet18,1.0,43,raw,1.0,vinbig,cardiomegaly,14998,1817,13181,0.12114948659821309,0.8728719358349941,0.5139386672120124,0.09508882237725796,0.3355920255565501,0.08362092226042837,0.08368784328831261,0.9124931205283434,0.6379637356801456,0.2578538102643857,0.9814425770308123,0.40208560688735295,0.012147170099805137,1658.0,8409.0,4772.0,159.0,False,0.11584294874158528,0.17915744194861816,1.4435189284810082,0.9341661747020925,1.6331005946346988
resnet18,1.0,43,raw,1.0,vinbig,pleural_effusion,14998,634,14364,0.04227230297372983,0.893839598119027,0.5171063366474837,0.030327082467289802,0.12475377575789401,0.035197798660135775,0.029688482286730374,0.9132492113564669,0.5967000835421888,0.0908662900188324,0.9936239276605611,0.1652868969454753,0.03912164687533285,579.0,8571.0,5793.0,55.0,False,0.04553419164022411,0.3339712120748535,-0.13739370650415353,1.3655586451425337,-0.6747924487868109
resnet18,1.0,43,temperature,0.1,chexpert,cardiomegaly,0,0,0,,,,,,,,,,,,,,,,,,,,,,,
resnet18,1.0,43,temperature,0.1,chexpert,pleural_effusion,18933,5642,13291,0.2979982041937358,0.8522181374997129,0.7150208720858318,0.172984348424817,0.5141472096389731,0.14191853491673484,0.14191853491673487,0.9443459766040411,0.47821834323978635,0.4344776971377314,0.9529235382308846,0.5951410220608768,0.06035382297338086,5328.0,6356.0,6935.0,314.0,False,0.24329855584761897,0.28900380102067136,1.5737816067747377,1.3312120655739532,1.044252077923765
resnet18,1.0,43,temperature,0.1,nih,cardiomegaly,0,0,0,,,,,,,,,,,,,,,,,,,,,,,
resnet18,1.0,43,temperature,0.1,nih,pleural_effusion,21329,2536,18793,0.11889915139012612,0.8733990657975375,0.49625207828712065,0.0775383977691648,0.256232684010908,0.01417642045218872,0.013872735260480624,0.9211356466876972,0.6206034161655936,0.24677794210859919,0.9831408581303211,0.38926845525745707,0.06035382297338086,2336.0,11663.0,7130.0,200.0,False,0.10479318686123498,0.2600816895487722,-0.14996059553744648,1.008882445501115,-0.15938848505511247
resnet18,1.0,43,temperature,0.1,vinbig,cardiomegaly,0,0,0,,,,,,,,,,,,,,,,,,,,,,,
resnet18,1.0,43,temperature,0.1,vinbig,pleural_effusion,14998,634,14364,0.04227230297372983,0.893839598119027,0.5171063366474837,0.03229047714366576,0.13625179819395067,0.05108839435844449,0.04482305860001274,0.9116719242902208,0.6122250069618491,0.09401431359791802,0.9936723163841807,0.17045119433795342,0.06035382297338086,578.0,8794.0,5570.0,56.0,False,0.04553419164022411,0.2908520832257201,-0.13748265513126282,1.5630894282961836,-0.8903725016105802
resnet18,1.0,43,logistic,0.1,chexpert,cardiomegaly,0,0,0,,,,,,,,,,,,,,,,,,,,,,,
resnet18,1.0,43,logistic,0.1,chexpert,pleural_effusion,18933,5642,13291,0.2979982041937358,0.8522181374997129,0.7150208720858318,0.17746596292237085,0.5244292774629673,0.14867258375837236,0.1486725837583724,0.9443459766040411,0.47821834323978635,0.4344776971377314,0.9529235382308846,0.5951410220608768,0.061204193558561236,5328.0,6356.0,6935.0,314.0,False,0.24329855584761897,0.2705835745547126,1.7563508607173957,1.4053474501725889,1.0869738883509414
resnet18,1.0,43,logistic,0.1,nih,cardiomegaly,0,0,0,,,,,,,,,,,,,,,,,,,,,,,
resnet18,1.0,43,logistic,0.1,nih,pleural_effusion,21329,2536,18793,0.11889915139012612,0.8733990657975375,0.49625207828712065,0.0773563882937731,0.25575163427991926,0.011403365750161274,0.011938622753295072,0.9211356466876972,0.6206034161655936,0.24677794210859919,0.9831408581303211,0.38926845525745707,0.061204193558561236,2336.0,11663.0,7130.0,200.0,False,0.10479318686123498,0.2618185340979575,-0.011316467357929174,1.0652335084648237,-0.08719405534921688
resnet18,1.0,43,logistic,0.1,vinbig,cardiomegaly,0,0,0,,,,,,,,,,,,,,,,,,,,,,,
resnet18,1.0,43,logistic,0.1,vinbig,pleural_effusion,14998,634,14364,0.04227230297372983,0.893839598119027,0.5171063366474837,0.032029254657357106,0.13584092482519194,0.05009729891652798,0.042621804789270364,0.9116719242902208,0.6122250069618491,0.09401431359791802,0.9936723163841807,0.17045119433795342,0.061204193558561236,578.0,8794.0,5570.0,56.0,False,0.04553419164022411,0.29658892573678586,0.07707456984226645,1.6501728200112031,-0.8439250573098637
resnet18,1.0,43,temperature,0.25,chexpert,cardiomegaly,19255,2034,17221,0.10563490002596729,0.7777690988860927,0.3345176680223425,0.09507095559133494,0.4290478515376854,0.08743081246277694,0.08735140897377576,0.7094395280235988,0.7108762557342779,0.22469635627530365,0.9539468557624874,0.3412961210974456,0.008308415349438082,1443.0,12242.0,4979.0,591.0,False,0.1010838392508862,0.05948412430821426,0.6872567296935421,0.5812868939689897,2.3395195285653547
resnet18,1.0,43,temperature,0.25,chexpert,pleural_effusion,18933,5642,13291,0.2979982041937358,0.8522181374997129,0.7150208720858318,0.17223277241969454,0.5112767535721927,0.13934855919526687,0.13934855919526687,0.9537398085785183,0.44556466782032955,0.4220392156862745,0.9577874818049491,0.5851457155284906,0.057166901682985174,5381.0,5922.0,7369.0,261.0,False,0.24329855584761897,0.2920929110341035,1.573771020012454,1.3556966349951938,1.014495921957788
resnet18,1.0,43,temperature,0.25,nih,cardiomegaly,21329,497,20832,0.023301608139153267,0.8849194919903445,0.2312394980069876,0.020026381238950522,0.0833620356793585,0.005962257084718342,0.005227353160509179,0.8712273641851107,0.7102054531490015,0.0669242658423493,0.9956928460865468,0.1243002727142242,0.008308415349438082,433.0,14795.0,6037.0,64.0,False,0.022759736702063146,0.12009609332892013,-0.4048897799812848,0.773012114943203,0.19977488599862742
resnet18,1.0,43,temperature,0.25,nih,pleural_effusion,21329,2536,18793,0.11889915139012612,0.8733990657975375,0.49625207828712065,0.07762338378464245,0.2565509066230694,0.015988743985899532,0.015292749999374853,0.929416403785489,0.601606981322833,0.23943518894758228,0.9844144536351763,0.3807754442649435,0.057166901682985174,2357.0,11306.0,7487.0,179.0,False,0.10479318686123498,0.2592707015635495,-0.15000382310581478,1.027424837678051,-0.17887898893870102
resnet18,1.0,43,temperature,0.25,vinbig,cardiomegaly,14998,1817,13181,0.12114948659821309,0.8728719358349941,0.5139386672120124,0.09781889981724139,0.36468570504392794,0.09062458820540016,0.09064899538557417,0.8976334617501376,0.6641377740687353,0.2692307692307692,0.9791946308724833,0.4142222222222222,0.008308415349438082,1631.0,8754.0,4427.0,186.0,False,0.11584294874158528,0.1555903843966433,1.4434998891936035,0.8302124868990809,1.9853766138913498
resnet18,1.0,43,temperature,0.25,vinbig,pleural_effusion,14998,634,14364,0.04227230297372983,0.893839598119027,0.5171063366474837,0.03261622075014995,0.13810062276712348,0.053390232247046164,0.0470659767963258,0.9211356466876972,0.5821498189919243,0.08867294260552687,0.9940561103185925,0.16177285318559556,0.057166901682985174,584.0,8362.0,6002.0,50.0,False,0.04553419164022411,0.2836982589290693,-0.13747481444064305,1.5918452545559225,-0.9186431892586084
resnet18,1.0,43,logistic,0.25,chexpert,cardiomegaly,19255,2034,17221,0.10563490002596729,0.7777690988860927,0.3345176680223425,0.09554845570698645,0.4264114071967741,0.08807567376008915,0.08805858557324159,0.7094395280235988,0.7108762557342779,0.22469635627530365,0.9539468557624874,0.3412961210974456,0.008852527261114206,1443.0,12242.0,4979.0,591.0,False,0.1010838392508862,0.05476032157980404,0.8057746341849947,0.6142894018528967,2.3299332325637305
resnet18,1.0,43,logistic,0.25,chexpert,pleural_effusion,18933,5642,13291,0.2979982041937358,0.8522181374997129,0.7150208720858318,0.17671474551237548,0.5216068525335453,0.14624095253783134,0.14624095253783137,0.9537398085785183,0.44556466782032955,0.4220392156862745,0.9577874818049491,0.5851457155284906,0.05806247929840805,5381.0,5922.0,7369.0,261.0,False,0.24329855584761897,0.27367121067889033,1.7574173337490056,1.4296206041052266,1.0587109710257139
resnet18,1.0,43,logistic,0.25,nih,cardiomegaly,21329,497,20832,0.023301608139153267,0.8849194919903445,0.2312394980069876,0.019970241163595394,0.08299478031514278,0.0060371780474136934,0.004383599510364903,0.8712273641851107,0.7102054531490015,0.0669242658423493,0.9956928460865468,0.1243002727142242,0.008852527261114206,433.0,14795.0,6037.0,64.0,False,0.022759736702063146,0.12256273325933897,-0.24698702537599318,0.8169863192411476,0.257383645557067
resnet18,1.0,43,logistic,0.25,nih,pleural_effusion,21329,2536,18793,0.11889915139012612,0.8733990657975375,0.49625207828712065,0.07742334779378555,0.25605299716528634,0.013047700486961881,0.01367288122480451,0.929416403785489,0.601606981322833,0.23943518894758228,0.9844144536351763,0.3807754442649435,0.05806247929840805,2357.0,11306.0,7487.0,179.0,False,0.10479318686123498,0.2611795660312537,-0.010618163635370857,1.0835683751466907,-0.10678564292257264
resnet18,1.0,43,logistic,0.25,vinbig,cardiomegaly,14998,1817,13181,0.12114948659821309,0.8728719358349941,0.5139386672120124,0.09915231357005234,0.3676917388692304,0.09240059478596443,0.0924333283620711,0.8976334617501376,0.6641377740687353,0.2692307692307692,0.9791946308724833,0.4142222222222222,0.008852527261114206,1631.0,8754.0,4427.0,186.0,False,0.11584294874158528,0.14407985425824488,1.6127748760304907,0.8773411597839346,2.0094869292783955
resnet18,1.0,43,logistic,0.25,vinbig,pleural_effusion,14998,634,14364,0.04227230297372983,0.893839598119027,0.5171063366474837,0.032319882970456786,0.13756319454338603,0.05229725147582944,0.0447393701199464,0.9211356466876972,0.5821498189919243,0.08867294260552687,0.9940561103185925,0.16177285318559556,0.05806247929840805,584.0,8362.0,6002.0,50.0,False,0.04553419164022411,0.29020628661153247,0.0783420532998785,1.678697439681989,-0.8714292452739231
resnet18,1.0,43,temperature,0.5,chexpert,cardiomegaly,19255,2034,17221,0.10563490002596729,0.7777690988860927,0.3345176680223425,0.09445609410899546,0.41459623172093146,0.08561989620241527,0.08554336886254472,0.7094395280235988,0.7108762557342779,0.22469635627530365,0.9539468557624874,0.3412961210974456,0.010044390707098233,1443.0,12242.0,4979.0,591.0,False,0.1010838392508862,0.06556681256873254,0.6874350905838854,0.6055702552483715,2.188773395141099
resnet18,1.0,43,temperature,0.5,chexpert,pleural_effusion,18933,5642,13291,0.2979982041937358,0.8522181374997129,0.7150208720858318,0.17434470583974648,0.5195399852821782,0.1463513126491183,0.1463513126491183,0.9399149237858915,0.48860130915657213,0.4382644628099174,0.9503878237962827,0.5977905534888964,0.05746572616018102,5303.0,6494.0,6797.0,339.0,False,0.24329855584761897,0.2834124919798504,1.5737868710406173,1.2893737028406151,1.0974544237616985
resnet18,1.0,43,temperature,0.5,nih,cardiomegaly,21329,497,20832,0.023301608139153267,0.8849194919903445,0.2312394980069876,0.02001441563351223,0.08264503254690816,0.005120460572388719,0.0045732206776503085,0.8712273641851107,0.7102054531490015,0.0669242658423493,0.9956928460865468,0.1243002727142242,0.010044390707098233,433.0,14795.0,6037.0,64.0,False,0.022759736702063146,0.12062182899954443,-0.4045401959742507,0.8053509952822239,0.09931037491997298
resnet18,1.0,43,temperature,0.5,nih,pleural_effusion,21329,2536,18793,0.11889915139012612,0.8733990657975375,0.49625207828712065,0.07741581547363462,0.25585615351141017,0.012935649252685392,0.01257299416958733,0.9175867507886435,0.6270951950194221,0.2492769148366363,0.9825746206436552,0.39204784769606604,0.05746572616018102,2327.0,11785.0,7008.0,209.0,False,0.10479318686123498,0.26125144398798494,-0.1498727231186635,0.9772117890093374,-0.12505806569956512
resnet18,1.0,43,temperature,0.5,vinbig,cardiomegaly,14998,1817,13181,0.12114948659821309,0.8728719358349941,0.5139386672120124,0.09688303339283798,0.3539301811319761,0.08836097759582882,0.08839604763495701,0.8976334617501376,0.6641377740687353,0.2692307692307692,0.9791946308724833,0.4142222222222222,0.010044390707098233,1631.0,8754.0,4427.0,186.0,False,0.11584294874158528,0.1636691361426047,1.443502867108715,0.8648430073220268,1.8597534449179731
resnet18,1.0,43,temperature,0.5,vinbig,pleural_effusion,14998,634,14364,0.04227230297372983,0.893839598119027,0.5171063366474837,0.03175666683638474,0.13318326360250782,0.04709784365954603,0.04100880795293282,0.9037854889589906,0.6230854915065441,0.09570736595957909,0.9932304960603706,0.17308563661078388,0.05746572616018102,573.0,8950.0,5414.0,61.0,False,0.04553419164022411,0.3025753682573019,-0.1375018157389145,1.5139495189882644,-0.8403763935328841
resnet18,1.0,43,logistic,0.5,chexpert,cardiomegaly,19255,2034,17221,0.10563490002596729,0.7777690988860927,0.3345176680223425,0.09555090886957095,0.41126610216309323,0.08715183179168237,0.08715183179168239,0.7094395280235988,0.7108762557342779,0.22469635627530365,0.9539468557624874,0.3412961210974456,0.011165947007172872,1443.0,12242.0,4979.0,591.0,False,0.1010838392508862,0.05473605298649897,0.9617784892293273,0.6812114613870022,2.184093999774629
resnet18,1.0,43,logistic,0.5,chexpert,pleural_effusion,18933,5642,13291,0.2979982041937358,0.8522181374997129,0.7150208720858318,0.17849050755481172,0.5292483641077739,0.1526988559351023,0.1526988559351023,0.9399149237858915,0.48860130915657213,0.4382644628099174,0.9503878237962827,0.5977905534888964,0.0578473190478814,5303.0,6494.0,6797.0,339.0,False,0.24329855584761897,0.26637251531158856,1.7332674297613073,1.349793121775239,1.1397584582267146
resnet18,1.0,43,logistic,0.5,nih,cardiomegaly,21329,497,20832,0.023301608139153267,0.8849194919903445,0.2312394980069876,0.019945040126045425,0.08217414004526537,0.004998973839104763,0.0040021826597427665,0.8712273641851107,0.7102054531490015,0.0669242658423493,0.9956928460865468,0.1243002727142242,0.011165947007172872,433.0,14795.0,6037.0,64.0,False,0.022759736702063146,0.12366999727912376,-0.03946863764850319,0.9060102212103128,0.2225150388389724
resnet18,1.0,43,logistic,0.5,nih,pleural_effusion,21329,2536,18793,0.11889915139012612,0.8733990657975375,0.49625207828712065,0.0772516744571313,0.2553632133217564,0.008841873817797913,0.010028248534891197,0.9175867507886435,0.6270951950194221,0.2492769148366363,0.9825746206436552,0.39204784769606604,0.0578473190478814,2327.0,11785.0,7008.0,209.0,False,0.10479318686123498,0.2628177768901484,-0.029058125774531932,1.0229851435013368,-0.05606169934208587
resnet18,1.0,43,logistic,0.5,vinbig,cardiomegaly,14998,1817,13181,0.12114948659821309,0.8728719358349941,0.5139386672120124,0.09985790393705009,0.361929550904233,0.09229615666639626,0.09235787383548041,0.8976334617501376,0.6641377740687353,0.2692307692307692,0.9791946308724833,0.4142222222222222,0.011165947007172872,1631.0,8754.0,4427.0,186.0,False,0.11584294874158528,0.1379889322413017,1.835645517990022,0.9729493706143307,1.921743212131699
resnet18,1.0,43,logistic,0.5,vinbig,pleural_effusion,14998,634,14364,0.04227230297372983,0.893839598119027,0.5171063366474837,0.03150800728408496,0.13261658202743948,0.0459332839149349,0.038765370380366294,0.9037854889589906,0.6230854915065441,0.09570736595957909,0.9932304960603706,0.17308563661078388,0.0578473190478814,573.0,8950.0,5414.0,61.0,False,0.04553419164022411,0.308036309658535,0.04978283470016145,1.5848585249985405,-0.7937155066334405
resnet18,1.0,43,temperature,1.0,chexpert,cardiomegaly,19255,2034,17221,0.10563490002596729,0.7777690988860927,0.3345176680223425,0.09315296303599768,0.3881106680560285,0.08137036866257343,0.08136782927240321,0.7345132743362832,0.6791707798617966,0.21285083345205869,0.9558679306963059,0.33005633491660225,0.012412694518306927,1494.0,11696.0,5525.0,540.0,False,0.1010838392508862,0.07845839922249476,0.6872881321915713,0.6573446855730338,1.9005559665302316
resnet18,1.0,43,temperature,1.0,chexpert,pleural_effusion,18933,5642,13291,0.2979982041937358,0.8522181374997129,0.7150208720858318,0.1737298054476502,0.5170710917191219,0.14438063836906048,0.14438063836906048,0.9498404820985467,0.4629448498984275,0.4288229175002001,0.9560285891858297,0.5908815259937152,0.05487353014779179,5359.0,6153.0,7138.0,283.0,False,0.24329855584761897,0.28593984110427917,1.5738013825133472,1.3079207047820864,1.073498551087945
resnet18,1.0,43,temperature,1.0,nih,cardiomegaly,21329,497,20832,0.023301608139153267,0.8849194919903445,0.2312394980069876,0.02003778349388799,0.08199332724498896,0.00481850600242414,0.004157191944112364,0.8853118712273642,0.6853878648233487,0.06291106662853875,0.9960237181723055,0.11747430249632893,0.012412694518306927,440.0,14278.0,6554.0,57.0,False,0.022759736702063146,0.11959510972411269,-0.40535724732771883,0.8740706004998907,-0.097201637172798
resnet18,1.0,43,temperature,1.0,nih,pleural_effusion,21329,2536,18793,0.11889915139012612,0.8733990657975375,0.49625207828712065,0.07746654454347694,0.25599592285081846,0.012929044128914699,0.013079629784927337,0.9238958990536278,0.6112382269994147,0.24282309047569697,0.9834760273972603,0.38457119409109564,0.05487353014779179,2343.0,11487.0,7306.0,193.0,False,0.10479318686123498,0.2607673565070927,-0.14991627624333034,0.9912426744347078,-0.1404354327378513
resnet18,1.0,43,temperature,1.0,vinbig,cardiomegaly,14998,1817,13181,0.12114948659821309,0.8728719358349941,0.5139386672120124,0.09497194738882353,0.3344918400528609,0.08329201310514128,0.08336167815939494,0.9124931205283434,0.6379637356801456,0.2578538102643857,0.9814425770308123,0.40208560688735295,0.012412694518306927,1658.0,8409.0,4772.0,159.0,False,0.11584294874158528,0.18016635090426947,1.4435159344203354,0.9388426492672851,1.6188802246244747
resnet18,1.0,43,temperature,1.0,vinbig,pleural_effusion,14998,634,14364,0.04227230297372983,0.893839598119027,0.5171063366474837,0.03198962835949028,0.13452827973610498,0.04883230419138384,0.042695915724171085,0.9132492113564669,0.5967000835421888,0.0908662900188324,0.9936239276605611,0.1652868969454753,0.05487353014779179,579.0,8571.0,5793.0,55.0,False,0.04553419164022411,0.297459179417359,-0.13749255781024108,1.5357261420532928,-0.8628026830041917
resnet18,1.0,43,logistic,1.0,chexpert,cardiomegaly,19255,2034,17221,0.10563490002596729,0.7777690988860927,0.3345176680223425,0.09384886238026438,0.386252647811443,0.08241123009204944,0.08241123009204943,0.7345132743362832,0.6791707798617966,0.21285083345205869,0.9558679306963059,0.33005633491660225,0.013351235886887563,1494.0,11696.0,5525.0,540.0,False,0.1010838392508862,0.07157402136918134,0.8659632113050392,0.710155234538493,1.897604815550804
resnet18,1.0,43,logistic,1.0,chexpert,pleural_effusion,18933,5642,13291,0.2979982041937358,0.8522181374997129,0.7150208720858318,0.18026542524261704,0.5324186858054787,0.15426491301561693,0.15426491301561696,0.9498404820985467,0.4629448498984275,0.4288229175002001,0.9560285891858297,0.5908815259937152,0.05572830278924519,5359.0,6153.0,7138.0,283.0,False,0.24329855584761897,0.25907729039082494,1.8322994912942128,1.4068295255554617,1.139163366542362
resnet18,1.0,43,logistic,1.0,nih,cardiomegaly,21329,497,20832,0.023301608139153267,0.8849194919903445,0.2312394980069876,0.019925024924600427,0.0815910715879453,0.0026623429547491546,0.0021668745285082433,0.8853118712273642,0.6853878648233487,0.06291106662853875,0.9960237181723055,0.11747430249632893,0.013351235886887563,440.0,14278.0,6554.0,57.0,False,0.022759736702063146,0.12454940997651154,-0.1677248500476316,0.9442748690771118,-0.024418376436959554
resnet18,1.0,43,logistic,1.0,nih,pleural_effusion,21329,2536,18793,0.11889915139012612,0.8733990657975375,0.49625207828712065,0.07731665218234823,0.25549807696693766,0.009000601011790175,0.009782312162694746,0.9238958990536278,0.6112382269994147,0.24282309047569697,0.9834760273972603,0.38457119409109564,0.05572830278924519,2343.0,11487.0,7306.0,193.0,False,0.10479318686123498,0.2621977201177269,0.04616297278427792,1.0662871146500132,-0.03446236226169551
resnet18,1.0,43,logistic,1.0,vinbig,cardiomegaly,14998,1817,13181,0.12114948659821309,0.8728719358349941,0.5139386672120124,0.09688118012862598,0.33940704353638856,0.08593997618035183,0.08603851942129047,0.9124931205283434,0.6379637356801456,0.2578538102643857,0.9814425770308123,0.40208560688735295,0.013351235886887563,1658.0,8409.0,4772.0,159.0,False,0.11584294874158528,0.16368513421786202,1.6988912203157045,1.0143107423330322,1.6568841428749763
resnet18,1.0,43,logistic,1.0,vinbig,pleural_effusion,14998,634,14364,0.04227230297372983,0.893839598119027,0.5171063366474837,0.031633423954252254,0.13373493602328132,0.04753696469909681,0.03921935181816389,0.9132492113564669,0.5967000835421888,0.0908662900188324,0.9936239276605611,0.1652868969454753,0.05572830278924519,579.0,8571.0,5793.0,55.0,False,0.04553419164022411,0.3052819691146589,0.166150451512422,1.6518716920483723,-0.7916811987204697
resnet18,1.0,43,head_mc,1.0,chexpert,cardiomegaly,19255,2034,17221,0.10563490002596729,0.7779548385877456,0.3347299436555575,0.09311400429037993,0.38729152684739276,0.08127550394146715,0.08123811957795476,0.7384464110127827,0.6788804366761512,0.21359499431171786,0.9564754970138264,0.3313478932274432,0.012449962581854854,1502.0,11691.0,5530.0,532.0,False,0.1010838392508862,0.07884380945133518,0.6908884393629984,0.659967032780765,1.8925704999218567
resnet18,1.0,43,head_mc,1.0,chexpert,pleural_effusion,18933,5642,13291,0.2979982041937358,0.8520872095738427,0.7147363616936602,0.1788727881575158,0.5391764217673755,0.1593427408151976,0.1593427408151976,0.9471818504076569,0.4676848995560906,0.4303083984217731,0.9542523794903285,0.5917723271136703,0.0405916611122963,5344.0,6216.0,7075.0,298.0,False,0.24329855584761897,0.2648012745725209,1.5756189406136698,1.1704977373702434,1.2686296943425173
resnet18,1.0,43,head_mc,1.0,nih,cardiomegaly,21329,497,20832,0.023301608139153267,0.8850812246752404,0.23116935088472465,0.02005358992752419,0.08200055041893589,0.0046517784385549515,0.004468482141042281,0.8893360160965795,0.6837557603686636,0.06287339971550499,0.9961535771732289,0.11744386873920552,0.012449962581854854,442.0,14244.0,6588.0,55.0,False,0.022759736702063146,0.11890061866548951,-0.4048226066950629,0.8764503920615131,-0.10325292276351275
resnet18,1.0,43,head_mc,1.0,nih,pleural_effusion,21329,2536,18793,0.11889915139012612,0.8732981405755316,0.496074517571255,0.07726401814364334,0.2562034960410041,0.009867240746835733,0.011001055697145252,0.9227129337539433,0.6140584260096844,0.24392786406754927,0.9832992501704159,0.3858520900321543,0.0405916611122963,2340.0,11540.0,7253.0,196.0,False,0.10479318686123498,0.2626999859642136,-0.14959893440955455,0.8872056103779677,-0.019378385320922568
resnet18,1.0,43,head_mc,1.0,vinbig,cardiomegaly,14998,1817,13181,0.12114948659821309,0.8723912026771579,0.5124559307840181,0.09496259813754547,0.3343407965523594,0.08312468305496284,0.08319617992893155,0.9119427627958173,0.6372809346787042,0.2573780677228953,0.9813084112149533,0.40145366444579045,0.012449962581854854,1657.0,8400.0,4781.0,160.0,False,0.11584294874158528,0.18024705716545864,1.4354174160000992,0.9383143096022553,1.6120030819143685
resnet18,1.0,43,head_mc,1.0,vinbig,pleural_effusion,14998,634,14364,0.04227230297372983,0.8939361196542004,0.5173078913054819,0.030383829221854838,0.12514552733805093,0.03613577286420074,0.03030083171837772,0.9116719242902208,0.6017126148705096,0.09176059692014606,0.9935624784457984,0.16673878551853455,0.0405916611122963,578.0,8643.0,5721.0,56.0,False,0.04553419164022411,0.33272496716479993,-0.1364443339325136,1.3741546658720791,-0.6846235095613941
resnet18,1.0,43,head_mc_temperature,1.0,chexpert,cardiomegaly,19255,2034,17221,0.10563490002596729,0.7779548385877456,0.3347299436555575,0.09314793057675833,0.38791576905398895,0.08146027906479267,0.08135354761158033,0.7384464110127827,0.6788804366761512,0.21359499431171786,0.9564754970138264,0.3313478932274432,0.012339004139200973,1502.0,11691.0,5530.0,532.0,False,0.1010838392508862,0.07850818422548489,0.6908854618195538,0.658601739851528,1.899598889250816
resnet18,1.0,43,head_mc_temperature,1.0,chexpert,pleural_effusion,18933,5642,13291,0.2979982041937358,0.8520872095738427,0.7147363616936602,0.1738335955892202,0.517412542149518,0.14454919956395904,0.14454919956395904,0.9471818504076569,0.4676848995560906,0.4303083984217731,0.9542523794903285,0.5917723271136703,0.05566449612937612,5344.0,6216.0,7075.0,298.0,False,0.24329855584761897,0.28551324530633704,1.575501079209659,1.307537866627025,1.0750936714873411
resnet18,1.0,43,head_mc_temperature,1.0,nih,cardiomegaly,21329,497,20832,0.023301608139153267,0.8850812246752404,0.23116935088472465,0.02005205971330561,0.08200284590687275,0.004698951320091432,0.004467929692814543,0.8893360160965795,0.6837557603686636,0.06287339971550499,0.9961535771732289,0.11744386873920552,0.012339004139200973,442.0,14244.0,6588.0,55.0,False,0.022759736702063146,0.1189678520539339,-0.40545735450346926,0.8744437084616022,-0.09838431329132813
resnet18,1.0,43,head_mc_temperature,1.0,nih,pleural_effusion,21329,2536,18793,0.11889915139012612,0.8732981405755316,0.496074517571255,0.07749158544909399,0.25605682613312625,0.01296893064343978,0.013379699518669961,0.9227129337539433,0.6140584260096844,0.24392786406754927,0.9832992501704159,0.3858520900321543,0.05566449612937612,2340.0,11540.0,7253.0,196.0,False,0.10479318686123498,0.26052840103329644,-0.14964786444416447,0.9910901051386594,-0.13999281533215954
resnet18,1.0,43,head_mc_temperature,1.0,vinbig,cardiomegaly,14998,1817,13181,0.12114948659821309,0.8723912026771579,0.5124559307840181,0.09501105955001818,0.334794737903667,0.08326204465740675,0.08333236448655179,0.9119427627958173,0.6372809346787042,0.2573780677228953,0.9813084112149533,0.40145366444579045,0.012339004139200973,1657.0,8400.0,4781.0,160.0,False,0.11584294874158528,0.17982871998568928,1.4354995478605672,0.9363846175146423,1.6178871272023732
resnet18,1.0,43,head_mc_temperature,1.0,vinbig,pleural_effusion,14998,634,14364,0.04227230297372983,0.8939361196542004,0.5173078913054819,0.03196101970769321,0.134433036364223,0.04893194258269611,0.04261550556934857,0.9116719242902208,0.6017126148705096,0.09176059692014606,0.9935624784457984,0.16673878551853455,0.05566449612937612,578.0,8643.0,5721.0,56.0,False,0.04553419164022411,0.2980874688580306,-0.1365976477601924,1.5349774789191326,-0.8618073297107562
resnet18,1.0,101,raw,1.0,chexpert,cardiomegaly,19255,2034,17221,0.10563490002596729,0.7626736085238593,0.3174632207599915,0.09247634090503891,0.381191765538215,0.07678992088779867,0.07678992088779867,0.8574237954768928,0.4743046280703792,0.1615263499120126,0.9657129344998817,0.27184163354376123,0.006314364670896371,1744.0,8168.0,9053.0,290.0,False,0.1010838392508862,0.08515207188048934,0.25402143133728333,0.574830110404337,1.6442005502571808
resnet18,1.0,101,raw,1.0,chexpert,pleural_effusion,18933,5642,13291,0.2979982041937358,0.8457281170267886,0.6990461667727689,0.18406961697682292,0.5560415827393616,0.16558636265502982,0.16558636265502982,0.9441687344913151,0.4646753442178918,0.4281466002250442,0.951471267909413,0.5891395708913957,0.037047168669075196,5327.0,6176.0,7115.0,315.0,False,0.24329855584761897,0.24344139102860896,1.5316451694550306,1.1060985359664166,1.3352912882842847
resnet18,1.0,101,raw,1.0,nih,cardiomegaly,21329,497,20832,0.023301608139153267,0.8815730886857241,0.215444638797497,0.020215861408562193,0.08321109090023443,0.003356771781675829,0.0035418000510109085,0.9456740442655935,0.6069988479262672,0.054291324939355436,0.9978693181818182,0.10268734979244046,0.006314364670896371,470.0,12645.0,8187.0,27.0,False,0.022759736702063146,0.11177085775646756,-0.26377270419258664,0.8733014716272184,0.06927057873111592
resnet18,1.0,101,raw,1.0,nih,pleural_effusion,21329,2536,18793,0.11889915139012612,0.8685043184244888,0.4922992803692905,0.07795835161908296,0.26011378162402754,0.013428721372650993,0.01211792647969016,0.917192429022082,0.6136859468951206,0.2426455247235552,0.9821170058758409,0.38376505527140736,0.037047168669075196,2326.0,11533.0,7260.0,210.0,False,0.10479318686123498,0.25607423579632294,0.02669602224570016,0.8987423725200258,0.1661581354248045
resnet18,1.0,101,raw,1.0,vinbig,cardiomegaly,14998,1817,13181,0.12114948659821309,0.8485722285755373,0.4474382693930963,0.10415554277372557,0.40760992734172696,0.0969733370962537,0.09697333709625372,0.8970831040176115,0.625976784765951,0.24847560975609756,0.977838350319981,0.3891607974215113,0.006314364670896371,1630.0,8251.0,4930.0,187.0,False,0.11584294874158528,0.10089009382807745,1.4245617035306093,0.7813361879352082,2.18728750651898
resnet18,1.0,101,raw,1.0,vinbig,pleural_effusion,14998,634,14364,0.04227230297372983,0.9007462684928234,0.5601613758231535,0.02806065476692942,0.11413081524996044,0.0234006532972718,0.020367773569504446,0.9006309148264984,0.6650654413812308,0.10609438870308435,0.9934484193011647,0.18982712765957446,0.037047168669075196,571.0,9553.0,4811.0,63.0,False,0.04553419164022411,0.3837454063389779,0.5556608890387998,1.473975993070288,-0.31970401039448487
resnet18,1.0,101,temperature,0.1,chexpert,cardiomegaly,19255,2034,17221,0.10563490002596729,0.7626736085238593,0.3174632207599915,0.09024856241007327,0.34796708394682846,0.0670314213592492,0.0670314213592492,0.9287118977384464,0.33221067301550433,0.1410859660915677,0.9752812819638595,0.24495882772482655,0.005686019521831138,1889.0,5721.0,11500.0,145.0,False,0.1010838392508862,0.10719099038096669,0.2544611146122317,0.6571293727030819,1.2534944271488717
resnet18,1.0,101,temperature,0.1,chexpert,pleural_effusion,18933,5642,13291,0.2979982041937358,0.8457281170267886,0.6990461667727689,0.17908526262785418,0.5334307149607342,0.15219519472677104,0.15219519472677104,0.9179369018078696,0.5350989391317433,0.4559781651699243,0.9388778877887789,0.6092941176470589,0.06453915958197563,5179.0,7112.0,6179.0,463.0,False,0.24329855584761897,0.26392796700356247,1.5318021650229168,1.2241634859790131,1.1533714371972692
resnet18,1.0,101,temperature,0.1,nih,cardiomegaly,21329,497,20832,0.023301608139153267,0.8815730886857241,0.215444638797497,0.020340048010270312,0.08355038181068473,0.005976035826729509,0.006610427740117141,0.9758551307847082,0.4851670506912442,0.043264942016057094,0.9988141120664097,0.0828564106944563,0.005686019521831138,485.0,10107.0,10725.0,12.0,False,0.022759736702063146,0.10631444130781587,-0.2636618401990127,0.9981892392061253,-0.2593803128679951
resnet18,1.0,101,temperature,0.1,nih,pleural_effusion,21329,2536,18793,0.11889915139012612,0.8685043184244888,0.4922992803692905,0.07787582885597523,0.25840489450265247,0.0071477249279642595,0.006242965905504,0.8915615141955836,0.6616293300697068,0.2622969837587007,0.9783617908568731,0.4053424166367874,0.06453915958197563,2261.0,12434.0,6359.0,275.0,False,0.10479318686123498,0.2568617179369034,0.02679286202183297,0.9946717636316346,0.033652521288571546
resnet18,1.0,101,temperature,0.1,vinbig,cardiomegaly,14998,1817,13181,0.12114948659821309,0.8485722285755373,0.4474382693930963,0.10107399123775469,0.36839842525603045,0.08915990011543751,0.08915990011543751,0.9620253164556962,0.47204309232986874,0.20075801079591132,0.989031950405341,0.3321930824781452,0.005686019521831138,1748.0,6222.0,6959.0,69.0,False,0.11584294874158528,0.12749120826314764,1.42456809902786,0.8930482332403671,1.7562916278863618
resnet18,1.0,101,temperature,0.1,vinbig,pleural_effusion,14998,634,14364,0.04227230297372983,0.9007462684928234,0.5601613758231535,0.028829091460682365,0.12034742535431385,0.03333503034966151,0.028956125662491387,0.8659305993690851,0.7407407407407407,0.1284811607769717,0.992074592074592,0.22376197269207254,0.06453915958197563,549.0,10640.0,3724.0,85.0,False,0.04553419164022411,0.36686936953954297,0.5555100084666768,1.6312003482505206,-0.5220346780691729
resnet18,1.0,101,logistic,0.1,chexpert,cardiomegaly,19255,2034,17221,0.10563490002596729,0.7626736085238593,0.3174632207599915,0.09429867875239047,0.3560367997630977,0.07536402790770737,0.07536402790770735,0.9287118977384464,0.33221067301550433,0.1410859660915677,0.9752812819638595,0.24495882772482655,0.009543048004000056,1889.0,5721.0,11500.0,145.0,False,0.1010838392508862,0.06712408777485412,1.263530989306535,0.9483115564280654,1.4281431532852764
resnet18,1.0,101,logistic,0.1,chexpert,pleural_effusion,18933,5642,13291,0.2979982041937358,0.8457281170267886,0.6990461667727689,0.18097157197491864,0.5377120674643877,0.15500748499912143,0.15500748499912145,0.9179369018078696,0.5350989391317433,0.4559781651699243,0.9388778877887789,0.6092941176470589,0.06481171222257456,5179.0,7112.0,6179.0,463.0,False,0.24329855584761897,0.25617490270569676,1.6045671996177853,1.2534738888512913,1.1710495004520274
resnet18,1.0,101,logistic,0.1,nih,cardiomegaly,21329,497,20832,0.023301608139153267,0.8815730886857241,0.215444638797497,0.020602946382469275,0.08469342528137558,0.006639796496186408,0.007450610004626019,0.9758551307847082,0.4851670506912442,0.043264942016057094,0.9988141120664097,0.0828564106944563,0.009543048004000056,485.0,10107.0,10725.0,12.0,False,0.022759736702063146,0.09476341259248222,1.2702914002041015,1.4408389970140574,0.004623516783014332
resnet18,1.0,101,logistic,0.1,nih,pleural_effusion,21329,2536,18793,0.11889915139012612,0.8685043184244888,0.4922992803692905,0.07796276188703626,0.2585281222581977,0.008157440616479212,0.006483295385360228,0.8915615141955836,0.6616293300697068,0.2622969837587007,0.9783617908568731,0.4053424166367874,0.06481171222257456,2261.0,12434.0,6359.0,275.0,False,0.10479318686123498,0.2560321503508337,0.08605897769284893,1.0185675187823007,0.061443121772493475
resnet18,1.0,101,logistic,0.1,vinbig,cardiomegaly,14998,1817,13181,0.12114948659821309,0.8485722285755373,0.4474382693930963,0.10685227872999876,0.3862894872798121,0.09582925786343378,0.09582925786343378,0.9620253164556962,0.47204309232986874,0.20075801079591132,0.989031950405341,0.3321930824781452,0.009543048004000056,1748.0,6222.0,6959.0,69.0,False,0.11584294874158528,0.07761085253140698,2.796724228813335,1.288986238899253,1.8402263930030247
resnet18,1.0,101,logistic,0.1,vinbig,pleural_effusion,14998,634,14364,0.04227230297372983,0.9007462684928234,0.5601613758231535,0.028949836094593104,0.12076125240746921,0.033567761263576766,0.029736809208522116,0.8659305993690851,0.7407407407407407,0.1284811607769717,0.992074592074592,0.22376197269207254,0.06481171222257456,549.0,10640.0,3724.0,85.0,False,0.04553419164022411,0.36421763400715956,0.6526415044448219,1.6703386329993433,-0.5097628962203402
resnet18,1.0,101,temperature,0.25,chexpert,cardiomegaly,19255,2034,17221,0.10563490002596729,0.7626736085238593,0.3174632207599915,0.09088753546280011,0.3566334171489874,0.0700680833586083,0.07006808335860829,0.7954768928220256,0.5646594274432379,0.1775095995611629,0.958974358974359,0.29025024665889315,0.015072793988591439,1618.0,9724.0,7497.0,416.0,False,0.1010838392508862,0.10086977170286593,0.25406254104796383,0.6323243898042247,1.3614586351286369
resnet18,1.0,101,temperature,0.25,chexpert,pleural_effusion,18933,5642,13291,0.2979982041937358,0.8457281170267886,0.6990461667727689,0.1768969511208993,0.5245015741782221,0.14554268446747207,0.14554268446747207,0.9427507975895073,0.46776013843954556,0.42919389978213507,0.9506116207951071,0.5898530634876629,0.05781386553881454,5319.0,6217.0,7074.0,323.0,False,0.24329855584761897,0.27292231347360674,1.5316703690263491,1.2841638465937428,1.0724029727234061
resnet18,1.0,101,temperature,0.25,nih,cardiomegaly,21329,497,20832,0.023301608139153267,0.8815730886857241,0.215444638797497,0.02027799771505225,0.0831411454491206,0.003922316352502906,0.005476276575760787,0.9014084507042254,0.678139400921659,0.06263106388927722,0.996543453724605,0.11712418300653595,0.015072793988591439,448.0,14127.0,6705.0,49.0,False,0.022759736702063146,0.1090407599832176,-0.2635513404650586,0.9607168198266252,-0.16731226246025183
resnet18,1.0,101,temperature,0.25,nih,pleural_effusion,21329,2536,18793,0.11889915139012612,0.8685043184244888,0.4922992803692905,0.07794609463566275,0.25849921329015885,0.008627093342245751,0.008430726933919807,0.916403785488959,0.6165593572074709,0.24386149003147953,0.982032375625053,0.38521465274324546,0.05781386553881454,2324.0,11587.0,7206.0,212.0,False,0.10479318686123498,0.2561911993488909,0.026822009909645384,1.0434855429297285,-0.0274262309215567
resnet18,1.0,101,temperature,0.25,vinbig,cardiomegaly,14998,1817,13181,0.12114948659821309,0.8485722285755373,0.4474382693930963,0.10197938818178777,0.3787688245171186,0.09160592642158207,0.09160592642158207,0.8359933957072097,0.7048782338214096,0.2808282492142725,0.9689227239545313,0.42042623858289513,0.015072793988591439,1519.0,9291.0,3890.0,298.0,False,0.11584294874158528,0.11967548055707233,1.4245831461606124,0.8594767369936762,1.8753406869732485
resnet18,1.0,101,temperature,0.25,vinbig,pleural_effusion,14998,634,14364,0.04227230297372983,0.9007462684928234,0.5601613758231535,0.029331947311409184,0.12412253094786656,0.03859187157670588,0.03361499478608748,0.8990536277602523,0.669660261765525,0.10724365004703669,0.9933904781575957,0.19162884518406456,0.05781386553881454,570.0,9619.0,4745.0,64.0,False,0.04553419164022411,0.3558258913836113,0.5555258343034143,1.7112296762892956,-0.6141403859643294
resnet18,1.0,101,logistic,0.25,chexpert,cardiomegaly,19255,2034,17221,0.10563490002596729,0.7626736085238593,0.3174632207599915,0.0902613271558814,0.35885160147808887,0.06871958705709012,0.06871958705709012,0.7954768928220256,0.5646594274432379,0.1775095995611629,0.958974358974359,0.29025024665889315,0.01372248537592021,1618.0,9724.0,7497.0,416.0,False,0.1010838392508862,0.10706471158207342,0.1142209297039569,0.5855262642966178,1.349122696520301
resnet18,1.0,101,logistic,0.25,chexpert,pleural_effusion,18933,5642,13291,0.2979982041937358,0.8457281170267886,0.6990461667727689,0.18046741401551017,0.5326633086683525,0.150930239008183,0.150930239008183,0.9427507975895073,0.46776013843954556,0.42919389978213507,0.9506116207951071,0.5898530634876629,0.05868171507871833,5319.0,6217.0,7074.0,323.0,False,0.24329855584761897,0.2582470808888021,1.6765867364987295,1.3437311675534869,1.1063715317417513
resnet18,1.0,101,logistic,0.25,nih,cardiomegaly,21329,497,20832,0.023301608139153267,0.8815730886857241,0.215444638797497,0.02040692955034412,0.08355979560214881,0.004685571391512421,0.007072507779875728,0.9014084507042254,0.678139400921659,0.06263106388927722,0.996543453724605,0.11712418300653595,0.01372248537592021,448.0,14127.0,6705.0,49.0,False,0.022759736702063146,0.10337585107062086,-0.47605683797058046,0.8895627318803734,-0.2161039157730038
resnet18,1.0,101,logistic,0.25,nih,pleural_effusion,21329,2536,18793,0.11889915139012612,0.8685043184244888,0.4922992803692905,0.07812075119693301,0.2588401072847463,0.009740722134895442,0.008506809045923892,0.916403785488959,0.6165593572074709,0.24386149003147953,0.982032375625053,0.38521465274324546,0.05868171507871833,2324.0,11587.0,7206.0,212.0,False,0.10479318686123498,0.25452452075554366,0.14447650634604844,1.0918157859927424,0.02344966400652726
resnet18,1.0,101,logistic,0.25,vinbig,cardiomegaly,14998,1817,13181,0.12114948659821309,0.8485722285755373,0.4474382693930963,0.10100296096910716,0.37941069100363856,0.09043171083705433,0.09043171083705433,0.8359933957072097,0.7048782338214096,0.2808282492142725,0.9689227239545313,0.42042623858289513,0.01372248537592021,1519.0,9291.0,3890.0,298.0,False,0.11584294874158528,0.12810436831664374,1.234566350460829,0.7958835412655728,1.8863671999720275
resnet18,1.0,101,logistic,0.25,vinbig,pleural_effusion,14998,634,14364,0.04227230297372983,0.9007462684928234,0.5601613758231535,0.02954517704312455,0.12490419615993434,0.03927089675657655,0.03506494427645685,0.8990536277602523,0.669660261765525,0.10724365004703669,0.9933904781575957,0.19162884518406456,0.05868171507871833,570.0,9619.0,4745.0,64.0,False,0.04553419164022411,0.35114304264874974,0.7484494132413679,1.7904691328081181,-0.5914405326240674
resnet18,1.0,101,temperature,0.5,chexpert,cardiomegaly,19255,2034,17221,0.10563490002596729,0.7626736085238593,0.3174632207599915,0.09085840541237455,0.35622446216487147,0.06993425861476989,0.06993425861476989,0.8569321533923304,0.47488531444167004,0.16159836825514556,0.9656393907190932,0.2719188767550702,0.010079131987916717,1743.0,8178.0,9043.0,291.0,False,0.1010838392508862,0.10115794883030227,0.25405972873849136,0.6334264897415709,1.3564801366430186
resnet18,1.0,101,temperature,0.5,chexpert,pleural_effusion,18933,5642,13291,0.2979982041937358,0.8457281170267886,0.6990461667727689,0.17660614081891854,0.5233606879914235,0.14461472230570008,0.14461472230570008,0.9581708613966679,0.4165976976901663,0.410790273556231,0.959120041572839,0.5750452079566004,0.04903708874759492,5406.0,5537.0,7754.0,236.0,False,0.24329855584761897,0.2741175951347231,1.5318996333704102,1.2927413892495647,1.061535799637869
resnet18,1.0,101,temperature,0.5,nih,cardiomegaly,21329,497,20832,0.023301608139153267,0.8815730886857241,0.215444638797497,0.02028030847057482,0.08315420870644588,0.003981055279056018,0.005526835887121524,0.9456740442655935,0.607286866359447,0.054328979308750434,0.997870326549929,0.10275470048097946,0.010079131987916717,470.0,12651.0,8181.0,27.0,False,0.022759736702063146,0.10893923176464382,-0.26354950137031175,0.9623933565364013,-0.171536417483036
resnet18,1.0,101,temperature,0.5,nih,pleural_effusion,21329,2536,18793,0.11889915139012612,0.8685043184244888,0.4922992803692905,0.07796169880154574,0.25855670353499566,0.00930532803909533,0.009010981681414763,0.930205047318612,0.5806949396051722,0.23039359312432856,0.9840396753832281,0.3693150684931507,0.04903708874759492,2359.0,10913.0,7880.0,177.0,False,0.10479318686123498,0.2560422949558634,0.026858544668447275,1.0503789535436625,-0.0357278907004649
resnet18,1.0,101,temperature,0.5,vinbig,cardiomegaly,14998,1817,13181,0.12114948659821309,0.8485722285755373,0.4474382693930963,0.10193853320732028,0.3782821612205426,0.09149841930425384,0.09149841930425383,0.8970831040176115,0.6262043850997648,0.24858929388439835,0.977846226750385,0.38930021495103895,0.010079131987916717,1630.0,8254.0,4927.0,187.0,False,0.11584294874158528,0.12002815609676887,1.42458527829005,0.8609762414777645,1.8698499164646736
resnet18,1.0,101,temperature,0.5,vinbig,pleural_effusion,14998,634,14364,0.04227230297372983,0.9007462684928234,0.5601613758231535,0.029408747750993922,0.12468258659801545,0.039448040026266534,0.03428450222165887,0.9148264984227129,0.6049846839320524,0.0927406459865686,0.9938243366880146,0.16840882694541232,0.04903708874759492,580.0,8690.0,5674.0,54.0,False,0.04553419164022411,0.3541392370955204,0.5555297290512644,1.7225086904308462,-0.6266004552611948
resnet18,1.0,101,logistic,0.5,chexpert,cardiomegaly,19255,2034,17221,0.10563490002596729,0.7626736085238593,0.3174632207599915,0.09088436771258308,0.35616905479638683,0.06998837534002317,0.06998837534002318,0.8569321533923304,0.47488531444167004,0.16159836825514556,0.9656393907190932,0.2719188767550702,0.010123162931128842,1743.0,8178.0,9043.0,291.0,False,0.1010838392508862,0.10090110955311482,0.2601493321028406,0.6353824274615854,1.3571249231313554
resnet18,1.0,101,logistic,0.5,chexpert,pleural_effusion,18933,5642,13291,0.2979982041937358,0.8457281170267886,0.6990461667727689,0.18047359881759403,0.5323069506402357,0.15055931920477408,0.15055931920477403,0.9581708613966679,0.4165976976901663,0.410790273556231,0.959120041572839,0.5750452079566004,0.05004506941762385,5406.0,5537.0,7754.0,236.0,False,0.24329855584761897,0.25822166026079096,1.6868925125390781,1.3547566280529248,1.1000703624040487
resnet18,1.0,101,logistic,0.5,nih,cardiomegaly,21329,497,20832,0.023301608139153267,0.8815730886857241,0.215444638797497,0.020277071004459954,0.08314357730603335,0.0038669931549195047,0.0054660824518583985,0.9456740442655935,0.607286866359447,0.054328979308750434,0.997870326549929,0.10275470048097946,0.010123162931128842,470.0,12651.0,8181.0,27.0,False,0.022759736702063146,0.10908147708835936,-0.2548904681529022,0.9652066954324616,-0.1696341069102325
resnet18,1.0,101,logistic,0.5,nih,pleural_effusion,21329,2536,18793,0.11889915139012612,0.8685043184244888,0.4922992803692905,0.07814696145265586,0.25892207279343676,0.010318859682008952,0.009031212260424866,0.930205047318612,0.5806949396051722,0.23039359312432856,0.9840396753832281,0.3693150684931507,0.05004506941762385,2359.0,10913.0,7880.0,177.0,False,0.10479318686123498,0.2542744066354573,0.153019977710238,1.1008633914274852,0.02003515454982482
resnet18,1.0,101,logistic,0.5,vinbig,cardiomegaly,14998,1817,13181,0.12114948659821309,0.8485722285755373,0.4474382693930963,0.10197798289663366,0.37829024030251873,0.09154471310358005,0.09154471310358,0.8970831040176115,0.6262043850997648,0.24858929388439835,0.977846226750385,0.38930021495103895,0.010123162931128842,1630.0,8254.0,4927.0,187.0,False,0.11584294874158528,0.11968761150823826,1.4323394370514309,0.8634955204457773,1.8696378866117702
resnet18,1.0,101,logistic,0.5,vinbig,pleural_effusion,14998,634,14364,0.04227230297372983,0.9007462684928234,0.5601613758231535,0.029618282905910124,0.12539744553800888,0.03986128410429443,0.035685218398110216,0.9148264984227129,0.6049846839320524,0.0927406459865686,0.9938243366880146,0.16840882694541232,0.05004506941762385,580.0,8690.0,5674.0,54.0,False,0.04553419164022411,0.3495375268780252,0.7624064525517816,1.8052801595228758,-0.5998625717532167
resnet18,1.0,101,temperature,1.0,chexpert,cardiomegaly,19255,2034,17221,0.10563490002596729,0.7626736085238593,0.3174632207599915,0.09153768951124656,0.3661284892602415,0.072949991290853,0.07294999129085301,0.8574237954768928,0.4743046280703792,0.1615263499120126,0.9657129344998817,0.27184163354376123,0.008317723356279153,1744.0,8168.0,9053.0,290.0,False,0.1010838392508862,0.09443794191420107,0.25403239639390124,0.6082069119128718,1.474284751774526
resnet18,1.0,101,temperature,1.0,chexpert,pleural_effusion,18933,5642,13291,0.2979982041937358,0.8457281170267886,0.6990461667727689,0.1771994316760473,0.5256996642953384,0.14649628497264408,0.1464962849726441,0.9441687344913151,0.4646753442178918,0.4281466002250442,0.951471267909413,0.5891395708913957,0.05597742864791057,5327.0,6176.0,7115.0,315.0,False,0.24329855584761897,0.27167906501249606,1.5317998072609307,1.2755278569315434,1.083675212925907
resnet18,1.0,101,temperature,1.0,nih,cardiomegaly,21329,497,20832,0.023301608139153267,0.8815730886857241,0.215444638797497,0.02023810409324664,0.0829851008482884,0.00346967430814242,0.00439086099673443,0.9456740442655935,0.6069988479262672,0.054291324939355436,0.9978693181818182,0.10268734979244046,0.008317723356279153,470.0,12645.0,8187.0,27.0,False,0.022759736702063146,0.11079357559474423,-0.26554053088411156,0.9234710539425439,-0.07213759072691503
resnet18,1.0,101,temperature,1.0,nih,pleural_effusion,21329,2536,18793,0.11889915139012612,0.8685043184244888,0.4922992803692905,0.07793153732047647,0.2584511200406292,0.007977018428930076,0.00788534536938191,0.917192429022082,0.6136859468951206,0.2426455247235552,0.9821170058758409,0.38376505527140736,0.05597742864791057,2326.0,11533.0,7260.0,210.0,False,0.10479318686123498,0.256330114059115,0.026841832020940197,1.03644284749737,-0.01884163094989028
resnet18,1.0,101,temperature,1.0,vinbig,cardiomegaly,14998,1817,13181,0.12114948659821309,0.8485722285755373,0.4474382693930963,0.10288170404904218,0.3900029485680211,0.09391479886068907,0.0939147988606891,0.8970831040176115,0.625976784765951,0.24847560975609756,0.977838350319981,0.3891607974215113,0.008317723356279153,1630.0,8251.0,4930.0,187.0,False,0.11584294874158528,0.11188634986714796,1.4245694644783429,0.8266993390750867,1.9997896731132445
resnet18,1.0,101,temperature,1.0,vinbig,pleural_effusion,14998,634,14364,0.04227230297372983,0.9007462684928234,0.5601613758231535,0.02925474194659729,0.12355536807516779,0.0378071661076548,0.0329319284138503,0.9006309148264984,0.6650654413812308,0.10609438870308435,0.9934484193011647,0.18982712765957446,0.05597742864791057,571.0,9553.0,4811.0,63.0,False,0.04553419164022411,0.3575214384446399,0.5555210057926869,1.6996698043151803,-0.6012405115499393
resnet18,1.0,101,logistic,1.0,chexpert,cardiomegaly,19255,2034,17221,0.10563490002596729,0.7626736085238593,0.3174632207599915,0.09231775110910946,0.3651309074772282,0.07449453535801974,0.07449453535801975,0.8574237954768928,0.4743046280703792,0.1615263499120126,0.9657129344998817,0.27184163354376123,0.0093375126037653,1744.0,8168.0,9053.0,290.0,False,0.1010838392508862,0.08672096555434194,0.4198651204355784,0.6589697290810606,1.4968883583148318
resnet18,1.0,101,logistic,1.0,chexpert,pleural_effusion,18933,5642,13291,0.2979982041937358,0.8457281170267886,0.6990461667727689,0.17566299970485805,0.5222060797026807,0.14405352835423985,0.14405352835423985,0.9441687344913151,0.4646753442178918,0.4281466002250442,0.951471267909413,0.5891395708913957,0.05563904740406413,5327.0,6176.0,7115.0,315.0,False,0.24329855584761897,0.2779940715518342,1.472443350913576,1.251678079130117,1.0680124074549497
resnet18,1.0,101,logistic,1.0,nih,cardiomegaly,21329,497,20832,0.023301608139153267,0.8815730886857241,0.215444638797497,0.020213745689740853,0.08282030865278918,0.0019605701421266533,0.002813573037598857,0.9456740442655935,0.6069988479262672,0.054291324939355436,0.9978693181818182,0.10268734979244046,0.0093375126037653,470.0,12645.0,8187.0,27.0,False,0.022759736702063146,0.11186381660080902,-0.011671403202133043,1.0012098953143995,-0.014817406750336975
resnet18,1.0,101,logistic,1.0,nih,pleural_effusion,21329,2536,18793,0.11889915139012612,0.8685043184244888,0.4922992803692905,0.07791528551515277,0.2584475639870934,0.008408675922620984,0.008353252030977214,0.917192429022082,0.6136859468951206,0.2426455247235552,0.9821170058758409,0.38376505527140736,0.05563904740406413,2326.0,11533.0,7260.0,210.0,False,0.10479318686123498,0.2564851986195762,-0.021424110425750466,1.017046545838288,-0.04219464924082981
resnet18,1.0,101,logistic,1.0,vinbig,cardiomegaly,14998,1817,13181,0.12114948659821309,0.8485722285755373,0.4474382693930963,0.10402670340219955,0.3908248709902177,0.09524621664491202,0.09524621664491202,0.8970831040176115,0.625976784765951,0.24847560975609756,0.977838350319981,0.3891607974215113,0.0093375126037653,1630.0,8251.0,4930.0,187.0,False,0.11584294874158528,0.10200228384849408,1.649972123796832,0.8957091883179619,1.9988385551534786
resnet18,1.0,101,logistic,1.0,vinbig,pleural_effusion,14998,634,14364,0.04227230297372983,0.9007462684928234,0.5601613758231535,0.029183033286400373,0.12329226740770413,0.03797507365720471,0.032343764109953994,0.9006309148264984,0.6650654413812308,0.10609438870308435,0.9934484193011647,0.18982712765957446,0.05563904740406413,571.0,9553.0,4811.0,63.0,False,0.04553419164022411,0.3590962695246227,0.47658477823470735,1.6679454126857067,-0.6124660691131565
resnet18,1.0,101,head_mc,1.0,chexpert,cardiomegaly,19255,2034,17221,0.10563490002596729,0.7625237977208431,0.3172970933273837,0.09236841408416063,0.37925912288330854,0.07633820784610638,0.07633820784610638,0.8525073746312685,0.4839440218338076,0.16326146313906412,0.9652536483669215,0.2740418806795733,0.0068565582719869,1734.0,8334.0,8887.0,300.0,False,0.1010838392508862,0.08621976797986686,0.25555211346573364,0.579442744973687,1.622960286774368
resnet18,1.0,101,head_mc,1.0,chexpert,pleural_effusion,18933,5642,13291,0.2979982041937358,0.8457128678840679,0.6988770473439828,0.18386361509994986,0.5548511432230266,0.16496622479951525,0.16496622479951523,0.945941155618575,0.46083816116168835,0.4268575541869951,0.9525660964230172,0.5882612289887021,0.036978074359347954,5337.0,6125.0,7166.0,305.0,False,0.24329855584761897,0.2442880950961911,1.5346995569092874,1.1134184913153773,1.3256443941406988
resnet18,1.0,101,head_mc,1.0,nih,cardiomegaly,21329,497,20832,0.023301608139153267,0.8815932267954887,0.21692815072757227,0.020198831939271866,0.08308895160050345,0.0035587966090937693,0.003660257047919868,0.9456740442655935,0.6135272657450077,0.05515784532331886,0.9978919425359151,0.10423597249944555,0.0068565582719869,470.0,12781.0,8051.0,27.0,False,0.022759736702063146,0.11251908562541224,-0.2583954531870704,0.8819834664362424,0.05008486197082604
resnet18,1.0,101,head_mc,1.0,nih,pleural_effusion,21329,2536,18793,0.11889915139012612,0.8685368411051768,0.49245321446612034,0.07795368164389899,0.2599129410094512,0.01291736793353566,0.011596889706653637,0.917192429022082,0.6110253817910924,0.24138646741386469,0.9820405370734627,0.38218862964180084,0.036978074359347954,2326.0,11483.0,7310.0,210.0,False,0.10479318686123498,0.25611879952535777,0.028008773752605683,0.9045332228485689,0.15914594522881326
resnet18,1.0,101,head_mc,1.0,vinbig,cardiomegaly,14998,1817,13181,0.12114948659821309,0.8483916222200223,0.44724037116091653,0.10402292036179803,0.4054256007344339,0.09661335831012348,0.09661335831012349,0.8937809576224546,0.6333358622259313,0.2515099891590522,0.9774031143894157,0.3925549915397631,0.0068565582719869,1624.0,8348.0,4833.0,193.0,False,0.11584294874158528,0.10203494047923956,1.424466725599018,0.7871238836668498,2.16249943284427
resnet18,1.0,101,head_mc,1.0,vinbig,pleural_effusion,14998,634,14364,0.04227230297372983,0.9009869134806874,0.5599567729047855,0.028090496871795507,0.11437244060669668,0.023673663465513802,0.02121338453440296,0.9006309148264984,0.6594263436368699,0.10452132527915065,0.9933927635028841,0.1873052320813515,0.036978074359347954,571.0,9472.0,4892.0,63.0,False,0.04553419164022411,0.38309002839569795,0.5581010422225992,1.4838320950008481,-0.3316655851306351
resnet18,1.0,101,head_mc_temperature,1.0,chexpert,cardiomegaly,19255,2034,17221,0.10563490002596729,0.7625237977208431,0.3172970933273837,0.09155436979204937,0.36626846653557715,0.07298701170442635,0.07298701170442635,0.8525073746312685,0.4839440218338076,0.16326146313906412,0.9652536483669215,0.2740418806795733,0.008680554785303383,1734.0,8334.0,8887.0,300.0,False,0.1010838392508862,0.09427292759612194,0.25554612335844734,0.608519868246866,1.4758429708833518
resnet18,1.0,101,head_mc_temperature,1.0,chexpert,pleural_effusion,18933,5642,13291,0.2979982041937358,0.8457128678840679,0.6988770473439828,0.17730768829522417,0.526019418151961,0.14670188156415714,0.14670188156415712,0.945941155618575,0.46083816116168835,0.4268575541869951,0.9525660964230172,0.5882612289887021,0.05492747677265573,5337.0,6125.0,7166.0,305.0,False,0.24329855584761897,0.2712341112033798,1.534721938287985,1.2756387014073276,1.0856816530487017
resnet18,1.0,101,head_mc_temperature,1.0,nih,cardiomegaly,21329,497,20832,0.023301608139153267,0.8815932267954887,0.21692815072757227,0.020220285620225202,0.08292807004931396,0.003737666027847557,0.00456494443744164,0.9456740442655935,0.6135272657450077,0.05515784532331886,0.9978919425359151,0.10423597249944555,0.008680554785303383,470.0,12781.0,8051.0,27.0,False,0.022759736702063146,0.11157647010950467,-0.2582080582969324,0.9262931762800962,-0.07240078311540245
resnet18,1.0,101,head_mc_temperature,1.0,nih,pleural_effusion,21329,2536,18793,0.11889915139012612,0.8685368411051768,0.49245321446612034,0.07793087839048836,0.25841584055335354,0.007513902051723833,0.007189997046615455,0.917192429022082,0.6110253817910924,0.24138646741386469,0.9820405370734627,0.38218862964180084,0.05492747677265573,2326.0,11483.0,7310.0,210.0,False,0.10479318686123498,0.25633640196778396,0.02812849035058517,1.0363687202410523,-0.01753584821404206
resnet18,1.0,101,head_mc_temperature,1.0,vinbig,cardiomegaly,14998,1817,13181,0.12114948659821309,0.8483916222200223,0.44724037116091653,0.1029167141853642,0.39022958687661785,0.09394047810636033,0.09394047810636033,0.8937809576224546,0.6333358622259313,0.2515099891590522,0.9774031143894157,0.3925549915397631,0.008680554785303383,1624.0,8348.0,4833.0,193.0,False,0.11584294874158528,0.11158412917350768,1.4244738874817215,0.8266166410531616,2.0002543908373673
resnet18,1.0,101,head_mc_temperature,1.0,vinbig,pleural_effusion,14998,634,14364,0.04227230297372983,0.9009869134806874,0.5599567729047855,0.029241174303843067,0.12346410894450464,0.037863767064609845,0.03327503077331523,0.9006309148264984,0.6594263436368699,0.10452132527915065,0.9933927635028841,0.1873052320813515,0.05492747677265573,571.0,9472.0,4892.0,63.0,False,0.04553419164022411,0.35781940448434524,0.5581360035641822,1.6999896934004595,-0.6001839874536546
resnet18,1.0,ensemble,ensemble,1.0,chexpert,cardiomegaly,19255,2034,17221,0.10563490002596729,0.7915506221766123,0.35710570562216126,0.0927512636753412,0.37274451277683507,0.08093669183375765,0.08093669183375765,0.7413962635201573,0.6932814586841647,0.22209131075110455,0.9578018451664662,0.3417951042611061,0.01574677973985672,1508.0,11939.0,5282.0,526.0,False,0.1010838392508862,0.08243232189533145,0.9238309134991058,0.7402621319163323,1.813901521001923
resnet18,1.0,ensemble,ensemble,1.0,chexpert,pleural_effusion,18933,5642,13291,0.2979982041937358,0.8607573373713935,0.7288402029205954,0.18070913300996216,0.5368869390532998,0.16300442614099847,0.16300442614099847,0.9537398085785183,0.459258144609134,0.4281508593252705,0.958994501178319,0.5909939593629874,0.044224780052900314,5381.0,6104.0,7187.0,261.0,False,0.24329855584761897,0.25725357316488706,1.896231239657505,1.3459252150410712,1.2679940501061144
resnet18,1.0,ensemble,ensemble,1.0,nih,cardiomegaly,21329,497,20832,0.023301608139153267,0.8997540349624629,0.24797757073849838,0.019639987775777766,0.07880163421653569,0.001093633666663437,0.001384894723902519,0.8913480885311871,0.7198540706605223,0.07055263577002707,0.9964119601328904,0.1307556080283353,0.01574677973985672,443.0,14996.0,5836.0,54.0,False,0.022759736702063146,0.13707315542022847,-0.020957085126491873,0.9965941170625406,-0.012320347369146637
resnet18,1.0,ensemble,ensemble,1.0,nih,pleural_effusion,21329,2536,18793,0.11889915139012612,0.8780561248306931,0.5110604683673469,0.0759985046257726,0.2514802801160607,0.007711820589604894,0.00901719844121398,0.9231072555205048,0.6232107699675411,0.24846104860963703,0.9836230788611741,0.39153704632881753,0.044224780052900314,2341.0,11712.0,7081.0,195.0,False,0.10479318686123498,0.27477628172136537,0.073070312412509,0.9822977171639456,0.09612641808225966
resnet18,1.0,ensemble,ensemble,1.0,vinbig,cardiomegaly,14998,1817,13181,0.12114948659821309,0.883632742665025,0.5324678026053941,0.09912234810165282,0.35212216509187894,0.09175577435538557,0.09182551378783022,0.8849752339020364,0.722327592747136,0.3052391799544419,0.9785200411099692,0.45391672547635853,0.01574677973985672,1608.0,9521.0,3660.0,209.0,False,0.11584294874158528,0.14433852747681397,2.0659591715991894,1.054645959549128,1.8938233741763209
resnet18,1.0,ensemble,ensemble,1.0,vinbig,pleural_effusion,14998,634,14364,0.04227230297372983,0.9073069327718175,0.6056919052036633,0.027146440871090343,0.1147633293702615,0.03332931472836082,0.029559557055902026,0.9053627760252366,0.6396546922862713,0.09982608695652175,0.9935121107266436,0.17982456140350878,0.044224780052900314,574.0,9188.0,5176.0,60.0,False,0.04553419164022411,0.4038229318842316,0.6796124854474951,1.6794542952421023,-0.4910244820543797
resnet18,1.0,ensemble,ensemble_temperature,1.0,chexpert,cardiomegaly,19255,2034,17221,0.10563490002596729,0.7915506221766123,0.35710570562216126,0.09285467525711648,0.37435595756025597,0.08127671565839299,0.08127671565839299,0.7413962635201573,0.6932814586841647,0.22209131075110455,0.9578018451664662,0.3417951042611061,0.015385527163743973,1508.0,11939.0,5282.0,526.0,False,0.1010838392508862,0.08140929405486119,0.9238295804527946,0.7360659159300215,1.832847160514281
resnet18,1.0,ensemble,ensemble_temperature,1.0,chexpert,pleural_effusion,18933,5642,13291,0.2979982041937358,0.8607573373713935,0.7288402029205954,0.1764079675570839,0.519989918721839,0.15087521311332075,0.15087521311332075,0.9537398085785183,0.459258144609134,0.4281508593252705,0.958994501178319,0.5909939593629874,0.056275270879268646,5381.0,6104.0,7187.0,261.0,False,0.24329855584761897,0.27493212221296337,1.896229225398932,1.4670074952501477,1.1130572967172319
resnet18,1.0,ensemble,ensemble_temperature,1.0,nih,cardiomegaly,21329,497,20832,0.023301608139153267,0.8997540349624629,0.24797757073849838,0.019640008316455893,0.07880160401468753,0.0009422400252795478,0.0013069576300688609,0.8913480885311871,0.7198540706605223,0.07055263577002707,0.9964119601328904,0.1307556080283353,0.015385527163743973,443.0,14996.0,5836.0,54.0,False,0.022759736702063146,0.13707225291953629,-0.0209197190971213,0.9909428204425741,0.0020077366036347815
resnet18,1.0,ensemble,ensemble_temperature,1.0,nih,pleural_effusion,21329,2536,18793,0.11889915139012612,0.8780561248306931,0.5110604683673469,0.07604440537688528,0.25140899583193904,0.00789836323123795,0.00952794802818317,0.9231072555205048,0.6232107699675411,0.24846104860963703,0.9836230788611741,0.39153704632881753,0.056275270879268646,2341.0,11712.0,7081.0,195.0,False,0.10479318686123498,0.27433826897943525,0.07303527876294522,1.0706525741636865,-0.014124970112087852
resnet18,1.0,ensemble,ensemble_temperature,1.0,vinbig,cardiomegaly,14998,1817,13181,0.12114948659821309,0.883632742665025,0.5324678026053941,0.09926795409220572,0.35357516833929553,0.09209836950609154,0.092164981823404,0.8849752339020364,0.722327592747136,0.3052391799544419,0.9785200411099692,0.45391672547635853,0.015385527163743973,1608.0,9521.0,3660.0,209.0,False,0.11584294874158528,0.14308160168085804,2.0659251978260857,1.0486596077315014,1.9118729384237143
resnet18,1.0,ensemble,ensemble_temperature,1.0,vinbig,pleural_effusion,14998,634,14364,0.04227230297372983,0.9073069327718175,0.6056919052036633,0.028091858807503336,0.12182176845173659,0.04345619932431437,0.037976567439678054,0.9053627760252366,0.6396546922862713,0.09982608695652175,0.9935121107266436,0.17982456140350878,0.056275270879268646,574.0,9188.0,5176.0,60.0,False,0.04553419164022411,0.38306011821921804,0.6796488131215057,1.830536299814286,-0.6562580679072413
densenet121,0.1,17,raw,1.0,chexpert,cardiomegaly,19255,2034,17221,0.10563490002596729,0.6437814427823796,0.16022698447566383,0.09903959975729766,0.3996611045624461,0.0779880685836692,0.07798806858366919,0.9169124877089478,0.24731432553277974,0.12578404262494097,0.9618337850045167,0.2212205681750786,0.008985428752560174,1865.0,4259.0,12962.0,169.0,False,0.1010838392508862,0.02022320787118914,-0.07785398716507602,0.5468364145338562,1.4795012048300031
densenet121,0.1,17,raw,1.0,chexpert,pleural_effusion,18933,5642,13291,0.2979982041937358,0.7812595890570071,0.5993285693265171,0.19813526516145502,0.6067227872547416,0.1608406560100066,0.16084065601000666,0.9383197447713577,0.35196749680234746,0.3806716042280866,0.9307600477516912,0.5416133817586577,0.03314851840247966,5294.0,4678.0,8613.0,348.0,False,0.24329855584761897,0.18562909479187495,0.9781337251191194,0.8693158823530439,1.2117523389084242
densenet121,0.1,17,raw,1.0,nih,cardiomegaly,21329,497,20832,0.023301608139153267,0.755008497606221,0.0688075510279711,0.022334882759911738,0.10179913147502816,0.006339422271242978,0.006317671415250559,0.903420523138833,0.4631336405529954,0.03859709447262099,0.995049504950495,0.0740313272877164,0.008985428752560174,449.0,9648.0,11184.0,48.0,False,0.022759736702063146,0.01866690936336257,-0.05156328473522237,0.8943095976641525,0.33014631956334983
densenet121,0.1,17,raw,1.0,nih,pleural_effusion,21329,2536,18793,0.11889915139012612,0.8398845587515722,0.4124538815838381,0.08431791457512805,0.28334860251315147,0.01806217749148994,0.01775093998190191,0.9104889589905363,0.5597828978875113,0.2182007182007182,0.9788778263701499,0.35203537124561673,0.03314851840247966,2309.0,10520.0,8273.0,227.0,False,0.10479318686123498,0.19538743786101165,-0.03107608031523143,0.8270787325661424,0.23525308033751424
densenet121,0.1,17,raw,1.0,vinbig,cardiomegaly,14998,1817,13181,0.12114948659821309,0.7748841257097062,0.313400634255268,0.1134558418444005,0.44498691944019636,0.10158997236555924,0.10160063516178097,0.9488167308750688,0.35634625597450875,0.1688871473354232,0.9805845511482255,0.28673596673596674,0.008985428752560174,1724.0,4697.0,8484.0,93.0,False,0.11584294874158528,0.020606406545380485,3.1646188267925273,1.316044312156394,2.009130772590188
densenet121,0.1,17,raw,1.0,vinbig,pleural_effusion,14998,634,14364,0.04227230297372983,0.8707452011557109,0.4995967581952615,0.03217586212723958,0.13586081634714584,0.04216283150434741,0.03684625638576146,0.919558359621451,0.47319688109161795,0.07153374233128834,0.992552570093458,0.13274134790528233,0.03314851840247966,583.0,6797.0,7567.0,51.0,False,0.04553419164022411,0.2933692030492536,0.21687011116323798,1.5325322077207457,-0.655317647950012
densenet121,0.1,17,temperature,1.0,chexpert,cardiomegaly,19255,2034,17221,0.10563490002596729,0.6437814427823796,0.16022698447566383,0.09731539003539241,0.3729374506288151,0.06788218017493469,0.06788218017493472,0.9169124877089478,0.24731432553277974,0.12578404262494097,0.9618337850045167,0.2212205681750786,0.014337138104496732,1865.0,4259.0,12962.0,169.0,False,0.1010838392508862,0.037280432197877245,-0.07791361982236329,0.6079142468229771,1.1425240163122714
densenet121,0.1,17,temperature,1.0,chexpert,pleural_effusion,18933,5642,13291,0.2979982041937358,0.7812595890570071,0.5993285693265171,0.18975150486430387,0.5664653227802523,0.13482332351073253,0.13482332351073253,0.9383197447713577,0.35196749680234746,0.3806716042280866,0.9307600477516912,0.5416133817586577,0.0556335870334417,5294.0,4678.0,8613.0,348.0,False,0.24329855584761897,0.22008782911499203,0.9781305382422676,1.0355088716036638,0.9238172012942959
densenet121,0.1,17,temperature,1.0,nih,cardiomegaly,21329,497,20832,0.023301608139153267,0.755008497606221,0.0688075510279711,0.022279490888547575,0.10062200506235014,0.0011022694748561769,0.0022080519134509966,0.903420523138833,0.4631336405529954,0.03859709447262099,0.995049504950495,0.0740313272877164,0.014337138104496732,449.0,9648.0,11184.0,48.0,False,0.022759736702063146,0.021100675275915526,-0.05137119721808469,0.9942781325505726,-0.03260119774985762
densenet121,0.1,17,temperature,1.0,nih,pleural_effusion,21329,2536,18793,0.11889915139012612,0.8398845587515722,0.4124538815838381,0.08398470213986449,0.27916913508540087,0.00652390610830243,0.008087258481788099,0.9104889589905363,0.5597828978875113,0.2182007182007182,0.9788778263701499,0.35203537124561673,0.0556335870334417,2309.0,10520.0,8273.0,227.0,False,0.10479318686123498,0.19856715254708945,-0.030940392144322093,0.9852479716923501,-0.01087820268183004
densenet121,0.1,17,temperature,1.0,vinbig,cardiomegaly,14998,1817,13181,0.12114948659821309,0.7748841257097062,0.313400634255268,0.11104051467599547,0.4107236093126017,0.09342453833380109,0.0936621540029814,0.9488167308750688,0.35634625597450875,0.1688871473354232,0.9805845511482255,0.28673596673596674,0.014337138104496732,1724.0,4697.0,8484.0,93.0,False,0.11584294874158528,0.041456421109434594,3.1663563715031273,1.4635903915695243,1.6340248316526407
densenet121,0.1,17,temperature,1.0,vinbig,pleural_effusion,14998,634,14364,0.04227230297372983,0.8707452011557109,0.4995967581952615,0.03527022019382889,0.15301011566080863,0.06444205227463977,0.0561127318970353,0.919558359621451,0.47319688109161795,0.07153374233128834,0.992552570093458,0.13274134790528233,0.0556335870334417,583.0,6797.0,7567.0,51.0,False,0.04553419164022411,0.22541240058664425,0.21680807937257496,1.8254737740966753,-0.9613737426915632
densenet121,0.1,17,logistic,1.0,chexpert,cardiomegaly,19255,2034,17221,0.10563490002596729,0.6437814427823796,0.16022698447566383,0.09726024072368307,0.3727389878538888,0.06761602314740718,0.0675950778139297,0.9169124877089478,0.24731432553277974,0.12578404262494097,0.9618337850045167,0.2212205681750786,0.014165080708930269,1865.0,4259.0,12962.0,169.0,False,0.1010838392508862,0.037826012105783846,-0.11234552166456593,0.597983918425949,1.1355658640406727
densenet121,0.1,17,logistic,1.0,chexpert,pleural_effusion,18933,5642,13291,0.2979982041937358,0.7812595890570071,0.5993285693265171,0.19199018382354568,0.5713153590786657,0.13930420997884252,0.1393042099788425,0.9383197447713577,0.35196749680234746,0.3806716042280866,0.9307600477516912,0.5416133817586577,0.056657280231184534,5294.0,4678.0,8613.0,348.0,False,0.24329855584761897,0.21088646352758622,1.0710647242773599,1.07566423133857,0.9526701598031461
densenet121,0.1,17,logistic,1.0,nih,cardiomegaly,21329,497,20832,0.023301608139153267,0.755008497606221,0.0688075510279711,0.022280640992156008,0.10062744987841396,0.001248882185650475,0.002289710495605325,0.903420523138833,0.4631336405529954,0.03859709447262099,0.995049504950495,0.0740313272877164,0.014165080708930269,449.0,9648.0,11184.0,48.0,False,0.022759736702063146,0.02105014289834506,-0.10753507468181121,0.9781174220491725,-0.03569022923349782
densenet121,0.1,17,logistic,1.0,nih,pleural_effusion,21329,2536,18793,0.11889915139012612,0.8398845587515722,0.4124538815838381,0.08406905217548377,0.2792057463918308,0.005662507942701744,0.009278352313341546,0.9104889589905363,0.5597828978875113,0.2182007182007182,0.9788778263701499,0.35203537124561673,0.056657280231184534,2309.0,10520.0,8273.0,227.0,False,0.10479318686123498,0.19776223346651045,0.05766852585289704,1.0235554981214172,0.024453532010248687
densenet121,0.1,17,logistic,1.0,vinbig,cardiomegaly,14998,1817,13181,0.12114948659821309,0.7748841257097062,0.313400634255268,0.11096127965158052,0.4102146811882524,0.09334193262854219,0.09354956869987172,0.9488167308750688,0.35634625597450875,0.1688871473354232,0.9805845511482255,0.28673596673596674,0.014165080708930269,1724.0,4697.0,8484.0,93.0,False,0.11584294874158528,0.04214040770745975,3.086217746149498,1.4404730569441362,1.6325361644159904
densenet121,0.1,17,logistic,1.0,vinbig,pleural_effusion,14998,634,14364,0.04227230297372983,0.8707452011557109,0.4995967581952615,0.03517018372400266,0.15277756327866115,0.06378285140786061,0.05661634539974295,0.919558359621451,0.47319688109161795,0.07153374233128834,0.992552570093458,0.13274134790528233,0.056657280231184534,583.0,6797.0,7567.0,51.0,False,0.04553419164022411,0.227609353386787,0.3806021904299154,1.8962606432298361,-0.9377894070736736
densenet121,0.1,43,raw,1.0,chexpert,cardiomegaly,19255,2034,17221,0.10563490002596729,0.6456442070082393,0.1695727350168438,0.09647093666759199,0.3617484316022308,0.06307527845422423,0.0630321262216854,0.9316617502458211,0.2073631031879682,0.12190414924412994,0.962533692722372,0.21559815689174583,0.01802073993184697,1895.0,3571.0,13650.0,139.0,False,0.1010838392508862,0.045634422054797064,0.19489209509792266,0.7287218367650826,1.009186355761649
densenet121,0.1,43,raw,1.0,chexpert,pleural_effusion,18933,5642,13291,0.2979982041937358,0.7885771839059413,0.6143878584164486,0.17989200337369013,0.5368966690493546,0.11187788605977753,0.11187788605977754,0.9657922722438852,0.26754946956587167,0.3588645943097998,0.9485196052280608,0.5232881974455008,0.05117749440582949,5449.0,3556.0,9735.0,193.0,False,0.24329855584761897,0.26061212017074686,0.8921842431340636,1.1086752686443597,0.7428417482158277
densenet121,0.1,43,raw,1.0,nih,cardiomegaly,21329,497,20832,0.023301608139153267,0.7832835144507599,0.10559215691589556,0.0219146559683518,0.0983879346215964,0.0071541875818950836,0.006888840269787316,0.9235412474849095,0.45305299539170507,0.0387243735763098,0.9959898691430984,0.07433198380566802,0.01802073993184697,459.0,9438.0,11394.0,38.0,False,0.022759736702063146,0.03713051450348026,0.19306480247099295,1.1568074594600124,-0.27469257869752634
densenet121,0.1,43,raw,1.0,nih,pleural_effusion,21329,2536,18793,0.11889915139012612,0.8216652376270712,0.3907326657168664,0.0874399180755971,0.29089494549252004,0.017040099399066155,0.01779609194703826,0.9136435331230284,0.5246634385143405,0.20595555555555556,0.978271653933922,0.3361381111272305,0.05117749440582949,2317.0,9860.0,8933.0,219.0,False,0.10479318686123498,0.16559539131696344,-0.33283294430703225,0.8571095232381671,-0.15119951473646956
densenet121,0.1,43,raw,1.0,vinbig,cardiomegaly,14998,1817,13181,0.12114948659821309,0.769326143094597,0.2587370139662917,0.1079817536148308,0.3808563860796516,0.08115543997917682,0.08267625306345955,0.972482113373693,0.3308550185873606,0.16690280532728818,0.9886647018816594,0.28490809416317314,0.01802073993184697,1767.0,4361.0,8820.0,50.0,False,0.11584294874158528,0.06786079957521374,1.88913585556738,1.2143585297200108,1.256598037962113
densenet121,0.1,43,raw,1.0,vinbig,pleural_effusion,14998,634,14364,0.04227230297372983,0.8618534155226834,0.4743111318498832,0.03495996556767245,0.15060107836190034,0.058904564441202845,0.05417789733335338,0.9069400630914827,0.46881091617933723,0.07007921998781232,0.9913145885470337,0.13010521552211787,0.05117749440582949,575.0,6734.0,7630.0,59.0,False,0.04553419164022411,0.23222606335259,-0.3236966420836302,1.496099343062392,-0.9982898641735243
densenet121,0.1,43,temperature,1.0,chexpert,cardiomegaly,19255,2034,17221,0.10563490002596729,0.6456442070082393,0.1695727350168438,0.09801863615855688,0.3823342776943157,0.07291361642021488,0.07291361642021489,0.9316617502458211,0.2073631031879682,0.12190414924412994,0.962533692722372,0.21559815689174583,0.012272858156250416,1895.0,3571.0,13650.0,139.0,False,0.1010838392508862,0.030323374290539107,0.19489602080805896,0.6639585980272181,1.296428010045593
densenet121,0.1,43,temperature,1.0,chexpert,pleural_effusion,18933,5642,13291,0.2979982041937358,0.7885771839059413,0.6143878584164486,0.1796250416175266,0.5358419862805263,0.1106117179074677,0.11061171790746772,0.9657922722438852,0.26754946956587167,0.3588645943097998,0.9485196052280608,0.5232881974455008,0.05236242636069247,5449.0,3556.0,9735.0,193.0,False,0.24329855584761897,0.2617093800999457,0.8921781905012363,1.1179145426278283,0.7313517703292631
densenet121,0.1,43,temperature,1.0,nih,cardiomegaly,21329,497,20832,0.023301608139153267,0.7832835144507599,0.10559215691589556,0.021853169447694276,0.09730534607216991,0.0005708079027214283,0.0030024603053153223,0.9235412474849095,0.45305299539170507,0.0387243735763098,0.9959898691430984,0.07433198380566802,0.012272858156250416,459.0,9438.0,11394.0,38.0,False,0.022759736702063146,0.03983206248105198,0.1926806080203148,1.0539417130916766,0.01803173303212103
densenet121,0.1,43,temperature,1.0,nih,pleural_effusion,21329,2536,18793,0.11889915139012612,0.8216652376270712,0.3907326657168664,0.08745727737459341,0.2908846756284944,0.017337620358405584,0.018245850654114073,0.9136435331230284,0.5246634385143405,0.20595555555555556,0.978271653933922,0.3361381111272305,0.05236242636069247,2317.0,9860.0,8933.0,219.0,False,0.10479318686123498,0.16542973838172736,-0.33283339701358894,0.8642544065680211,-0.16126022266732504
densenet121,0.1,43,temperature,1.0,vinbig,cardiomegaly,14998,1817,13181,0.12114948659821309,0.769326143094597,0.2587370139662917,0.11023765656513396,0.4042929799753843,0.09027490360921497,0.09070410587076809,0.972482113373693,0.3308550185873606,0.16690280532728818,0.9886647018816594,0.28490809416317314,0.012272858156250416,1767.0,4361.0,8820.0,50.0,False,0.11584294874158528,0.048386994956035156,1.889133610414281,1.1064354283959015,1.546394104236013
densenet121,0.1,43,temperature,1.0,vinbig,pleural_effusion,14998,634,14364,0.04227230297372983,0.8618534155226834,0.4743111318498832,0.03513663592792309,0.1515310423468605,0.06005418556103258,0.05530316724165461,0.9069400630914827,0.46881091617933723,0.07007921998781232,0.9913145885470337,0.13010521552211787,0.05236242636069247,575.0,6734.0,7630.0,59.0,False,0.04553419164022411,0.2283461139368509,-0.32381353810058866,1.50850258600928,-1.0110823435973597
densenet121,0.1,43,logistic,1.0,chexpert,cardiomegaly,19255,2034,17221,0.10563490002596729,0.6456442070082393,0.1695727350168438,0.09784061591798608,0.38199770296455204,0.0722468360976669,0.07219709973189857,0.9316617502458211,0.2073631031879682,0.12190414924412994,0.962533692722372,0.21559815689174583,0.011584357932623942,1895.0,3571.0,13650.0,139.0,False,0.1010838392508862,0.03208448904330352,0.05663214407112696,0.6241300151820606,1.2795480612264416
densenet121,0.1,43,logistic,1.0,chexpert,pleural_effusion,18933,5642,13291,0.2979982041937358,0.7885771839059413,0.6143878584164486,0.1912849518957371,0.5632475568836527,0.13644674424181832,0.13644674424181832,0.9657922722438852,0.26754946956587167,0.3588645943097998,0.9485196052280608,0.5232881974455008,0.055571124666003065,5449.0,3556.0,9735.0,193.0,False,0.24329855584761897,0.21378509120481037,1.4066600987261038,1.3243268661514425,0.9011652559423444
densenet121,0.1,43,logistic,1.0,nih,cardiomegaly,21329,497,20832,0.023301608139153267,0.7832835144507599,0.10559215691589556,0.021844027876680664,0.09727404127548496,0.0010773966651975726,0.0032214046192541516,0.9235412474849095,0.45305299539170507,0.0387243735763098,0.9959898691430984,0.07433198380566802,0.011584357932623942,459.0,9438.0,11394.0,38.0,False,0.022759736702063146,0.04023371787510499,-0.028319534022021805,0.9902412238586762,0.0028657989116610784
densenet121,0.1,43,logistic,1.0,nih,pleural_effusion,21329,2536,18793,0.11889915139012612,0.8216652376270712,0.3907326657168664,0.08657178549891631,0.28863965594380275,0.004547188011170331,0.006018957434321709,0.9136435331230284,0.5246634385143405,0.20595555555555556,0.978271653933922,0.3361381111272305,0.055571124666003065,2317.0,9860.0,8933.0,219.0,False,0.10479318686123498,0.17387963767574965,0.0649516353007942,1.0238609624094535,0.028869426268030147
densenet121,0.1,43,logistic,1.0,vinbig,cardiomegaly,14998,1817,13181,0.12114948659821309,0.769326143094597,0.2587370139662917,0.10987067377045016,0.40212898043624395,0.08975281533099863,0.08977949978580034,0.972482113373693,0.3308550185873606,0.16690280532728818,0.9886647018816594,0.28490809416317314,0.011584357932623942,1767.0,4361.0,8820.0,50.0,False,0.11584294874158528,0.05155492877220924,1.6589593418121455,1.0401297310435595,1.530919946246587
densenet121,0.1,43,logistic,1.0,vinbig,pleural_effusion,14998,634,14364,0.04227230297372983,0.8618534155226834,0.4743111318498832,0.03420098569677255,0.1491445013357557,0.05688530409037068,0.04931735630006204,0.9069400630914827,0.46881091617933723,0.07007921998781232,0.9913145885470337,0.13010521552211787,0.055571124666003065,575.0,6734.0,7630.0,59.0,False,0.04553419164022411,0.24889441396034362,0.3709635990879815,1.7872318178595326,-0.8735453817849251
densenet121,0.1,101,raw,1.0,chexpert,cardiomegaly,19255,2034,17221,0.10563490002596729,0.63791546839436,0.15736994563333262,0.09933733297456122,0.39477528829180614,0.07800458464632974,0.07797323610312092,0.9808259587020649,0.095232564891702,0.1135070550751024,0.9767718880285885,0.2034676185619582,0.006930671656746301,1995.0,1640.0,15581.0,39.0,False,0.1010838392508862,0.017277799193896937,0.5637608458414444,0.7423485776500501,1.4559228322212774
densenet121,0.1,101,raw,1.0,chexpert,pleural_effusion,18933,5642,13291,0.2979982041937358,0.7902550496799333,0.5889983555070522,0.1741222088107338,0.5154123077365173,0.08133041501173205,0.08148579979813449,0.9819213045019497,0.20133925212549847,0.34292788610337355,0.9632829373650108,0.5083268339679773,0.04681203126388343,5540.0,2676.0,10615.0,102.0,False,0.24329855584761897,0.2843269940336647,0.7040480461119691,1.1728760171282853,0.5089806610368518
densenet121,0.1,101,raw,1.0,nih,cardiomegaly,21329,497,20832,0.023301608139153267,0.6901489582657233,0.041229461502115414,0.02263552278722553,0.10764137569264765,0.008194336200499844,0.007966173599200654,0.9014084507042254,0.35200652841781876,0.03212160321216032,0.9933622324573287,0.06203267792855165,0.006930671656746301,448.0,7333.0,13499.0,49.0,False,0.022759736702063146,0.005457616512161034,-0.49254834287788657,0.7634591085080361,0.428482983354658
densenet121,0.1,101,raw,1.0,nih,pleural_effusion,21329,2536,18793,0.11889915139012612,0.8239281342757833,0.3829460150570536,0.08731263846010938,0.28885240943329904,0.01133138917476973,0.011809049712020474,0.9223186119873817,0.522162507316554,0.2066436964396148,0.9803196803196803,0.33763984121255863,0.04681203126388343,2339.0,9813.0,8980.0,197.0,False,0.10479318686123498,0.16680997042558687,-0.21819334076067629,0.8941234316225218,-0.0755232744450006
densenet121,0.1,101,raw,1.0,vinbig,cardiomegaly,14998,1817,13181,0.12114948659821309,0.7887214619098043,0.30054646102152366,0.11481765939766606,0.46080098823082416,0.10417482690720266,0.10421276033169885,0.9840396257567419,0.25316743797890906,0.15371389270976615,0.9913844325609031,0.2658933749721169,0.006930671656746301,1788.0,3337.0,9844.0,29.0,False,0.11584294874158528,0.008850684094777073,4.749772268581668,1.683093203460858,2.132064379485584
densenet121,0.1,101,raw,1.0,vinbig,pleural_effusion,14998,634,14364,0.04227230297372983,0.8329238031110022,0.328570956200119,0.04234615489258311,0.170366023923284,0.06597868181425835,0.06556928639286357,0.8958990536277602,0.46867167919799496,0.06926829268292684,0.9902912621359223,0.12859406837219833,0.04681203126388343,568.0,6732.0,7632.0,66.0,False,0.04553419164022411,0.07001412856585654,-0.9998716746151981,1.130375870560835,-1.159099660463597
densenet121,0.1,101,temperature,1.0,chexpert,cardiomegaly,19255,2034,17221,0.10563490002596729,0.63791546839436,0.15736994563333262,0.09709257679720701,0.36335064886848656,0.06416088471269871,0.0641608847126987,0.9808259587020649,0.095232564891702,0.1135070550751024,0.9767718880285885,0.2034676185619582,0.01282045351055046,1995.0,1640.0,15581.0,39.0,False,0.1010838392508862,0.03948467414037393,0.5617112554903617,0.8478372937217902,1.0251505772499385
densenet121,0.1,101,temperature,1.0,chexpert,pleural_effusion,18933,5642,13291,0.2979982041937358,0.7902550496799333,0.5889983555070522,0.17384062512745357,0.5145504908152044,0.07937068441860204,0.07978377219137528,0.9819213045019497,0.20133925212549847,0.34292788610337355,0.9632829373650108,0.5083268339679773,0.04860681066660003,5540.0,2676.0,10615.0,102.0,False,0.24329855584761897,0.2854843526636788,0.7041499604095163,1.1885123691648152,0.4938535366519097
densenet121,0.1,101,temperature,1.0,nih,cardiomegaly,21329,497,20832,0.023301608139153267,0.6901489582657233,0.041229461502115414,0.0225843980033047,0.10556554889274102,0.0012549118175264095,0.0049238632588835375,0.9014084507042254,0.35200652841781876,0.03212160321216032,0.9933622324573287,0.06203267792855165,0.01282045351055046,448.0,7333.0,13499.0,49.0,False,0.022759736702063146,0.007703898382205532,-0.4920310683166041,0.8727057873985814,-0.05450587375975204
densenet121,0.1,101,temperature,1.0,nih,pleural_effusion,21329,2536,18793,0.11889915139012612,0.8239281342757833,0.3829460150570536,0.08732666238444049,0.288822201560467,0.010650896059821674,0.011850735279829138,0.9223186119873817,0.522162507316554,0.2066436964396148,0.9803196803196803,0.33763984121255863,0.04860681066660003,2339.0,9813.0,8980.0,197.0,False,0.10479318686123498,0.16667614565366073,-0.2182640086041516,0.905948319127793,-0.09271004037059498
densenet121,0.1,101,temperature,1.0,vinbig,cardiomegaly,14998,1817,13181,0.12114948659821309,0.7887214619098043,0.30054646102152366,0.11191199369550946,0.4157107619374038,0.09407759741286519,0.09466827686396728,0.9840396257567419,0.25316743797890906,0.15371389270976615,0.9913844325609031,0.2658933749721169,0.01282045351055046,1788.0,3337.0,9844.0,29.0,False,0.11584294874158528,0.03393348571301247,4.750218739569413,1.9238495651211298,1.6387095192376309
densenet121,0.1,101,temperature,1.0,vinbig,pleural_effusion,14998,634,14364,0.04227230297372983,0.8329238031110022,0.328570956200119,0.04263593066149953,0.17171363759447833,0.06763743179328913,0.06725898089873379,0.8958990536277602,0.46867167919799496,0.06926829268292684,0.9902912621359223,0.12859406837219833,0.04860681066660003,568.0,6732.0,7632.0,66.0,False,0.04553419164022411,0.063650212605604,-0.9998254804554707,1.145485378942043,-1.1759838775944746
densenet121,0.1,101,logistic,1.0,chexpert,cardiomegaly,19255,2034,17221,0.10563490002596729,0.63791546839436,0.15736994563333262,0.09743123721336885,0.3659964020097391,0.06599160181039479,0.06593010491483611,0.9808259587020649,0.095232564891702,0.1135070550751024,0.9767718880285885,0.2034676185619582,0.01364827546849423,1995.0,1640.0,15581.0,39.0,False,0.1010838392508862,0.03613438176256567,0.8295354364556313,0.9229525966256729,1.0681133117219288
densenet121,0.1,101,logistic,1.0,chexpert,pleural_effusion,18933,5642,13291,0.2979982041937358,0.7902550496799333,0.5889983555070522,0.1810261116934996,0.5309865740843697,0.10148509872694716,0.1021990100081585,0.9819213045019497,0.20133925212549847,0.34292788610337355,0.9632829373650108,0.5083268339679773,0.05135280955392494,5540.0,2676.0,10615.0,102.0,False,0.24329855584761897,0.25595073483757713,1.0555317326137517,1.3325527791322036,0.6325035834303662
densenet121,0.1,101,logistic,1.0,nih,cardiomegaly,21329,497,20832,0.023301608139153267,0.6901489582657233,0.041229461502115414,0.022566670586600515,0.10547495057574265,0.000993082754314278,0.004603399218023945,0.9014084507042254,0.35200652841781876,0.03212160321216032,0.9933622324573287,0.06203267792855165,0.01364827546849423,448.0,7333.0,13499.0,49.0,False,0.022759736702063146,0.008482792133756578,-0.21647227142895373,0.9500129798437962,-0.043270213239423844
densenet121,0.1,101,logistic,1.0,nih,pleural_effusion,21329,2536,18793,0.11889915139012612,0.8239281342757833,0.3829460150570536,0.08697058844142413,0.2879691788846204,0.0068618053645068035,0.005484947932282884,0.9223186119873817,0.522162507316554,0.2066436964396148,0.9803196803196803,0.33763984121255863,0.05135280955392494,2339.0,9813.0,8980.0,197.0,False,0.10479318686123498,0.17007401868034777,0.04983988630100418,1.0159005941035437,0.02607955661972087
densenet121,0.1,101,logistic,1.0,vinbig,cardiomegaly,14998,1817,13181,0.12114948659821309,0.7887214619098043,0.30054646102152366,0.11225030923210413,0.4189139496335695,0.09440525785068982,0.09521705878130858,0.9840396257567419,0.25316743797890906,0.15371389270976615,0.9913844325609031,0.2658933749721169,0.01364827546849423,1788.0,3337.0,9844.0,29.0,False,0.11584294874158528,0.031013018474653653,5.356936862397773,2.094027604822689,1.6456817381615747
densenet121,0.1,101,logistic,1.0,vinbig,pleural_effusion,14998,634,14364,0.04227230297372983,0.8329238031110022,0.328570956200119,0.040157825595411555,0.16610137481931334,0.06125335485916187,0.06008505573837687,0.8958990536277602,0.46867167919799496,0.06926829268292684,0.9902912621359223,0.12859406837219833,0.05135280955392494,568.0,6732.0,7632.0,66.0,False,0.04553419164022411,0.11807316328996098,-0.6610533628147602,1.2843580026974195,-1.056245504405025
densenet121,0.25,17,raw,1.0,chexpert,cardiomegaly,19255,2034,17221,0.10563490002596729,0.7461135266408002,0.29427793404471325,0.0929598261487392,0.39581068637036915,0.07736699689961599,0.07714633429678695,0.8303834808259587,0.4818535508971604,0.1591594421409725,0.9600833044081916,0.2671200379566661,0.006026951588401447,1689.0,8298.0,8923.0,345.0,False,0.1010838392508862,0.08036905960787177,0.2071436059902461,0.5496572505398548,1.7572275113077687
densenet121,0.25,17,raw,1.0,chexpert,pleural_effusion,18933,5642,13291,0.2979982041937358,0.8225272098181489,0.6790109406546841,0.2043174073305367,0.6434154708451232,0.19529859331806682,0.19523269364641696,0.9225451967387451,0.44255511248213075,0.41263675281433326,0.930843487893654,0.5702234881682734,0.026708464501444845,5205.0,5882.0,7409.0,437.0,False,0.24329855584761897,0.16021939949983377,1.7202861593042797,1.0092086306717125,1.699166422366508
densenet121,0.25,17,raw,1.0,nih,cardiomegaly,21329,497,20832,0.023301608139153267,0.8581697558623632,0.18441467522631402,0.020937154200610025,0.08811534363642817,0.005715651915432482,0.005994743703595797,0.9054325955734407,0.579589093701997,0.04887054735013032,0.9961224321425625,0.09273570324574962,0.006026951588401447,450.0,12074.0,8758.0,47.0,False,0.022759736702063146,0.08007924367982278,-0.6128571068113445,0.7684419262043957,-0.0016752270046437063
densenet121,0.25,17,raw,1.0,nih,pleural_effusion,21329,2536,18793,0.11889915139012612,0.8610096135365524,0.4584215508255314,0.08005468948287027,0.26890547350660016,0.018096573973918735,0.017275981559197535,0.9183753943217665,0.5900069174692705,0.2321108232011162,0.9816733067729083,0.3705648369132856,0.026708464501444845,2329.0,11088.0,7705.0,207.0,False,0.10479318686123498,0.23606971139376576,-0.08125212011960216,0.8010701688690147,0.1978905158479361
densenet121,0.25,17,raw,1.0,vinbig,cardiomegaly,14998,1817,13181,0.12114948659821309,0.8574408127440488,0.4888620480259378,0.10171034279286807,0.3850151890059144,0.09459383162328912,0.09459383162328913,0.9312052834342323,0.5620969577422047,0.2266881028938907,0.9834085479161137,0.364615881909277,0.006026951588401447,1692.0,7409.0,5772.0,125.0,False,0.11584294874158528,0.1219979817696395,1.7194943300995196,0.9036265429431632,2.0463858139485644
densenet121,0.25,17,raw,1.0,vinbig,pleural_effusion,14998,634,14364,0.04227230297372983,0.9154742578493202,0.5790022366823917,0.027223792110893104,0.10847478956188558,0.02370797297120587,0.019864190432078314,0.9305993690851735,0.6297688666109719,0.0998645903859174,0.9951595159515951,0.18037297462549678,0.026708464501444845,590.0,9046.0,5318.0,44.0,False,0.04553419164022411,0.4021241811868671,0.4956740446039455,1.4468511899547838,-0.28054281117128443
densenet121,0.25,17,temperature,1.0,chexpert,cardiomegaly,19255,2034,17221,0.10563490002596729,0.7461135266408002,0.29427793404471325,0.09185832112323238,0.3743169547196542,0.07267356505137929,0.07238682135917057,0.8303834808259587,0.4818535508971604,0.1591594421409725,0.9600833044081916,0.2671200379566661,0.008731377666870205,1689.0,8298.0,8923.0,345.0,False,0.1010838392508862,0.09126600449708322,0.20680523393315622,0.5929499479717139,1.518648026479555
densenet121,0.25,17,temperature,1.0,chexpert,pleural_effusion,18933,5642,13291,0.2979982041937358,0.8225272098181489,0.6790109406546841,0.19199432044043957,0.5770769168943415,0.16680598304440133,0.16680502541509298,0.9225451967387451,0.44255511248213075,0.41263675281433326,0.930843487893654,0.5702234881682734,0.05142041687116699,5205.0,5882.0,7409.0,437.0,False,0.24329855584761897,0.2108694613021539,1.7203598183131132,1.2449287479212807,1.2589892784112082
densenet121,0.25,17,temperature,1.0,nih,cardiomegaly,21329,497,20832,0.023301608139153267,0.8581697558623632,0.18441467522631402,0.020991580964103772,0.08766734514808847,0.005148087553274088,0.005922748760782945,0.9054325955734407,0.579589093701997,0.04887054735013032,0.9961224321425625,0.09273570324574962,0.008731377666870205,450.0,12074.0,8758.0,47.0,False,0.022759736702063146,0.07768788194281229,-0.6120180346522166,0.8293293219245519,-0.1844235398472031
densenet121,0.25,17,temperature,1.0,nih,pleural_effusion,21329,2536,18793,0.11889915139012612,0.8610096135365524,0.4584215508255314,0.0797413869201021,0.26430065134377284,0.006741742275871443,0.006800398825858652,0.9183753943217665,0.5900069174692705,0.2321108232011162,0.9816733067729083,0.3705648369132856,0.05142041687116699,2329.0,11088.0,7705.0,207.0,False,0.10479318686123498,0.23905943402891228,-0.0812612504258745,0.9881487824961322,-0.06670393029829141
densenet121,0.25,17,temperature,1.0,vinbig,cardiomegaly,14998,1817,13181,0.12114948659821309,0.8574408127440488,0.4888620480259378,0.09993603972816724,0.3639371092785162,0.09001577904440884,0.09001577904440884,0.9312052834342323,0.5620969577422047,0.2266881028938907,0.9834085479161137,0.364615881909277,0.008731377666870205,1692.0,7409.0,5772.0,125.0,False,0.11584294874158528,0.13731443463945403,1.7200091221210239,0.9750691100083453,1.7989644148342225
densenet121,0.25,17,temperature,1.0,vinbig,pleural_effusion,14998,634,14364,0.04227230297372983,0.9154742578493202,0.5790022366823917,0.029123951268078575,0.12202872206326391,0.04341893800751363,0.03706269536539254,0.9305993690851735,0.6297688666109719,0.0998645903859174,0.9951595159515951,0.18037297462549678,0.05142041687116699,590.0,9046.0,5318.0,44.0,False,0.04553419164022411,0.3603938003732785,0.49569129037493304,1.7847490956565184,-0.6686740309730194
densenet121,0.25,17,logistic,1.0,chexpert,cardiomegaly,19255,2034,17221,0.10563490002596729,0.7461135266408002,0.29427793404471325,0.09340961980097362,0.3731620582011316,0.07633061241239568,0.07624229257435665,0.8303834808259587,0.4818535508971604,0.1591594421409725,0.9600833044081916,0.2671200379566661,0.010538245746239966,1689.0,8298.0,8923.0,345.0,False,0.1010838392508862,0.07591935077639322,0.5684047212177452,0.6973525818900802,1.5725070766888485
densenet121,0.25,17,logistic,1.0,chexpert,pleural_effusion,18933,5642,13291,0.2979982041937358,0.8225272098181489,0.6790109406546841,0.19523565210969276,0.5848432422736326,0.17122052185665448,0.17122052185665448,0.9225451967387451,0.44255511248213075,0.41263675281433326,0.930843487893654,0.5702234881682734,0.05212233495397621,5205.0,5882.0,7409.0,437.0,False,0.24329855584761897,0.1975470161361279,1.8632062872007698,1.3003126372925164,1.2871986762033885
densenet121,0.25,17,logistic,1.0,nih,cardiomegaly,21329,497,20832,0.023301608139153267,0.8581697558623632,0.18441467522631402,0.020640160916249137,0.08660702766026585,0.001672961501503456,0.0019889389164789014,0.9054325955734407,0.579589093701997,0.04887054735013032,0.9961224321425625,0.09273570324574962,0.010538245746239966,450.0,12074.0,8758.0,47.0,False,0.022759736702063146,0.0931283087128979,-0.10773899960178634,0.9749700448161689,-0.03830105026817894
densenet121,0.25,17,logistic,1.0,nih,pleural_effusion,21329,2536,18793,0.11889915139012612,0.8610096135365524,0.4584215508255314,0.07971851550842708,0.26417782977498255,0.005156311805081167,0.006523755078828481,0.9183753943217665,0.5900069174692705,0.2321108232011162,0.9816733067729083,0.3705648369132856,0.05212233495397621,2329.0,11088.0,7705.0,207.0,False,0.10479318686123498,0.2392776868787403,0.032403402110328744,1.0322647025602436,-0.009728449025105248
densenet121,0.25,17,logistic,1.0,vinbig,cardiomegaly,14998,1817,13181,0.12114948659821309,0.8574408127440488,0.4888620480259378,0.10312313131630874,0.3725668123396927,0.09353104753623419,0.09353104753623419,0.9312052834342323,0.5620969577422047,0.2266881028938907,0.9834085479161137,0.364615881909277,0.010538245746239966,1692.0,7409.0,5772.0,125.0,False,0.11584294874158528,0.10980225869121363,2.3143903660890124,1.1466991924842773,1.8358165687114263
densenet121,0.25,17,logistic,1.0,vinbig,pleural_effusion,14998,634,14364,0.04227230297372983,0.9154742578493202,0.5790022366823917,0.029258501644569515,0.12241364000425417,0.04399583564341427,0.0381285442910804,0.9305993690851735,0.6297688666109719,0.0998645903859174,0.9951595159515951,0.18037297462549678,0.05212233495397621,590.0,9046.0,5318.0,44.0,False,0.04553419164022411,0.35743886976741535,0.7006619418543407,1.864168911453974,-0.6349096597583493
densenet121,0.25,43,raw,1.0,chexpert,cardiomegaly,19255,2034,17221,0.10563490002596729,0.7235945862444021,0.24696560926470745,0.09498818623641651,0.3788509369064391,0.0744262123973762,0.07442621239737618,0.9311701081612586,0.2821555078102317,0.13285634118967452,0.9719943988797759,0.2325352977286679,0.005511934210807019,1894.0,4859.0,12362.0,140.0,False,0.1010838392508862,0.06030294317710372,0.1986856224095577,0.6097724769251478,1.4651169586146127
densenet121,0.25,43,raw,1.0,chexpert,pleural_effusion,18933,5642,13291,0.2979982041937358,0.8247569385332996,0.6562314444885287,0.19418561361302225,0.5811180869910502,0.16872696603924986,0.16872696603924986,0.9666784828075151,0.33443683695733956,0.3813986013986014,0.9594215411180661,0.5469862601544478,0.032651378460344445,5454.0,4445.0,8846.0,188.0,False,0.24329855584761897,0.2018628596601979,1.6519622866571073,1.1867492514585969,1.295736989202577
densenet121,0.25,43,raw,1.0,nih,cardiomegaly,21329,497,20832,0.023301608139153267,0.8345591502161974,0.15600132954272192,0.021248258455132524,0.09248916545971375,0.00730317928726984,0.006151220020730381,0.9054325955734407,0.5205933179723502,0.04311583788444955,0.9956849063532868,0.08231205414304006,0.005511934210807019,450.0,10845.0,9987.0,47.0,False,0.022759736702063146,0.06641018157268963,-0.2110714946180203,0.8255913019493354,0.3522323075624801
densenet121,0.25,43,raw,1.0,nih,pleural_effusion,21329,2536,18793,0.11889915139012612,0.8540498542899976,0.45537160204659627,0.08237669098126324,0.27642866677308514,0.029726986373413578,0.029032334670934957,0.9049684542586751,0.6095354653328366,0.23824353783867955,0.9793946648426812,0.37718793656011174,0.032651378460344445,2295.0,11455.0,7338.0,241.0,False,0.10479318686123498,0.2139117680394167,0.19745605563405982,0.8709553302478674,0.42372457210543335
densenet121,0.25,43,raw,1.0,vinbig,cardiomegaly,14998,1817,13181,0.12114948659821309,0.8690689726715506,0.47304336350025755,0.10345566897878436,0.37198799515370756,0.09436533370122935,0.09454792896650767,0.9807374793615851,0.4397238449283059,0.19439293116613943,0.9939975990396158,0.32447195921340133,0.005511934210807019,1782.0,5796.0,7385.0,35.0,False,0.11584294874158528,0.1069316682401934,2.265749750075616,1.1077953806351493,1.9121853259553119
densenet121,0.25,43,raw,1.0,vinbig,pleural_effusion,14998,634,14364,0.04227230297372983,0.9175337133580534,0.5857460637767165,0.027732409283998154,0.11478533250779752,0.03460373990519317,0.02887615544691492,0.9416403785488959,0.568922305764411,0.08793636765355722,0.9954927518577171,0.1608514077866092,0.032651378460344445,597.0,8172.0,6192.0,37.0,False,0.04553419164022411,0.39095417564194057,0.2534391729470595,1.5778236060912272,-0.5990342426063312
densenet121,0.25,43,temperature,1.0,chexpert,cardiomegaly,19255,2034,17221,0.10563490002596729,0.7235945862444021,0.24696560926470745,0.0929876383914599,0.3503228326771405,0.06375569875829297,0.06375569875829297,0.9311701081612586,0.2821555078102317,0.13285634118967452,0.9719943988797759,0.2325352977286679,0.010003780911086411,1894.0,4859.0,12362.0,140.0,False,0.1010838392508862,0.08009391925975262,0.19853877952090102,0.6894290453829183,1.1019668357588974
densenet121,0.25,43,temperature,1.0,chexpert,pleural_effusion,18933,5642,13291,0.2979982041937358,0.8247569385332996,0.6562314444885287,0.1832697331629388,0.5378928144320118,0.13662736110879303,0.136826793949198,0.9666784828075151,0.33443683695733956,0.3813986013986014,0.9594215411180661,0.5469862601544478,0.060078476984430584,5454.0,4445.0,8846.0,188.0,False,0.24329855584761897,0.24672905466104378,1.6519197046804628,1.4622590517923488,0.9266516535998949
densenet121,0.25,43,temperature,1.0,nih,cardiomegaly,21329,497,20832,0.023301608139153267,0.8345591502161974,0.15600132954272192,0.021186408882537155,0.0907565225884582,0.0019079228818702496,0.0024291884937632613,0.9054325955734407,0.5205933179723502,0.04311583788444955,0.9956849063532868,0.08231205414304006,0.010003780911086411,450.0,10845.0,9987.0,47.0,False,0.022759736702063146,0.06912768105016653,-0.21238607575818236,0.9331267162787265,-0.016450426692919972
densenet121,0.25,43,temperature,1.0,nih,pleural_effusion,21329,2536,18793,0.11889915139012612,0.8540498542899976,0.45537160204659627,0.08116333169526993,0.26938538945099244,0.010251115705136534,0.010511021066301201,0.9049684542586751,0.6095354653328366,0.23824353783867955,0.9793946648426812,0.37718793656011174,0.060078476984430584,2295.0,11455.0,7338.0,241.0,False,0.10479318686123498,0.2254903765571633,0.19715254681494268,1.0730523294534677,0.08772524757977745
densenet121,0.25,43,temperature,1.0,vinbig,cardiomegaly,14998,1817,13181,0.12114948659821309,0.8690689726715506,0.47304336350025755,0.10016793000634781,0.3417969961986013,0.08552977896230841,0.08600666930378909,0.9807374793615851,0.4397238449283059,0.19439293116613943,0.9939975990396158,0.32447195921340133,0.010003780911086411,1782.0,5796.0,7385.0,35.0,False,0.11584294874158528,0.1353126703482337,2.2654341851868613,1.2525007046106704,1.5248892694449185
densenet121,0.25,43,temperature,1.0,vinbig,pleural_effusion,14998,634,14364,0.04227230297372983,0.9175337133580534,0.5857460637767165,0.030855432639006634,0.135104916590014,0.05963640765375389,0.05125144939329826,0.9416403785488959,0.568922305764411,0.08793636765355722,0.9954927518577171,0.1608514077866092,0.060078476984430584,597.0,8172.0,6192.0,37.0,False,0.04553419164022411,0.3223678399124257,0.2532735976818182,1.9441396796990948,-0.9470349621356825
densenet121,0.25,43,logistic,1.0,chexpert,cardiomegaly,19255,2034,17221,0.10563490002596729,0.7235945862444021,0.24696560926470745,0.09382880603861804,0.3525616878053864,0.06679244794511795,0.06679244794511793,0.9311701081612586,0.2821555078102317,0.13285634118967452,0.9719943988797759,0.2325352977286679,0.011187188613159866,1894.0,4859.0,12362.0,140.0,False,0.1010838392508862,0.07177243430833136,0.4631211975982609,0.7658446731372255,1.16403673154071
densenet121,0.25,43,logistic,1.0,chexpert,pleural_effusion,18933,5642,13291,0.2979982041937358,0.8247569385332996,0.6562314444885287,0.17961516476033576,0.5290709955881585,0.13003645857681287,0.1300540855008469,0.9666784828075151,0.33443683695733956,0.3813986013986014,0.9594215411180661,0.5469862601544478,0.05936091186731316,5454.0,4445.0,8846.0,188.0,False,0.24329855584761897,0.2617499757259921,1.4817262225472163,1.3939005803587148,0.8834595571542083
densenet121,0.25,43,logistic,1.0,nih,cardiomegaly,21329,497,20832,0.023301608139153267,0.8345591502161974,0.15600132954272192,0.021140962346710614,0.09070645583866986,0.0011361838154777424,0.0022132114401450173,0.9054325955734407,0.5205933179723502,0.04311583788444955,0.9956849063532868,0.08231205414304006,0.011187188613159866,450.0,10845.0,9987.0,47.0,False,0.022759736702063146,0.07112447637435948,0.14773099408990067,1.0371491170151748,0.034956546438691706
densenet121,0.25,43,logistic,1.0,nih,pleural_effusion,21329,2536,18793,0.11889915139012612,0.8540498542899976,0.45537160204659627,0.08096750546095663,0.2688624114507582,0.006264192925447051,0.0056215380203669535,0.9049684542586751,0.6095354653328366,0.23824353783867955,0.9793946648426812,0.37718793656011174,0.05936091186731316,2295.0,11455.0,7338.0,241.0,False,0.10479318686123498,0.22735906898058023,0.0725683223126878,1.0230118132303394,0.039505467264170896
densenet121,0.25,43,logistic,1.0,vinbig,cardiomegaly,14998,1817,13181,0.12114948659821309,0.8690689726715506,0.47304336350025755,0.10223244048587386,0.3500539984997804,0.08809387031084948,0.08874842784156392,0.9807374793615851,0.4397238449283059,0.19439293116613943,0.9939975990396158,0.32447195921340133,0.011187188613159866,1782.0,5796.0,7385.0,35.0,False,0.11584294874158528,0.11749103768130786,2.746268155293147,1.391364957835943,1.567959062478946
densenet121,0.25,43,logistic,1.0,vinbig,pleural_effusion,14998,634,14364,0.04227230297372983,0.9175337133580534,0.5857460637767165,0.031078735102988676,0.13549638777760825,0.059908844439481454,0.052563058187597135,0.9416403785488959,0.568922305764411,0.08793636765355722,0.9954927518577171,0.1608514077866092,0.05936091186731316,597.0,8172.0,6192.0,37.0,False,0.04553419164022411,0.31746377867979403,0.02720528112506248,1.8532898745669601,-0.9918045565279505
densenet121,0.25,101,raw,1.0,chexpert,cardiomegaly,19255,2034,17221,0.10563490002596729,0.7309140323232759,0.27521574972483875,0.09022056874702292,0.34885059884475694,0.05643232594238799,0.05643232594238797,0.8756145526057031,0.39567969339759596,0.1461273383656055,0.964199801896137,0.25045703839122485,0.01077672605008006,1781.0,6814.0,10407.0,253.0,False,0.1010838392508862,0.1074679254801656,-0.202840300300351,0.5582652393548374,1.0011424070899064
densenet121,0.25,101,raw,1.0,chexpert,pleural_effusion,18933,5642,13291,0.2979982041937358,0.8309312344076349,0.6763833651900478,0.16156720351687448,0.49203075149117714,0.10185588254402282,0.10185588254402281,0.9693371144984049,0.3047174779926266,0.3717878993881713,0.959033862183282,0.5374410377358491,0.041075889246390745,5469.0,4050.0,9241.0,173.0,False,0.24329855584761897,0.3359302814026315,0.8141108364211243,1.0519570208008513,0.74472780348063
densenet121,0.25,101,raw,1.0,nih,cardiomegaly,21329,497,20832,0.023301608139153267,0.8639292552550324,0.19345354016189018,0.020637852024957555,0.08616875941164982,0.00295996878514379,0.0034363472280594235,0.8953722334004024,0.6317204301075269,0.05482321054576814,0.9960641840750832,0.10332017645693058,0.01077672605008006,445.0,13160.0,7672.0,52.0,False,0.022759736702063146,0.09322975502230857,-0.30954147069936433,0.8840648265252207,0.006448830145247839
densenet121,0.25,101,raw,1.0,nih,pleural_effusion,21329,2536,18793,0.11889915139012612,0.8653478978430287,0.4816881320530285,0.07978665028549713,0.2636704961711666,0.01793733570999844,0.018603682875381847,0.9266561514195584,0.5832490821050391,0.23079945000982124,0.9833138961155468,0.36955496147192957,0.041075889246390745,2350.0,10961.0,7832.0,186.0,False,0.10479318686123498,0.23862750360718588,-0.34275886950686846,0.849834498566688,-0.1832157670156889
densenet121,0.25,101,raw,1.0,vinbig,cardiomegaly,14998,1817,13181,0.12114948659821309,0.7859168128504377,0.3499942320576464,0.09962364503537507,0.36482886072136833,0.0697917224951923,0.06983149160717644,0.9157952669235003,0.48182990668386316,0.19590299034612668,0.9764760147601476,0.32276209872951217,0.01077672605008006,1664.0,6351.0,6830.0,153.0,False,0.11584294874158528,0.14001114338336762,0.25711654286837937,0.6497131802573857,1.1775235654836829
densenet121,0.25,101,raw,1.0,vinbig,pleural_effusion,14998,634,14364,0.04227230297372983,0.8688727492583546,0.4868032738628504,0.03687778530822182,0.15270953545956778,0.062882915441928,0.06096392631354928,0.9290220820189274,0.467000835421888,0.0714372346876895,0.9933362949800089,0.13267259826557046,0.041075889246390745,589.0,6708.0,7656.0,45.0,False,0.04553419164022411,0.19010782930766634,-0.8828911223803853,1.254764828238857,-1.1551974045888491
densenet121,0.25,101,temperature,1.0,chexpert,cardiomegaly,19255,2034,17221,0.10563490002596729,0.7309140323232759,0.27521574972483875,0.09006412018771781,0.34629913198154577,0.05527598071417462,0.055275980714174645,0.8756145526057031,0.39567969339759596,0.1461273383656055,0.964199801896137,0.25045703839122485,0.011421527237116109,1781.0,6814.0,10407.0,253.0,False,0.1010838392508862,0.10901563637504774,-0.20326408328558732,0.5654986317248166,0.9681295859011338
densenet121,0.25,101,temperature,1.0,chexpert,pleural_effusion,18933,5642,13291,0.2979982041937358,0.8309312344076349,0.6763833651900478,0.15975479304968235,0.48418200615907986,0.09153271689442062,0.09153271689442062,0.9693371144984049,0.3047174779926266,0.3717878993881713,0.959033862183282,0.5374410377358491,0.05205959990862269,5469.0,4050.0,9241.0,173.0,False,0.24329855584761897,0.3433796082631134,0.8141098947139132,1.1420353755884938,0.6379306459329641
densenet121,0.25,101,temperature,1.0,nih,cardiomegaly,21329,497,20832,0.023301608139153267,0.8639292552550324,0.19345354016189018,0.020639991939820055,0.0861121497579743,0.0027872730092315806,0.0034834639845822968,0.8953722334004024,0.6317204301075269,0.05482321054576814,0.9960641840750832,0.10332017645693058,0.011421527237116109,445.0,13160.0,7672.0,52.0,False,0.022759736702063146,0.09313573307071421,-0.30963985598980837,0.8956953885238875,-0.028032883933285204
densenet121,0.25,101,temperature,1.0,nih,pleural_effusion,21329,2536,18793,0.11889915139012612,0.8653478978430287,0.4816881320530285,0.07984372897925482,0.2637127250865295,0.02104058656252388,0.02193875734848404,0.9266561514195584,0.5832490821050391,0.23079945000982124,0.9833138961155468,0.36955496147192957,0.05205959990862269,2350.0,10961.0,7832.0,186.0,False,0.10479318686123498,0.23808282417269866,-0.3427470778349121,0.9225990807768972,-0.2641342239717311
densenet121,0.25,101,temperature,1.0,vinbig,cardiomegaly,14998,1817,13181,0.12114948659821309,0.7859168128504377,0.3499942320576464,0.09940542346313341,0.36205357434190805,0.0686955073075714,0.06873961880283129,0.9157952669235003,0.48182990668386316,0.19590299034612668,0.9764760147601476,0.32276209872951217,0.011421527237116109,1664.0,6351.0,6830.0,153.0,False,0.11584294874158528,0.14189491425256795,0.25701998399317433,0.6582392532862945,1.145253229027381
densenet121,0.25,101,temperature,1.0,vinbig,pleural_effusion,14998,634,14364,0.04227230297372983,0.8688727492583546,0.4868032738628504,0.03873952200491966,0.16150167976529312,0.07356598112072404,0.07084659549045452,0.9290220820189274,0.467000835421888,0.0714372346876895,0.9933362949800089,0.13267259826557046,0.05205959990862269,589.0,6708.0,7656.0,45.0,False,0.04553419164022411,0.14922126407756753,-0.8828877493066591,1.3622009120406275,-1.2516447859262438
densenet121,0.25,101,logistic,1.0,chexpert,cardiomegaly,19255,2034,17221,0.10563490002596729,0.7309140323232759,0.27521574972483875,0.09072381976895874,0.3465313235955865,0.059481042601295844,0.05948104260129584,0.8756145526057031,0.39567969339759596,0.1461273383656055,0.964199801896137,0.25045703839122485,0.012462571979300872,1781.0,6814.0,10407.0,253.0,False,0.1010838392508862,0.10248937474777031,-0.022350855253802735,0.6183163215526514,1.0435397989581243
densenet121,0.25,101,logistic,1.0,chexpert,pleural_effusion,18933,5642,13291,0.2979982041937358,0.8309312344076349,0.6763833651900478,0.17405461101004335,0.5177010867711622,0.12655875332139963,0.12655875332139963,0.9693371144984049,0.3047174779926266,0.3717878993881713,0.959033862183282,0.5374410377358491,0.05171537586627835,5469.0,4050.0,9241.0,173.0,False,0.24329855584761897,0.2846048329236446,1.3754912848797982,1.3322764038075885,0.876637384329137
densenet121,0.25,101,logistic,1.0,nih,cardiomegaly,21329,497,20832,0.023301608139153267,0.8639292552550324,0.19345354016189018,0.020557617407233622,0.08588119059297389,0.002357650048563803,0.002320674912542692,0.8953722334004024,0.6317204301075269,0.05482321054576814,0.9960641840750832,0.10332017645693058,0.012462571979300872,445.0,13160.0,7672.0,52.0,False,0.022759736702063146,0.09675504262885015,-0.02351672058366209,0.9792267235955027,0.035036325013807906
densenet121,0.25,101,logistic,1.0,nih,pleural_effusion,21329,2536,18793,0.11889915139012612,0.8653478978430287,0.4816881320530285,0.0786087732638847,0.2608830977782473,0.007206437765980993,0.0075711964338921614,0.9266561514195584,0.5832490821050391,0.23079945000982124,0.9833138961155468,0.36955496147192957,0.05171537586627835,2350.0,10961.0,7832.0,186.0,False,0.10479318686123498,0.24986751888768455,0.11082383716455117,1.076302902464823,0.007618888600468402
densenet121,0.25,101,logistic,1.0,vinbig,cardiomegaly,14998,1817,13181,0.12114948659821309,0.7859168128504377,0.3499942320576464,0.10064076530474893,0.3648117143744101,0.07347283423492587,0.07353731054995517,0.9157952669235003,0.48182990668386316,0.19590299034612668,0.9764760147601476,0.32276209872951217,0.012462571979300872,1664.0,6351.0,6830.0,153.0,False,0.11584294874158528,0.131230977819361,0.4668510286206657,0.7195148924285961,1.2253916242037932
densenet121,0.25,101,logistic,1.0,vinbig,pleural_effusion,14998,634,14364,0.04227230297372983,0.8688727492583546,0.4868032738628504,0.034879882135380624,0.15072836455505118,0.062159817485211044,0.055401668250252854,0.9290220820189274,0.467000835421888,0.0714372346876895,0.9933362949800089,0.13267259826557046,0.05171537586627835,589.0,6708.0,7656.0,45.0,False,0.04553419164022411,0.23398481714632346,-0.21304524492881546,1.5892406407797954,-1.007103003538341
densenet121,0.5,17,raw,1.0,chexpert,cardiomegaly,19255,2034,17221,0.10563490002596729,0.7549640548284414,0.3051920889777029,0.09250501922751357,0.3561376991154289,0.07247416492176978,0.07247416492176978,0.7797443461160275,0.578189419894315,0.1792090395480226,0.9569437770302739,0.2914369717015803,0.0187251624683022,1586.0,9957.0,7264.0,448.0,False,0.1010838392508862,0.08486836359747207,0.6435577531811424,0.7607080920855809,1.3909692994138196
densenet121,0.5,17,raw,1.0,chexpert,pleural_effusion,18933,5642,13291,0.2979982041937358,0.8570421474569564,0.7188290414164142,0.1577116527412694,0.4740675261775442,0.10914965649743319,0.10914965649743319,0.9686281460475009,0.3539237077721767,0.38891261030458296,0.9637369391518131,0.5549913679293186,0.04689925817986902,5465.0,4704.0,8587.0,177.0,False,0.24329855584761897,0.3517772754884487,1.1621269967051726,1.3065935235894592,0.7697763204699977
densenet121,0.5,17,raw,1.0,nih,cardiomegaly,21329,497,20832,0.023301608139153267,0.8620143479927181,0.19561431097387677,0.020577641991278928,0.08624412518228287,0.004316891642343255,0.004498006982589749,0.869215291750503,0.6609543010752689,0.057638425617078055,0.995301431256325,0.10810810810810811,0.0187251624683022,432.0,13769.0,7063.0,65.0,False,0.022759736702063146,0.09587521768590646,0.011583739164038015,1.0615585510944003,-0.15256956418306142
densenet121,0.5,17,raw,1.0,nih,pleural_effusion,21329,2536,18793,0.11889915139012612,0.8680085993324919,0.4839721748345345,0.07826615853093886,0.25946213688977837,0.0077896939922655695,0.006754599689969344,0.919558359621451,0.6136859468951206,0.24311926605504589,0.982619067904916,0.3845646437994723,0.04689925817986902,2332.0,11533.0,7260.0,204.0,False,0.10479318686123498,0.25313695598763186,0.008673284695913401,0.9613823549230704,0.058678759381310334
densenet121,0.5,17,raw,1.0,vinbig,cardiomegaly,14998,1817,13181,0.12114948659821309,0.8163352154167639,0.3698834599940356,0.10668953882980313,0.39063970279038884,0.09231296522195087,0.09239095165766976,0.8458998348926803,0.6343979971170625,0.24181875393329139,0.9676000925711641,0.3761164810962927,0.0187251624683022,1537.0,8362.0,4819.0,280.0,False,0.11584294874158528,0.07901568469394682,1.7793948052684696,1.0182058158992042,1.720704575167847
densenet121,0.5,17,raw,1.0,vinbig,pleural_effusion,14998,634,14364,0.04227230297372983,0.9071539697473618,0.6080500794580558,0.02944342166673674,0.12859035765758456,0.0510723972560168,0.046630809040934515,0.9242902208201893,0.514202172096909,0.07747223691168693,0.993543179983858,0.14296169797511588,0.04689925817986902,586.0,7386.0,6978.0,48.0,False,0.04553419164022411,0.35337774524744314,0.6681726272853391,1.963053613037673,-0.7614725767772378
densenet121,0.5,17,temperature,1.0,chexpert,cardiomegaly,19255,2034,17221,0.10563490002596729,0.7549640548284414,0.3051920889777029,0.0936565924422034,0.37228144981313444,0.07737551268563032,0.07737551268563032,0.7797443461160275,0.578189419894315,0.1792090395480226,0.9569437770302739,0.2914369717015803,0.014446952596529769,1586.0,9957.0,7264.0,448.0,False,0.1010838392508862,0.07347610521844805,0.6435708035632063,0.7131973803793111,1.5923366709992302
densenet121,0.5,17,temperature,1.0,chexpert,pleural_effusion,18933,5642,13291,0.2979982041937358,0.8570421474569564,0.7188290414164142,0.1563780942924229,0.46933664704071293,0.10076943948067597,0.10076943948067596,0.9686281460475009,0.3539237077721767,0.38891261030458296,0.9637369391518131,0.5549913679293186,0.05587721111421638,5465.0,4704.0,8587.0,177.0,False,0.24329855584761897,0.35725843604939234,1.1622793572497705,1.3920187808453865,0.6875757726802227
densenet121,0.5,17,temperature,1.0,nih,cardiomegaly,21329,497,20832,0.023301608139153267,0.8620143479927181,0.19561431097387677,0.02054995426795767,0.085935914222865,0.0019662495383558952,0.003122067586679909,0.869215291750503,0.6609543010752689,0.057638425617078055,0.995301431256325,0.10810810810810811,0.014446952596529769,432.0,13769.0,7063.0,65.0,False,0.022759736702063146,0.09709173981371955,0.01170399056011481,0.9953240533381768,0.02484872102514748
densenet121,0.5,17,temperature,1.0,nih,pleural_effusion,21329,2536,18793,0.11889915139012612,0.8680085993324919,0.4839721748345345,0.07831534497159094,0.25928501305237944,0.006747034476234596,0.008240654063522507,0.919558359621451,0.6136859468951206,0.24311926605504589,0.982619067904916,0.3845646437994723,0.05587721111421638,2332.0,11533.0,7260.0,204.0,False,0.10479318686123498,0.25266758920792687,0.008739988365803269,1.0242055722003893,-0.021342592405108125
densenet121,0.5,17,temperature,1.0,vinbig,cardiomegaly,14998,1817,13181,0.12114948659821309,0.8163352154167639,0.3698834599940356,0.10824028316778643,0.4098289055928358,0.09685234175741883,0.09690031511691749,0.8458998348926803,0.6343979971170625,0.24181875393329139,0.9676000925711641,0.3761164810962927,0.014446952596529769,1537.0,8362.0,4819.0,280.0,False,0.11584294874158528,0.06562907502258397,1.7796653259267003,0.9546869476070151,1.9346062626173333
densenet121,0.5,17,temperature,1.0,vinbig,pleural_effusion,14998,634,14364,0.04227230297372983,0.9071539697473618,0.6080500794580558,0.03056608475488986,0.13551446778313136,0.059019132048014386,0.05398523020284549,0.9242902208201893,0.514202172096909,0.07747223691168693,0.993543179983858,0.14296169797511588,0.05587721111421638,586.0,7386.0,6978.0,48.0,False,0.04553419164022411,0.32872235887266055,0.6680387164054147,2.0912719925933305,-0.8723817508078496
densenet121,0.5,17,logistic,1.0,chexpert,cardiomegaly,19255,2034,17221,0.10563490002596729,0.7549640548284414,0.3051920889777029,0.09342010887235193,0.3724550231004841,0.07697960124913564,0.07697960124913564,0.7797443461160275,0.578189419894315,0.1792090395480226,0.9569437770302739,0.2914369717015803,0.014125003207707335,1586.0,9957.0,7264.0,448.0,False,0.1010838392508862,0.07581558471985994,0.5811596341324392,0.6946577081084125,1.5877869880925115
densenet121,0.5,17,logistic,1.0,chexpert,pleural_effusion,18933,5642,13291,0.2979982041937358,0.8570421474569564,0.7188290414164142,0.1577156566032638,0.47221882763706535,0.10366045948557033,0.10366045948557032,0.9686281460475009,0.3539237077721767,0.38891261030458296,0.9637369391518131,0.5549913679293186,0.05609448463946706,5465.0,4704.0,8587.0,177.0,False,0.24329855584761897,0.35176081890908073,1.2151640441121054,1.4127488703161146,0.7063672355746676
densenet121,0.5,17,logistic,1.0,nih,cardiomegaly,21329,497,20832,0.023301608139153267,0.8620143479927181,0.19561431097387677,0.020551242508264064,0.0859479975667051,0.0021863567565994753,0.0032648283243083367,0.869215291750503,0.6609543010752689,0.057638425617078055,0.995301431256325,0.10810810810810811,0.014125003207707335,432.0,13769.0,7063.0,65.0,False,0.022759736702063146,0.09703513809098174,-0.0757200244403189,0.9693249022304911,0.00931342295206365
densenet121,0.5,17,logistic,1.0,nih,pleural_effusion,21329,2536,18793,0.11889915139012612,0.8680085993324919,0.4839721748345345,0.07834454674396511,0.2593227954304602,0.008071259861828878,0.007875820528327677,0.919558359621451,0.6136859468951206,0.24311926605504589,0.982619067904916,0.3845646437994723,0.05609448463946706,2332.0,11533.0,7260.0,204.0,False,0.10479318686123498,0.2523889282257693,0.04774358789014155,1.03949232796707,-0.0023459716574403587
densenet121,0.5,17,logistic,1.0,vinbig,cardiomegaly,14998,1817,13181,0.12114948659821309,0.8163352154167639,0.3698834599940356,0.10800340062176358,0.4095405364576383,0.09659899239441413,0.09664164347316818,0.8458998348926803,0.6343979971170625,0.24181875393329139,0.9676000925711641,0.3761164810962927,0.014125003207707335,1537.0,8362.0,4819.0,280.0,False,0.11584294874158528,0.06767393445163106,1.6960775912407817,0.9298560174507725,1.9354500563415469
densenet121,0.5,17,logistic,1.0,vinbig,pleural_effusion,14998,634,14364,0.04227230297372983,0.9071539697473618,0.6080500794580558,0.030583977453468556,0.13550838822621966,0.059252998216908256,0.05421937482446998,0.9242902208201893,0.514202172096909,0.07747223691168693,0.993543179983858,0.14296169797511588,0.05609448463946706,586.0,7386.0,6978.0,48.0,False,0.04553419164022411,0.32832940803870114,0.7477268102511928,2.1225472117584325,-0.860329834891935
densenet121,0.5,43,raw,1.0,chexpert,cardiomegaly,19255,2034,17221,0.10563490002596729,0.7672823426749611,0.33513846022986465,0.08847915914488574,0.36002960668762696,0.06646561042158938,0.06646561042158938,0.8500491642084562,0.4907380523779107,0.16468235070006668,0.9651667428049338,0.2759115933934413,0.0073743653082378275,1729.0,8451.0,8770.0,305.0,False,0.1010838392508862,0.1246953044068313,0.022103373021868263,0.5475361090350991,1.3534918544428276
densenet121,0.5,43,raw,1.0,chexpert,pleural_effusion,18933,5642,13291,0.2979982041937358,0.8357800883988871,0.6902359279549726,0.17938640729318975,0.5447655857296887,0.15266286269645601,0.15266286269645601,0.9478908188585607,0.43570837408772856,0.41625155666251556,0.9516844700082169,0.5784748512709573,0.03904829272622639,5348.0,5791.0,7500.0,294.0,False,0.24329855584761897,0.2626902092853286,1.3158069733122344,1.0639973537130691,1.2038948609820215
densenet121,0.5,43,raw,1.0,nih,cardiomegaly,21329,497,20832,0.023301608139153267,0.887931129403147,0.22189773828304488,0.020630191954711285,0.08399920334323739,0.008147207778372094,0.008190371464834858,0.9175050301810865,0.6768433179723502,0.06343906510851419,0.9971006293755745,0.11867273910214704,0.0073743653082378275,456.0,14100.0,6732.0,41.0,False,0.022759736702063146,0.093566317362486,-0.6751419974380273,0.7389198002443448,-0.057191882064557095
densenet121,0.5,43,raw,1.0,nih,pleural_effusion,21329,2536,18793,0.11889915139012612,0.8707366647357286,0.49427733744639324,0.07760392457547925,0.2588300596886493,0.01444611368670461,0.01328339865064379,0.9167981072555205,0.6169318363220349,0.24412011759764804,0.9821262177043626,0.3855721393034826,0.03904829272622639,2325.0,11594.0,7199.0,211.0,False,0.10479318686123498,0.259456393112266,0.030498970524286594,0.8895062308244259,0.18738322715471153
densenet121,0.5,43,raw,1.0,vinbig,cardiomegaly,14998,1817,13181,0.12114948659821309,0.8838892366754117,0.5225944833956983,0.09132398875324198,0.31727377283248226,0.07758224577286986,0.07759067594665252,0.9532195927352779,0.5988923450421061,0.24675879754950847,0.9893470359694198,0.39203259393390677,0.0073743653082378275,1732.0,7894.0,5287.0,85.0,False,0.11584294874158528,0.21165690492771005,1.1224512775607636,0.8529189617076952,1.5103018245657884
densenet121,0.5,43,raw,1.0,vinbig,pleural_effusion,14998,634,14364,0.04227230297372983,0.8556114150606098,0.5172225724733649,0.035695996963337924,0.1529029243417219,0.06302190165690826,0.0591353996733737,0.9100946372239748,0.4452798663324979,0.06752486834406085,0.9911668991166899,0.12572175618259068,0.03904829272622639,577.0,6396.0,7968.0,57.0,False,0.04553419164022411,0.21606169611223092,-0.7251142283098403,1.321415224915057,-1.1024995303046397
densenet121,0.5,43,temperature,1.0,chexpert,cardiomegaly,19255,2034,17221,0.10563490002596729,0.7672823426749611,0.33513846022986465,0.08745726453574271,0.3429513421265206,0.06093211762248612,0.06093211762248612,0.8500491642084562,0.4907380523779107,0.16468235070006668,0.9651667428049338,0.2759115933934413,0.01052871478057431,1729.0,8451.0,8770.0,305.0,False,0.1010838392508862,0.13480468110558064,0.021991880317810616,0.5908088681309833,1.152419239512147
densenet121,0.5,43,temperature,1.0,chexpert,pleural_effusion,18933,5642,13291,0.2979982041937358,0.8357800883988871,0.6902359279549726,0.17356742254357688,0.5185569342636726,0.1340134558722704,0.13401345587227043,0.9478908188585607,0.43570837408772856,0.41625155666251556,0.9516844700082169,0.5784748512709573,0.05803883018014867,5348.0,5791.0,7500.0,294.0,False,0.24329855584761897,0.2866072634961122,1.315715623654269,1.2228790366365745,0.9723002947503018
densenet121,0.5,43,temperature,1.0,nih,cardiomegaly,21329,497,20832,0.023301608139153267,0.887931129403147,0.22189773828304488,0.020686632857742828,0.0834224618085489,0.006511451770733789,0.007042348725644442,0.9175050301810865,0.6768433179723502,0.06343906510851419,0.9971006293755745,0.11867273910214704,0.01052871478057431,456.0,14100.0,6732.0,41.0,False,0.022759736702063146,0.09108645989443254,-0.6751492667730549,0.7973397403434067,-0.21772347783176554
densenet121,0.5,43,temperature,1.0,nih,pleural_effusion,21329,2536,18793,0.11889915139012612,0.8707366647357286,0.49427733744639324,0.07738550456899931,0.2566977980065595,0.006310025046992778,0.006085073678565244,0.9167981072555205,0.6169318363220349,0.24412011759764804,0.9821262177043626,0.3855721393034826,0.05803883018014867,2325.0,11594.0,7199.0,211.0,False,0.10479318686123498,0.26154068898132055,0.03076767394105117,1.022512983133757,0.0016991412655972264
densenet121,0.5,43,temperature,1.0,vinbig,cardiomegaly,14998,1817,13181,0.12114948659821309,0.8838892366754117,0.5225944833956983,0.08967817680576472,0.3033759192503104,0.07249106689153786,0.0725079842023698,0.9532195927352779,0.5988923450421061,0.24675879754950847,0.9893470359694198,0.39203259393390677,0.01052871478057431,1732.0,7894.0,5287.0,85.0,False,0.11584294874158528,0.22586417403951953,1.1224527915164435,0.9203726379676228,1.3196014381504493
densenet121,0.5,43,temperature,1.0,vinbig,pleural_effusion,14998,634,14364,0.04227230297372983,0.8556114150606098,0.5172225724733649,0.03935463829536962,0.16909985458337753,0.08177229584813746,0.07727223289928001,0.9100946372239748,0.4452798663324979,0.06752486834406085,0.9911668991166899,0.12572175618259068,0.05803883018014867,577.0,6396.0,7968.0,57.0,False,0.04553419164022411,0.13571237617833498,-0.7249840666632313,1.5189568805766838,-1.2800990728303798
densenet121,0.5,43,logistic,1.0,chexpert,cardiomegaly,19255,2034,17221,0.10563490002596729,0.7672823426749611,0.33513846022986465,0.0900117671496157,0.3449170778557998,0.06833167377663407,0.06833167377663406,0.8500491642084562,0.4907380523779107,0.16468235070006668,0.9651667428049338,0.2759115933934413,0.012792872759354753,1729.0,8451.0,8770.0,305.0,False,0.1010838392508862,0.10953355336840775,0.45491817311271837,0.7172149524014637,1.2904590863682779
densenet121,0.5,43,logistic,1.0,chexpert,pleural_effusion,18933,5642,13291,0.2979982041937358,0.8357800883988871,0.6902359279549726,0.17473675509808584,0.5212451403225592,0.1361395445032828,0.13613954450328278,0.9478908188585607,0.43570837408772856,0.41625155666251556,0.9516844700082169,0.5784748512709573,0.058202718541614185,5348.0,5791.0,7500.0,294.0,False,0.24329855584761897,0.2818011003422243,1.3606298865503452,1.2403272096479332,0.9863608536172002
densenet121,0.5,43,logistic,1.0,nih,cardiomegaly,21329,497,20832,0.023301608139153267,0.887931129403147,0.22189773828304488,0.020101271003129875,0.08181667982135234,0.002252035905645909,0.0027407428814531965,0.9175050301810865,0.6768433179723502,0.06343906510851419,0.9971006293755745,0.11867273910214704,0.012792872759354753,456.0,14100.0,6732.0,41.0,False,0.022759736702063146,0.11680564383208725,-0.09119081421372087,0.9678976912123034,-0.007697872687795463
densenet121,0.5,43,logistic,1.0,nih,pleural_effusion,21329,2536,18793,0.11889915139012612,0.8707366647357286,0.49427733744639324,0.07742827613944755,0.2567633863515924,0.006327638068190267,0.007169890310255903,0.9167981072555205,0.6169318363220349,0.24412011759764804,0.9821262177043626,0.3855721393034826,0.058202718541614185,2325.0,11594.0,7199.0,211.0,False,0.10479318686123498,0.2611325367747761,0.06818925327524496,1.0370075645141659,0.019599074164963134
densenet121,0.5,43,logistic,1.0,vinbig,cardiomegaly,14998,1817,13181,0.12114948659821309,0.8838892366754117,0.5225944833956983,0.0953272910515039,0.3197285717672113,0.08178737918528864,0.081831280619284,0.9532195927352779,0.5988923450421061,0.24675879754950847,0.9893470359694198,0.39203259393390677,0.012792872759354753,1732.0,7894.0,5287.0,85.0,False,0.11584294874158528,0.17709889046286564,1.7965374609214289,1.1172137036105603,1.4785894631489238
densenet121,0.5,43,logistic,1.0,vinbig,pleural_effusion,14998,634,14364,0.04227230297372983,0.8556114150606098,0.5172225724733649,0.03898000812303318,0.1681450443494914,0.08088851802382734,0.0760322669559801,0.9100946372239748,0.4452798663324979,0.06752486834406085,0.9911668991166899,0.12572175618259068,0.058202718541614185,577.0,6396.0,7968.0,57.0,False,0.04553419164022411,0.14393982370384462,-0.6691997323050632,1.5406289264946085,-1.2615339316492775
densenet121,0.5,101,raw,1.0,chexpert,cardiomegaly,19255,2034,17221,0.10563490002596729,0.780919151156431,0.35754408851873676,0.08961289032755512,0.3519084755955463,0.07236184632009364,0.07236184632009364,0.8176007866273353,0.5510132977179025,0.17700904736562,0.9623732251521299,0.2910140869717386,0.011288073899230987,1663.0,9489.0,7732.0,371.0,False,0.1010838392508862,0.11347955329299098,0.5516997957322017,0.699693012776328,1.4823301806001503
densenet121,0.5,101,raw,1.0,chexpert,pleural_effusion,18933,5642,13291,0.2979982041937358,0.8529455689485155,0.7099548302386052,0.1756532462489154,0.5307529472851389,0.15424531420691184,0.15424531420691184,0.9475363346331088,0.4731020991648484,0.43290954733176773,0.9550425273390036,0.5942971485742872,0.03926875192716634,5346.0,6288.0,7003.0,296.0,False,0.24329855584761897,0.2780341599769738,1.4330736462819382,1.1128783271414153,1.236293892623577
densenet121,0.5,101,raw,1.0,nih,cardiomegaly,21329,497,20832,0.023301608139153267,0.87182614697401,0.21902033354004205,0.02016076918171687,0.08389344015170189,0.0033779705056865925,0.0028656062030114225,0.8853118712273642,0.6654665898617511,0.05938723174517479,0.9959051724137931,0.11130786744244878,0.011288073899230987,440.0,13863.0,6969.0,57.0,False,0.022759736702063146,0.11419145811606346,-0.08726586234258135,0.9309870885135174,0.10279869006075093
densenet121,0.5,101,raw,1.0,nih,pleural_effusion,21329,2536,18793,0.11889915139012612,0.8709016491475029,0.4875717813879188,0.07758413683475453,0.2599630630963548,0.014609009374967185,0.012488274221094383,0.9116719242902208,0.6315649443941893,0.25032481593763534,0.9814768874555528,0.3927964661909616,0.03926875192716634,2312.0,11869.0,6924.0,224.0,False,0.10479318686123498,0.25964521970793897,-0.01969374009106089,0.8581561837038538,0.17729740264826335
densenet121,0.5,101,raw,1.0,vinbig,cardiomegaly,14998,1817,13181,0.12114948659821309,0.8403235432065058,0.4470010877929816,0.09816720741799866,0.3353583269895004,0.07763750126479337,0.07780212348597103,0.9636763896532746,0.46081480919505347,0.19767441860465115,0.9892508143322476,0.328056206088993,0.011288073899230987,1751.0,6074.0,7107.0,66.0,False,0.11584294874158528,0.15258366189397066,1.4062314686190096,1.0446973224790104,1.2875050464247062
densenet121,0.5,101,raw,1.0,vinbig,pleural_effusion,14998,634,14364,0.04227230297372983,0.9040269575094413,0.6070000998396957,0.02756474698487148,0.11750341640713917,0.03814043612630122,0.02853034441995165,0.9116719242902208,0.6042884990253411,0.09230277866496327,0.9935897435897436,0.16763341067285384,0.03926875192716634,578.0,8680.0,5684.0,56.0,False,0.04553419164022411,0.3946362943550915,0.034736737777254806,1.4829380953981715,-0.6607792419505147
densenet121,0.5,101,temperature,1.0,chexpert,cardiomegaly,19255,2034,17221,0.10563490002596729,0.780919151156431,0.35754408851873676,0.08924910957287274,0.34685441661663635,0.07082317704026739,0.07082317704026739,0.8176007866273353,0.5510132977179025,0.17700904736562,0.9623732251521299,0.2910140869717386,0.01240242910681797,1663.0,9489.0,7732.0,371.0,False,0.1010838392508862,0.11707835560776547,0.5516476770254816,0.714915881350656,1.4188691877524118
densenet121,0.5,101,temperature,1.0,chexpert,pleural_effusion,18933,5642,13291,0.2979982041937358,0.8529455689485155,0.7099548302386052,0.16922423622502808,0.5032414560136349,0.13395885268000424,0.13395885268000418,0.9475363346331088,0.4731020991648484,0.43290954733176773,0.9550425273390036,0.5942971485742872,0.060855903422296354,5346.0,6288.0,7003.0,296.0,False,0.24329855584761897,0.304458525717615,1.4329477768665517,1.3002136459854718,0.9779970689147572
densenet121,0.5,101,temperature,1.0,nih,cardiomegaly,21329,497,20832,0.023301608139153267,0.87182614697401,0.21902033354004205,0.02015726078288972,0.08376010654646654,0.0027298875610484645,0.0022339759643996418,0.8853118712273642,0.6654665898617511,0.05938723174517479,0.9959051724137931,0.11130786744244878,0.01240242910681797,440.0,13863.0,6969.0,57.0,False,0.022759736702063146,0.11434560747521794,-0.08618471763272127,0.9515459248154798,0.04493037217974683
densenet121,0.5,101,temperature,1.0,nih,pleural_effusion,21329,2536,18793,0.11889915139012612,0.8709016491475029,0.4875717813879188,0.07734032720714017,0.25730587851336983,0.0056531388728166656,0.006664035159407219,0.9116719242902208,0.6315649443941893,0.25032481593763534,0.9814768874555528,0.3927964661909616,0.060855903422296354,2312.0,11869.0,6924.0,224.0,False,0.10479318686123498,0.2619717987052663,-0.019830386866757067,1.0026244368801709,-0.023021473829642123
densenet121,0.5,101,temperature,1.0,vinbig,cardiomegaly,14998,1817,13181,0.12114948659821309,0.8403235432065058,0.4470010877929816,0.09763877023801898,0.3313465438656868,0.07575636399898789,0.0758873562832562,0.9636763896532746,0.46081480919505347,0.19767441860465115,0.9892508143322476,0.328056206088993,0.01240242910681797,1751.0,6074.0,7107.0,66.0,False,0.11584294874158528,0.15714533082350113,1.4062330714080178,1.0674352091855215,1.2304767134607368
densenet121,0.5,101,temperature,1.0,vinbig,pleural_effusion,14998,634,14364,0.04227230297372983,0.9040269575094413,0.6070000998396957,0.030034759442898136,0.13143184859977342,0.05550109300039989,0.045745062011512634,0.9116719242902208,0.6042884990253411,0.09230277866496327,0.9935897435897436,0.16763341067285384,0.060855903422296354,578.0,8680.0,5684.0,56.0,False,0.04553419164022411,0.3403910696337924,0.03502840237623223,1.7327447668769362,-0.9075986870296034
densenet121,0.5,101,logistic,1.0,chexpert,cardiomegaly,19255,2034,17221,0.10563490002596729,0.780919151156431,0.35754408851873676,0.08887301188021111,0.3467487058727942,0.07006292111470894,0.07006292111470894,0.8176007866273353,0.5510132977179025,0.17700904736562,0.9623732251521299,0.2910140869717386,0.012031133933139997,1663.0,9489.0,7732.0,371.0,False,0.1010838392508862,0.12079900665791177,0.4852952188552883,0.6948692760177795,1.407394112076306
densenet121,0.5,101,logistic,1.0,chexpert,pleural_effusion,18933,5642,13291,0.2979982041937358,0.8529455689485155,0.7099548302386052,0.17113497261526567,0.5075902798909537,0.13719622103752666,0.13719622103752666,0.9475363346331088,0.4731020991648484,0.43290954733176773,0.9550425273390036,0.5942971485742872,0.061059168590580234,5346.0,6288.0,7003.0,296.0,False,0.24329855584761897,0.2966050619616102,1.5052486042020206,1.328356798033762,0.9992766267202426
densenet121,0.5,101,logistic,1.0,nih,cardiomegaly,21329,497,20832,0.023301608139153267,0.87182614697401,0.21902033354004205,0.02015724656201936,0.08381791343576393,0.0029884260657258325,0.0024528075952409776,0.8853118712273642,0.6654665898617511,0.05938723174517479,0.9959051724137931,0.11130786744244878,0.012031133933139997,440.0,13863.0,6969.0,57.0,False,0.022759736702063146,0.11434623230100349,-0.17437487168907476,0.9249113968002526,0.02598114830128449
densenet121,0.5,101,logistic,1.0,nih,pleural_effusion,21329,2536,18793,0.11889915139012612,0.8709016491475029,0.4875717813879188,0.07738411976398803,0.25732117968520324,0.006867804998585163,0.00805287842816964,0.9116719242902208,0.6315649443941893,0.25032481593763534,0.9814768874555528,0.3927964661909616,0.061059168590580234,2312.0,11869.0,6924.0,224.0,False,0.10479318686123498,0.2615539036286919,0.03629014647758703,1.0244831443717601,0.004722332044180682
densenet121,0.5,101,logistic,1.0,vinbig,cardiomegaly,14998,1817,13181,0.12114948659821309,0.8403235432065058,0.4470010877929816,0.09700675889868207,0.3293896765009087,0.07455040135140857,0.07473240594550297,0.9636763896532746,0.46081480919505347,0.19767441860465115,0.9892508143322476,0.328056206088993,0.012031133933139997,1751.0,6074.0,7107.0,66.0,False,0.11584294874158528,0.16260109093840247,1.3071171241066637,1.0374966204032823,1.2104810806175275
densenet121,0.5,101,logistic,1.0,vinbig,pleural_effusion,14998,634,14364,0.04227230297372983,0.9040269575094413,0.6070000998396957,0.029945993725690644,0.13120800002754768,0.055633821611105576,0.044685161155842104,0.9116719242902208,0.6042884990253411,0.09230277866496327,0.9935897435897436,0.16763341067285384,0.061059168590580234,578.0,8680.0,5684.0,56.0,False,0.04553419164022411,0.3423404995898318,0.131474627088377,1.770266689877274,-0.8859942472195712
densenet121,1.0,17,raw,1.0,chexpert,cardiomegaly,19255,2034,17221,0.10563490002596729,0.8057521724208005,0.3857181967516913,0.08830019625574288,0.35184073860333787,0.0733666262227181,0.07336662622271808,0.8888888888888888,0.47836943266941523,0.16754702993235104,0.9732986767485823,0.28194931773879145,0.005730246514992078,1808.0,8238.0,8983.0,226.0,False,0.1010838392508862,0.12646574457282733,0.497077763128053,0.6509716137409682,1.576545279158724
densenet121,1.0,17,raw,1.0,chexpert,pleural_effusion,18933,5642,13291,0.2979982041937358,0.8677404045686246,0.7454412123653021,0.1551149423486194,0.4759102527430158,0.12439484823311134,0.12439484823311134,0.9503722084367245,0.4738544879993981,0.4339943342776204,0.9574338704773487,0.5958770906262155,0.04336579876390677,5362.0,6298.0,6993.0,280.0,False,0.24329855584761897,0.3624502134498082,1.1244685694153234,1.1028821687598578,0.9794293882418501
densenet121,1.0,17,raw,1.0,nih,cardiomegaly,21329,497,20832,0.023301608139153267,0.895102324778162,0.2244657451620313,0.020086658262600664,0.08172941564655103,0.006072657613049313,0.005374513735968499,0.9275653923541247,0.6560579877112135,0.06045108838185156,0.9973728380646574,0.11350486273544257,0.005730246514992078,461.0,13667.0,7165.0,36.0,False,0.022759736702063146,0.11744768731090682,-0.27981772423958284,0.8074540371753108,0.23053321226868115
densenet121,1.0,17,raw,1.0,nih,pleural_effusion,21329,2536,18793,0.11889915139012612,0.8845864483067308,0.5229094201048066,0.07461424931405036,0.24826515106989894,0.011682072772030006,0.01139699754894256,0.9231072555205048,0.6482732932474857,0.2615350240196626,0.9842462433349491,0.4075911900409158,0.04336579876390677,2341.0,12183.0,6610.0,195.0,False,0.10479318686123498,0.28798568352680176,-0.17160325915799077,0.8651011569527278,-0.02935718381067499
densenet121,1.0,17,raw,1.0,vinbig,cardiomegaly,14998,1817,13181,0.12114948659821309,0.8510567089760003,0.436391824081198,0.10475518396521838,0.40949162701015124,0.09735390572669513,0.09736279631349422,0.9201981287837094,0.623321447538123,0.2519210486665662,0.982657576844875,0.39555240123018687,0.005730246514992078,1672.0,8216.0,4965.0,145.0,False,0.11584294874158528,0.0957137650311436,1.3070179973518994,0.7376699132827208,2.2123152234926846
densenet121,1.0,17,raw,1.0,vinbig,pleural_effusion,14998,634,14364,0.04227230297372983,0.9205358735078144,0.6693984059257502,0.026630163901881755,0.11711092665001971,0.04776092949447373,0.03968102183158744,0.9369085173501577,0.5751183514341409,0.0886964312378677,0.9951813034574147,0.162051561860592,0.04336579876390677,594.0,8261.0,6103.0,40.0,False,0.04553419164022411,0.41516115818432286,0.13437742013380502,1.7338479519337522,-0.7953303402946678
densenet121,1.0,17,temperature,0.1,chexpert,cardiomegaly,19255,2034,17221,0.10563490002596729,0.8057521724208005,0.3857181967516913,0.08773213832079703,0.3439828060282849,0.07124286025300991,0.07124286025300991,0.6386430678466076,0.8148191161953429,0.2894385026737968,0.9502268571815534,0.3983440662373505,0.03734903587159004,1299.0,14032.0,3189.0,735.0,False,0.1010838392508862,0.13208541572061538,0.4970744272325216,0.672613909370485,1.4815733582502633
densenet121,1.0,17,temperature,0.1,chexpert,pleural_effusion,18933,5642,13291,0.2979982041937358,0.8677404045686246,0.7454412123653021,0.15247710667130215,0.463233428425139,0.11153935365513015,0.11153935365513015,0.9610067352002836,0.42359491385147846,0.4144309409156921,0.9623931623931624,0.5791188251001335,0.0478078748198681,5422.0,5630.0,7661.0,220.0,False,0.24329855584761897,0.3732921835886255,1.1244668014289998,1.2348689970925202,0.8240864089503178
densenet121,1.0,17,temperature,0.1,nih,cardiomegaly,21329,497,20832,0.023301608139153267,0.895102324778162,0.2244657451620313,0.020067998438679614,0.08118187174673423,0.005189751493157672,0.004893596265835087,0.6841046277665996,0.8864247311827957,0.12564671101256467,0.9915695645169951,0.21230096784264751,0.03734903587159004,340.0,18466.0,2366.0,157.0,False,0.022759736702063146,0.11826754846155707,-0.28057490107287314,0.8340594074911906,0.14929370083616925
densenet121,1.0,17,temperature,0.1,nih,pleural_effusion,21329,2536,18793,0.11889915139012612,0.8845864483067308,0.5229094201048066,0.07489202898453301,0.24773061936403057,0.013089841942190237,0.013782408592458906,0.9373028391167192,0.6127281434576705,0.24619368203003625,0.9863799897207469,0.3899598064145681,0.0478078748198681,2377.0,11515.0,7278.0,159.0,False,0.10479318686123498,0.28533494182495356,-0.1715915428982335,0.968644115348698,-0.14054449448658385
densenet121,1.0,17,temperature,0.1,vinbig,cardiomegaly,14998,1817,13181,0.12114948659821309,0.8510567089760003,0.436391824081198,0.10403848951124849,0.39898614553394257,0.09565915037175518,0.09567141188125057,0.5520088057237205,0.8726196798421971,0.37397464578672635,0.9339071126989282,0.4458768615247833,0.03734903587159004,1003.0,11502.0,1679.0,814.0,False,0.11584294874158528,0.10190054171246443,1.3070169823843047,0.7621985463772125,2.1044097534128894
densenet121,1.0,17,temperature,0.1,vinbig,pleural_effusion,14998,634,14364,0.04227230297372983,0.9205358735078144,0.6693984059257502,0.028762816677305278,0.12869068316615564,0.060527752617308424,0.05172889090911132,0.9495268138801262,0.5098858256752994,0.07877518974090553,0.9956498096791735,0.14548090865152247,0.0478078748198681,602.0,7324.0,7040.0,32.0,False,0.04553419164022411,0.3683248644322763,0.13407456658597477,1.9412968851944568,-0.9643392054634913
densenet121,1.0,17,logistic,0.1,chexpert,cardiomegaly,19255,2034,17221,0.10563490002596729,0.8057521724208005,0.3857181967516913,0.08770764750053327,0.34401325574576397,0.07120076861861614,0.07120076861861613,0.6386430678466076,0.8148191161953429,0.2894385026737968,0.9502268571815534,0.3983440662373505,0.03733531384767095,1299.0,14032.0,3189.0,735.0,False,0.1010838392508862,0.13232769797310262,0.4930189776261982,0.6712871934107109,1.481199277555678
densenet121,1.0,17,logistic,0.1,chexpert,pleural_effusion,18933,5642,13291,0.2979982041937358,0.8677404045686246,0.7454412123653021,0.14975624500456053,0.45743640824158166,0.10569398740081126,0.10569398740081126,0.9610067352002836,0.42359491385147846,0.4144309409156921,0.9623931623931624,0.5791188251001335,0.0474525126962248,5422.0,5630.0,7661.0,220.0,False,0.24329855584761897,0.38447540519576784,1.0316899928600523,1.2007148522618927,0.7842263048715856
densenet121,1.0,17,logistic,0.1,nih,cardiomegaly,21329,497,20832,0.023301608139153267,0.895102324778162,0.2244657451620313,0.02007003568164217,0.08119415411659105,0.0050863251736030035,0.004932038361940456,0.6841046277665996,0.8864247311827957,0.12564671101256467,0.9915695645169951,0.21230096784264751,0.03733531384767095,340.0,18466.0,2366.0,157.0,False,0.022759736702063146,0.1181780376298096,-0.2855395249293035,0.8324315481544965,0.14812338811064066
densenet121,1.0,17,logistic,0.1,nih,pleural_effusion,21329,2536,18793,0.11889915139012612,0.8845864483067308,0.5229094201048066,0.07517404878248207,0.24851146937954066,0.016697563105821427,0.017886230048691134,0.9373028391167192,0.6127281434576705,0.24619368203003625,0.9863799897207469,0.3899598064145681,0.0474525126962248,2377.0,11515.0,7278.0,159.0,False,0.10479318686123498,0.2826437382610949,-0.2443474484919137,0.9418630586310021,-0.1903719327996335
densenet121,1.0,17,logistic,0.1,vinbig,cardiomegaly,14998,1817,13181,0.12114948659821309,0.8510567089760003,0.436391824081198,0.10401670568949138,0.3990275545235165,0.09563327846940108,0.09564538061733209,0.5520088057237205,0.8726196798421971,0.37397464578672635,0.9339071126989282,0.4458768615247833,0.03733531384767095,1003.0,11502.0,1679.0,814.0,False,0.11584294874158528,0.10208858787318242,1.302421962871534,0.7606951024430393,2.1048042914802685
densenet121,1.0,17,logistic,0.1,vinbig,pleural_effusion,14998,634,14364,0.04227230297372983,0.9205358735078144,0.6693984059257502,0.02896671591705973,0.12934676037131534,0.06155716339773366,0.051479533531939875,0.9495268138801262,0.5098858256752994,0.07877518974090553,0.9956498096791735,0.14548090865152247,0.0474525126962248,602.0,7324.0,7040.0,32.0,False,0.04553419164022411,0.36384692747084946,-0.011611609682189482,1.8876284984831282,-1.0003016101545843
densenet121,1.0,17,temperature,0.25,chexpert,cardiomegaly,19255,2034,17221,0.10563490002596729,0.8057521724208005,0.3857181967516913,0.08696170843082822,0.33406027104603925,0.06815949973431733,0.06815949973431734,0.8893805309734514,0.4778468149352535,0.16748449217665032,0.9733853797019163,0.2818854694195559,0.008349387540351338,1809.0,8229.0,8992.0,225.0,False,0.1010838392508862,0.13970710773071637,0.4970781990184374,0.7031571146030203,1.3563430584640626
densenet121,1.0,17,temperature,0.25,chexpert,pleural_effusion,18933,5642,13291,0.2979982041937358,0.8677404045686246,0.7454412123653021,0.15087716580428867,0.4565700647877863,0.10123206769298976,0.10142914649218648,0.9549805033676001,0.45527048378602064,0.4266708900855242,0.9597145122918319,0.5898193760262725,0.06823136626317079,5388.0,6051.0,7240.0,254.0,False,0.24329855584761897,0.3798682228973649,1.1245074978129617,1.3447885549479623,0.7147781825148595
densenet121,1.0,17,temperature,0.25,nih,cardiomegaly,21329,497,20832,0.023301608139153267,0.895102324778162,0.2244657451620313,0.02005764940025488,0.08069614709795883,0.0035065756207152492,0.004305323471476633,0.9275653923541247,0.655481950844854,0.06035611416601205,0.9973705353882112,0.11333743085433313,0.008349387540351338,461.0,13655.0,7177.0,36.0,False,0.022759736702063146,0.11872225664031177,-0.2812238717070291,0.8718009056258388,0.04089138201396008
densenet121,1.0,17,temperature,0.25,nih,pleural_effusion,21329,2536,18793,0.11889915139012612,0.8845864483067308,0.5229094201048066,0.07534341042735952,0.2490875858043293,0.01918151523415508,0.01989050259100042,0.9290220820189274,0.6356622146543925,0.2560034771270238,0.9851558634339436,0.40139705255984326,0.06823136626317079,2356.0,11946.0,6847.0,180.0,False,0.10479318686123498,0.2810275869639527,-0.17157628085502702,1.0548461782028857,-0.22332789150227178
densenet121,1.0,17,temperature,0.25,vinbig,cardiomegaly,14998,1817,13181,0.12114948659821309,0.8510567089760003,0.436391824081198,0.1030394015785292,0.38554688758413846,0.09318654325823403,0.09320521680812331,0.9207484865162355,0.6225627797587436,0.2516546329723225,0.9827544910179641,0.39527466036621384,0.008349387540351338,1673.0,8206.0,4975.0,144.0,False,0.11584294874158528,0.1105250453492631,1.3070171216470974,0.7968068014663428,1.9622909634849606
densenet121,1.0,17,temperature,0.25,vinbig,pleural_effusion,14998,634,14364,0.04227230297372983,0.9205358735078144,0.6693984059257502,0.030778948600435514,0.13906052884717066,0.07160362937930445,0.06205529578478653,0.9369085173501577,0.5515176830966305,0.08442296759522457,0.9949761366490831,0.15488917861799217,0.06823136626317079,594.0,7922.0,6442.0,40.0,False,0.04553419164022411,0.3240475455537476,0.13407270769673624,2.1140378670168185,-1.087281652211056
densenet121,1.0,17,logistic,0.25,chexpert,cardiomegaly,19255,2034,17221,0.10563490002596729,0.8057521724208005,0.3857181967516913,0.08794423141325312,0.33504795633422296,0.07007194115494442,0.0700719411549444,0.8893805309734514,0.4778468149352535,0.16748449217665032,0.9733853797019163,0.2818854694195559,0.009102267771867487,1809.0,8229.0,8992.0,225.0,False,0.1010838392508862,0.1299872258019511,0.6485019149009574,0.7485037781463798,1.3893743100247622
densenet121,1.0,17,logistic,0.25,chexpert,pleural_effusion,18933,5642,13291,0.2979982041937358,0.8677404045686246,0.7454412123653021,0.15471350405444423,0.4648075055508954,0.10939569745979925,0.10967872552354058,0.9549805033676001,0.45527048378602064,0.4266708900855242,0.9597145122918319,0.5898193760262725,0.06793742049790076,5388.0,6051.0,7240.0,254.0,False,0.24329855584761897,0.36410019568162466,1.266144262049427,1.3964751325622653,0.7698356809568395
densenet121,1.0,17,logistic,0.25,nih,cardiomegaly,21329,497,20832,0.023301608139153267,0.895102324778162,0.2244657451620313,0.02001087746700729,0.0804968944770403,0.003525960640732455,0.0030785571817173807,0.9275653923541247,0.655481950844854,0.06035611416601205,0.9973705353882112,0.11333743085433313,0.009102267771867487,461.0,13655.0,7177.0,36.0,False,0.022759736702063146,0.12077728626828421,-0.0929643014968545,0.928139094106715,0.09424794289740301
densenet121,1.0,17,logistic,0.25,nih,pleural_effusion,21329,2536,18793,0.11889915139012612,0.8845864483067308,0.5229094201048066,0.07509822240891553,0.2484035247800019,0.017457346947425803,0.018150493101730922,0.9290220820189274,0.6356622146543925,0.2560034771270238,0.9851558634339436,0.40139705255984326,0.06793742049790076,2356.0,11946.0,6847.0,180.0,False,0.10479318686123498,0.28336731940064885,-0.060487154630762964,1.0954038937802906,-0.1582567914516355
densenet121,1.0,17,logistic,0.25,vinbig,cardiomegaly,14998,1817,13181,0.12114948659821309,0.8510567089760003,0.436391824081198,0.1039635474459479,0.386814322554517,0.09444428950886022,0.09447105924633012,0.9207484865162355,0.6225627797587436,0.2516546329723225,0.9827544910179641,0.39527466036621384,0.009102267771867487,1673.0,8206.0,4975.0,144.0,False,0.11584294874158528,0.10254746986920338,1.4786330528262894,0.8481976281111463,1.972780610187917
densenet121,1.0,17,logistic,0.25,vinbig,pleural_effusion,14998,634,14364,0.04227230297372983,0.9205358735078144,0.6693984059257502,0.030437342802353357,0.1378639100261018,0.07113837858276276,0.06199996622203464,0.9369085173501577,0.5515176830966305,0.08442296759522457,0.9949761366490831,0.15488917861799217,0.06793742049790076,594.0,7922.0,6442.0,40.0,False,0.04553419164022411,0.33154972766738355,0.3567491982848137,2.1953080677155072,-1.039014437697951
densenet121,1.0,17,temperature,0.5,chexpert,cardiomegaly,19255,2034,17221,0.10563490002596729,0.8057521724208005,0.3857181967516913,0.08713254464387217,0.3361910791111772,0.06886484620143918,0.06886484620143918,0.8702064896755162,0.5293536960687533,0.17924050632911392,0.9718550106609808,0.2972541775128054,0.010225969802875483,1770.0,9116.0,8105.0,264.0,False,0.1010838392508862,0.13801706296876448,0.497102349577207,0.6962575129065143,1.3838031038688452
densenet121,1.0,17,temperature,0.5,chexpert,pleural_effusion,18933,5642,13291,0.2979982041937358,0.8677404045686246,0.7454412123653021,0.15211472934895068,0.4616475141824823,0.10943360001525496,0.10943360001525496,0.9509039347749025,0.46994206605973965,0.4323126510878324,0.9575348765905258,0.5943939729669843,0.06113666772319454,5365.0,6246.0,7045.0,277.0,False,0.24329855584761897,0.3747816183330652,1.124464375567059,1.2569985880893197,0.8007755308936311
densenet121,1.0,17,temperature,0.5,nih,cardiomegaly,21329,497,20832,0.023301608139153267,0.895102324778162,0.2244657451620313,0.020058321093112084,0.08077808043383003,0.0038496749995554193,0.004446389534293174,0.9154929577464789,0.6949404761904762,0.06681350954478708,0.9971072387905503,0.12453811413712879,0.010225969802875483,455.0,14477.0,6355.0,42.0,False,0.022759736702063146,0.1186927443104463,-0.2802239070463781,0.8634678208624574,0.06478998513940289
densenet121,1.0,17,temperature,0.5,nih,pleural_effusion,21329,2536,18793,0.11889915139012612,0.8845864483067308,0.5229094201048066,0.07496798153123384,0.24788971853426692,0.013333357167734797,0.014728672976249633,0.9242902208201893,0.6457723620496993,0.2604155093878458,0.9844256975989617,0.4063448036751322,0.06113666772319454,2344.0,12136.0,6657.0,192.0,False,0.10479318686123498,0.2846101566650042,-0.1716422420168945,0.9859717773909854,-0.15786757025409842
densenet121,1.0,17,temperature,0.5,vinbig,cardiomegaly,14998,1817,13181,0.12114948659821309,0.8510567089760003,0.436391824081198,0.10326377509375177,0.3884514870170728,0.09375341183481402,0.09377044557590052,0.8849752339020364,0.6625445717320385,0.2655217965653897,0.9766271527622455,0.4084846945255938,0.010225969802875483,1608.0,8733.0,4448.0,209.0,False,0.11584294874158528,0.1085881685893052,1.3070165390808508,0.7889846818444046,1.993438246738711
densenet121,1.0,17,temperature,0.5,vinbig,pleural_effusion,14998,634,14364,0.04227230297372983,0.9205358735078144,0.6693984059257502,0.029152350188236625,0.13073590284470377,0.06258839963952666,0.05379690347523419,0.9369085173501577,0.5710804789752159,0.08793486306439674,0.995147397792066,0.1607795371498173,0.06113666772319454,594.0,8203.0,6161.0,40.0,False,0.04553419164022411,0.3597701169579137,0.13407439417299874,1.9760858658875768,-0.9902775868769504
densenet121,1.0,17,logistic,0.5,chexpert,cardiomegaly,19255,2034,17221,0.10563490002596729,0.8057521724208005,0.3857181967516913,0.08746217016810455,0.3364232620396145,0.06951724514589844,0.06951724514589844,0.8702064896755162,0.5293536960687533,0.17924050632911392,0.9718550106609808,0.2972541775128054,0.010499066887320377,1770.0,9116.0,8105.0,264.0,False,0.1010838392508862,0.13475615077275793,0.5469814156205676,0.7113078399850079,1.394656047393818
densenet121,1.0,17,logistic,0.5,chexpert,pleural_effusion,18933,5642,13291,0.2979982041937358,0.8677404045686246,0.7454412123653021,0.16214275079175378,0.4834884949971114,0.1285978069916427,0.1285978069916427,0.9509039347749025,0.46994206605973965,0.4323126510878324,0.9575348765905258,0.5943939729669843,0.06093202745947664,5365.0,6246.0,7045.0,277.0,False,0.24329855584761897,0.33356468053470123,1.473003294885952,1.3827909609956037,0.9324402126630925
densenet121,1.0,17,logistic,0.5,nih,cardiomegaly,21329,497,20832,0.023301608139153267,0.895102324778162,0.2244657451620313,0.02003568276194545,0.08068292684739731,0.0038933034566300717,0.004016280204485113,0.9154929577464789,0.6949404761904762,0.06681350954478708,0.9971072387905503,0.12453811413712879,0.010499066887320377,455.0,14477.0,6355.0,42.0,False,0.022759736702063146,0.11968741008637251,-0.218341262317148,0.8821452466608618,0.08324025712274183
densenet121,1.0,17,logistic,0.5,nih,pleural_effusion,21329,2536,18793,0.11889915139012612,0.8845864483067308,0.5229094201048066,0.07490444221416655,0.24729159621419944,0.012490796838633036,0.014072244547446296,0.9242902208201893,0.6457723620496993,0.2604155093878458,0.9844256975989617,0.4063448036751322,0.06093202745947664,2344.0,12136.0,6657.0,192.0,False,0.10479318686123498,0.28521648727647253,0.10199998910580876,1.08475418107239,0.001835354435980077
densenet121,1.0,17,logistic,0.5,vinbig,cardiomegaly,14998,1817,13181,0.12114948659821309,0.8510567089760003,0.436391824081198,0.10357414831010953,0.3887594083534442,0.094181483513355,0.09420084386299352,0.8849752339020364,0.6625445717320385,0.2655217965653897,0.9766271527622455,0.4084846945255938,0.010499066887320377,1608.0,8733.0,4448.0,209.0,False,0.11584294874158528,0.10590890999195968,1.3635392171485181,0.8060384198680187,1.996343777545547
densenet121,1.0,17,logistic,0.5,vinbig,pleural_effusion,14998,634,14364,0.04227230297372983,0.9205358735078144,0.6693984059257502,0.02880280037218132,0.12903145378646652,0.06142546369214319,0.054421472197097365,0.9369085173501577,0.5710804789752159,0.08793486306439674,0.995147397792066,0.1607795371498173,0.06093202745947664,594.0,8203.0,6161.0,40.0,False,0.04553419164022411,0.3674467617706113,0.682013091359913,2.1738265349010875,-0.8746006842180856
densenet121,1.0,17,temperature,1.0,chexpert,cardiomegaly,19255,2034,17221,0.10563490002596729,0.8057521724208005,0.3857181967516913,0.08638596196386646,0.3271551944172201,0.06568309836151592,0.06568309836151592,0.8888888888888888,0.47836943266941523,0.16754702993235104,0.9732986767485823,0.28194931773879145,0.009788197226261942,1808.0,8238.0,8983.0,226.0,False,0.1010838392508862,0.14540283982032154,0.49712219787674194,0.7270501237054002,1.2648675946734607
densenet121,1.0,17,temperature,1.0,chexpert,pleural_effusion,18933,5642,13291,0.2979982041937358,0.8677404045686246,0.7454412123653021,0.15240681821986835,0.46292259977746386,0.11113930883594586,0.11113930883594586,0.9503722084367245,0.4738544879993981,0.4339943342776204,0.9574338704773487,0.5958770906262155,0.05987707228693095,5362.0,6298.0,6993.0,280.0,False,0.24329855584761897,0.3735810815279861,1.1244654357737542,1.2390611575681365,0.8196162978235044
densenet121,1.0,17,temperature,1.0,nih,cardiomegaly,21329,497,20832,0.023301608139153267,0.895102324778162,0.2244657451620313,0.02006299287286324,0.08053061774138374,0.002351151560250288,0.0037818305570963243,0.9275653923541247,0.6560579877112135,0.06045108838185156,0.9973728380646574,0.11350486273544257,0.009788197226261942,461.0,13667.0,7165.0,36.0,False,0.022759736702063146,0.11848747920512837,-0.28110393723677524,0.9014582117304236,-0.03924710614170555
densenet121,1.0,17,temperature,1.0,nih,pleural_effusion,21329,2536,18793,0.11889915139012612,0.8845864483067308,0.5229094201048066,0.07490581028642482,0.2477559221483004,0.013234518890876946,0.013963146100399566,0.9231072555205048,0.6482732932474857,0.2615350240196626,0.9842462433349491,0.4075911900409158,0.05987707228693095,2341.0,12183.0,6610.0,195.0,False,0.10479318686123498,0.2852034323031556,-0.17159937293495228,0.9719272659315191,-0.14385285879980708
densenet121,1.0,17,temperature,1.0,vinbig,cardiomegaly,14998,1817,13181,0.12114948659821309,0.8510567089760003,0.436391824081198,0.10227048172294788,0.37605264689823586,0.09119063705807019,0.09121596553030113,0.9201981287837094,0.623321447538123,0.2519210486665662,0.982657576844875,0.39555240123018687,0.009788197226261942,1672.0,8216.0,4965.0,145.0,False,0.11584294874158528,0.11716265138341697,1.3070218166216405,0.8238732480838482,1.8585955961684135
densenet121,1.0,17,temperature,1.0,vinbig,pleural_effusion,14998,634,14364,0.04227230297372983,0.9205358735078144,0.6693984059257502,0.02883594139920254,0.129076206860052,0.06084671131938141,0.052120049547560575,0.9369085173501577,0.5751183514341409,0.0886964312378677,0.9951813034574147,0.162051561860592,0.05987707228693095,594.0,8261.0,6103.0,40.0,False,0.04553419164022411,0.36671893448681825,0.13407454825548784,1.9478872417507715,-0.9693014184291467
densenet121,1.0,17,logistic,1.0,chexpert,cardiomegaly,19255,2034,17221,0.10563490002596729,0.8057521724208005,0.3857181967516913,0.08678305442295417,0.3275268011027884,0.06649917981291766,0.06649917981291766,0.8888888888888888,0.47836943266941523,0.16754702993235104,0.9732986767485823,0.28194931773879145,0.010133681364820445,1808.0,8238.0,8983.0,226.0,False,0.1010838392508862,0.14147449220283403,0.5589084236710475,0.7460972087610152,1.278432989049416
densenet121,1.0,17,logistic,1.0,chexpert,pleural_effusion,18933,5642,13291,0.2979982041937358,0.8677404045686246,0.7454412123653021,0.16013616990325347,0.479619604898689,0.1259605641956847,0.12596056419568472,0.9503722084367245,0.4738544879993981,0.4339943342776204,0.9574338704773487,0.5958770906262155,0.06005264353602196,5362.0,6298.0,6993.0,280.0,False,0.24329855584761897,0.34181208209246905,1.3901389581335193,1.3370556059083791,0.9206438808945056
densenet121,1.0,17,logistic,1.0,nih,cardiomegaly,21329,497,20832,0.023301608139153267,0.895102324778162,0.2244657451620313,0.020030330345071515,0.0804249583340573,0.002050638313737289,0.0032585414313164945,0.9275653923541247,0.6560579877112135,0.06045108838185156,0.9973728380646574,0.11350486273544257,0.010133681364820445,461.0,13667.0,7165.0,36.0,False,0.022759736702063146,0.11992258050789373,-0.20333103919561585,0.9253910886394214,-0.01765230095279438
densenet121,1.0,17,logistic,1.0,nih,pleural_effusion,21329,2536,18793,0.11889915139012612,0.8845864483067308,0.5229094201048066,0.07476335010652087,0.24705810938891434,0.010705879466943657,0.01261815448199746,0.9231072555205048,0.6482732932474857,0.2615350240196626,0.9842462433349491,0.4075911900409158,0.06005264353602196,2341.0,12183.0,6610.0,195.0,False,0.10479318686123498,0.2865628735432869,0.03691408625674693,1.048852610010672,-0.019076443059817504
densenet121,1.0,17,logistic,1.0,vinbig,cardiomegaly,14998,1817,13181,0.12114948659821309,0.8510567089760003,0.436391824081198,0.10265117829138987,0.37656822468132123,0.09172681708073754,0.09175614337270496,0.9201981287837094,0.623321447538123,0.2519210486665662,0.982657576844875,0.39555240123018687,0.010133681364820445,1672.0,8216.0,4965.0,145.0,False,0.11584294874158528,0.1138763351028187,1.3770427221077433,0.8454587095326357,1.8629719339562067
densenet121,1.0,17,logistic,1.0,vinbig,pleural_effusion,14998,634,14364,0.04227230297372983,0.9205358735078144,0.6693984059257502,0.028584322369214227,0.12794366996645812,0.06038077121100975,0.05289074409200568,0.9369085173501577,0.5751183514341409,0.0886964312378677,0.9951813034574147,0.162051561860592,0.06005264353602196,594.0,8261.0,6103.0,40.0,False,0.04553419164022411,0.3722448705125725,0.5517451387150623,2.1019295103502325,-0.8804208665439492
densenet121,1.0,17,head_mc,1.0,chexpert,cardiomegaly,19255,2034,17221,0.10563490002596729,0.8054776596477843,0.38610945145401526,0.08816012387294134,0.3501419495826594,0.07288970175166312,0.07288970175166314,0.8810226155358899,0.49428023924278497,0.17065041424626226,0.9723554946310258,0.28591942560829675,0.006500470453973929,1792.0,8512.0,8709.0,242.0,False,0.1010838392508862,0.12785144958600847,0.4958671874822413,0.6553853399717054,1.5552799517474716
densenet121,1.0,17,head_mc,1.0,chexpert,pleural_effusion,18933,5642,13291,0.2979982041937358,0.8677623281284259,0.7450246694861322,0.15497596860159638,0.4750134158269019,0.1237322291454561,0.12373222914545605,0.9485997873094647,0.4776916710556015,0.4353343094192289,0.9563187226992017,0.5967885816235504,0.044986442565675445,5352.0,6349.0,6942.0,290.0,False,0.24329855584761897,0.36302142007509564,1.1262276063621142,1.1108260083535675,0.9707337322047042
densenet121,1.0,17,head_mc,1.0,nih,cardiomegaly,21329,497,20832,0.023301608139153267,0.8947140987244512,0.22273760477392787,0.02009896292604446,0.08171103702658662,0.005565618200887238,0.005577235107331496,0.9255533199195171,0.668778801843318,0.0625,0.9973512778294795,0.11709303805523737,0.006500470453973929,460.0,13932.0,6900.0,37.0,False,0.022759736702063146,0.11690705436752657,-0.28761813072330034,0.810801426091714,0.2114424828812399
densenet121,1.0,17,head_mc,1.0,nih,pleural_effusion,21329,2536,18793,0.11889915139012612,0.8845125483832577,0.5230570533887997,0.07464505602223988,0.2481504440408771,0.011272538387818961,0.011163519985825578,0.9231072555205048,0.6502421114244665,0.26262059681400046,0.9842931937172775,0.40890829694323144,0.044986442565675445,2341.0,12220.0,6573.0,195.0,False,0.10479318686123498,0.2876917072759382,-0.17150881383651043,0.8714117157912136,-0.03637633998247884
densenet121,1.0,17,head_mc,1.0,vinbig,cardiomegaly,14998,1817,13181,0.12114948659821309,0.8508755598202029,0.435375486589072,0.10460076644746162,0.40715857231124464,0.09692536946161444,0.09693523040965588,0.9119427627958173,0.6368257340110766,0.2571384233395407,0.9812953004442366,0.4011620869144171,0.006500470453973929,1657.0,8394.0,4787.0,160.0,False,0.11584294874158528,0.0970467552513875,1.3004058881918172,0.7416723104022299,2.185966847332482
densenet121,1.0,17,head_mc,1.0,vinbig,pleural_effusion,14998,634,14364,0.04227230297372983,0.9204374852307776,0.6689003443903978,0.02674656395218133,0.11776069525166522,0.04842620479571448,0.040224940112588634,0.9369085173501577,0.5824282929546087,0.09010922330097088,0.9952414941708304,0.16440631054525326,0.044986442565675445,594.0,8366.0,5998.0,40.0,False,0.04553419164022411,0.4126048363060456,0.1317884026962294,1.744335584969979,-0.806329286081519
densenet121,1.0,17,head_mc_temperature,1.0,chexpert,cardiomegaly,19255,2034,17221,0.10563490002596729,0.8054776596477843,0.38610945145401526,0.08639260802843876,0.3274328329164809,0.06574583133481458,0.06574583133481458,0.8810226155358899,0.49428023924278497,0.17065041424626226,0.9723554946310258,0.28591942560829675,0.01055569248898286,1792.0,8512.0,8709.0,242.0,False,0.1010838392508862,0.14533709177769127,0.4959179396753278,0.7259592006469674,1.2675657909814908
densenet121,1.0,17,head_mc_temperature,1.0,chexpert,pleural_effusion,18933,5642,13291,0.2979982041937358,0.8677623281284259,0.7450246694861322,0.15245184025726694,0.4629783389222862,0.11131487310670664,0.11131487310670664,0.9485997873094647,0.4776916710556015,0.4353343094192289,0.9563187226992017,0.5967885816235504,0.06063956299255077,5352.0,6349.0,6942.0,290.0,False,0.24329855584761897,0.3733960330091335,1.126208307241228,1.2385444894245594,0.821483751439533
densenet121,1.0,17,head_mc_temperature,1.0,nih,cardiomegaly,21329,497,20832,0.023301608139153267,0.894714098724451,0.22273760477392787,0.020080494194906644,0.0806388371616876,0.00234021103497321,0.004196376607996179,0.9255533199195171,0.668778801843318,0.0625,0.9973512778294795,0.11709303805523737,0.01055569248898286,460.0,13932.0,6900.0,37.0,False,0.022759736702063146,0.11771851942881362,-0.28854658263313476,0.8978695485113745,-0.0376728984803332
densenet121,1.0,17,head_mc_temperature,1.0,nih,pleural_effusion,21329,2536,18793,0.11889915139012612,0.8845125483832577,0.5230570533887997,0.07492208699988263,0.24775041013936797,0.013013411080853403,0.014218748657405106,0.9231072555205048,0.6502421114244665,0.26262059681400046,0.9842931937172775,0.40890829694323144,0.06063956299255077,2341.0,12220.0,6573.0,195.0,False,0.10479318686123498,0.2850481100542066,-0.17150562949194498,0.9716194948683124,-0.14342941659954267
densenet121,1.0,17,head_mc_temperature,1.0,vinbig,cardiomegaly,14998,1817,13181,0.12114948659821309,0.8508755598202029,0.435375486589072,0.10229956871949941,0.3763817205370439,0.09118688439412356,0.09121271261753877,0.9119427627958173,0.6368257340110766,0.2571384233395407,0.9812953004442366,0.4011620869144171,0.01055569248898286,1657.0,8394.0,4787.0,160.0,False,0.11584294874158528,0.11691156146497561,1.300410130224695,0.8215287844684822,1.8596800096233546
densenet121,1.0,17,head_mc_temperature,1.0,vinbig,pleural_effusion,14998,634,14364,0.04227230297372983,0.9204374852307776,0.6689003443903978,0.02882260866021626,0.12902240962594985,0.06085902321793369,0.05189108687348732,0.9369085173501577,0.5824282929546087,0.09010922330097088,0.9952414941708304,0.16440631054525326,0.06063956299255077,594.0,8366.0,5998.0,40.0,False,0.04553419164022411,0.3670117416830374,0.13147590006337162,1.94486257121457,-0.9688061249921368
densenet121,1.0,43,raw,1.0,chexpert,cardiomegaly,19255,2034,17221,0.10563490002596729,0.7941048571131825,0.37863680303665515,0.0850880774709804,0.3632070886204676,0.06422857734285012,0.06422857734285013,0.7404129793510325,0.6905522327390976,0.22033650329188004,0.957487922705314,0.3396098771000113,0.012970386437368456,1506.0,11892.0,5329.0,528.0,False,0.1010838392508862,0.15824252322079824,-0.03509635804410462,0.4893908041980046,1.4388094200600399
densenet121,1.0,43,raw,1.0,chexpert,pleural_effusion,18933,5642,13291,0.2979982041937358,0.8628528109537573,0.7388207648460042,0.15094990497449623,0.46532853762001664,0.11143680030378078,0.11143680030378075,0.9296348812477845,0.528402678504251,0.45557196212976636,0.9464959568733153,0.6114835324978141,0.06164962595497456,5245.0,7023.0,6268.0,397.0,False,0.24329855584761897,0.37956925207136005,1.0113599133410343,1.0894236656252485,0.8851968682436686
densenet121,1.0,43,raw,1.0,nih,cardiomegaly,21329,497,20832,0.023301608139153267,0.8991780946817619,0.2334783475613031,0.02060538954654785,0.08142834228649293,0.007119623552091702,0.008083692521526856,0.8933601609657947,0.727102534562212,0.07244248653940284,0.9965131578947368,0.1340175067914277,0.012970386437368456,444.0,15147.0,5685.0,53.0,False,0.022759736702063146,0.0946560667074855,-0.7356826585684532,0.7865832465737923,-0.29450952340460007
densenet121,1.0,43,raw,1.0,nih,pleural_effusion,21329,2536,18793,0.11889915139012612,0.8843490537200828,0.5260070009622332,0.07655585178848517,0.2516404874721156,0.027698505191672596,0.02975750635718836,0.9231072555205048,0.6433778534560741,0.25887426738914077,0.9841282760866026,0.40435270748769325,0.06164962595497456,2341.0,12091.0,6702.0,195.0,False,0.10479318686123498,0.269457737840735,-0.4303389313295072,0.8931424930693392,-0.34706118829304405
densenet121,1.0,43,raw,1.0,vinbig,cardiomegaly,14998,1817,13181,0.12114948659821309,0.8534793310211989,0.4646057501717674,0.09873575193376512,0.38225426969497706,0.088704529219115,0.08870756137724761,0.8106769400110072,0.7393217510052348,0.30006111224281934,0.9659034592130042,0.43800178412132024,0.012970386437368456,1473.0,9745.0,3436.0,344.0,False,0.11584294874158528,0.1476757713236544,0.9879759882498456,0.6953313263233089,1.9615512061528646
densenet121,1.0,43,raw,1.0,vinbig,pleural_effusion,14998,634,14364,0.04227230297372983,0.9063036688285735,0.6315078287969885,0.026922979421224826,0.11636810773718445,0.038752017098711726,0.032946304230118725,0.8817034700315457,0.7177666388192704,0.12117927595924562,0.9927780452575831,0.21307413760243948,0.06164962595497456,559.0,10310.0,4054.0,75.0,False,0.04553419164022411,0.40873048468831197,-0.208118495781963,1.4208731856469676,-0.7600277756100474
densenet121,1.0,43,temperature,0.1,chexpert,cardiomegaly,0,0,0,,,,,,,,,,,,,,,,,,,,,,,
densenet121,1.0,43,temperature,0.1,chexpert,pleural_effusion,18933,5642,13291,0.2979982041937358,0.8628528109537573,0.7388207648460042,0.15046381378579368,0.46282738247645855,0.10903076564912213,0.10903076564912219,0.9067706487061326,0.5913776239560605,0.48506684365222336,0.9372764130694013,0.6320340972265118,0.08151589477854491,5116.0,7860.0,5431.0,526.0,False,0.24329855584761897,0.38156717263857864,1.0112104047140078,1.1139261013646364,0.8536842572949461
densenet121,1.0,43,temperature,0.1,nih,cardiomegaly,0,0,0,,,,,,,,,,,,,,,,,,,,,,,
densenet121,1.0,43,temperature,0.1,nih,pleural_effusion,21329,2536,18793,0.11889915139012612,0.8843490537200828,0.5260070009622332,0.0766431497023663,0.25184310597570647,0.028142018963782888,0.030856663454749585,0.9057570977917981,0.678497312829245,0.2754526921693249,0.9816012317167051,0.4224367816091954,0.08151589477854491,2297.0,12751.0,6042.0,239.0,False,0.10479318686123498,0.26862468832200315,-0.4303383496218734,0.91329194311332,-0.36339198562791886
densenet121,1.0,43,temperature,0.1,vinbig,cardiomegaly,0,0,0,,,,,,,,,,,,,,,,,,,,,,,
densenet121,1.0,43,temperature,0.1,vinbig,pleural_effusion,14998,634,14364,0.04227230297372983,0.9063036688285735,0.6315078287969885,0.027234459920078682,0.11812944995289912,0.04108057532635597,0.03515025426462008,0.8643533123028391,0.7701197438039543,0.14233766233766235,0.9922856117689272,0.24442462087421946,0.08151589477854491,548.0,11062.0,3302.0,86.0,False,0.04553419164022411,0.40188989989623014,-0.20771293845479802,1.4530309340252816,-0.7931311330831261
densenet121,1.0,43,logistic,0.1,chexpert,cardiomegaly,0,0,0,,,,,,,,,,,,,,,,,,,,,,,
densenet121,1.0,43,logistic,0.1,chexpert,pleural_effusion,18933,5642,13291,0.2979982041937358,0.8628528109537573,0.7388207648460042,0.1644349616770704,0.4950804747995539,0.13705890984685049,0.1370589098468505,0.9067706487061326,0.5913776239560605,0.48506684365222336,0.9372764130694013,0.6320340972265118,0.07662037569943715,5116.0,7860.0,5431.0,526.0,False,0.24329855584761897,0.32414328928422353,1.4933199703167312,1.277513449577504,1.0487414818508105
densenet121,1.0,43,logistic,0.1,nih,cardiomegaly,0,0,0,,,,,,,,,,,,,,,,,,,,,,,
densenet121,1.0,43,logistic,0.1,nih,pleural_effusion,21329,2536,18793,0.11889915139012612,0.8843490537200828,0.5260070009622332,0.07463721265046379,0.2467392847909069,0.012062218264170676,0.011010779979156038,0.9057570977917981,0.678497312829245,0.2754526921693249,0.9816012317167051,0.4224367816091954,0.07662037569943715,2297.0,12751.0,6042.0,239.0,False,0.10479318686123498,0.28776655347549573,-0.035156232064228306,1.047387046405045,-0.08746023518400493
densenet121,1.0,43,logistic,0.1,vinbig,cardiomegaly,0,0,0,,,,,,,,,,,,,,,,,,,,,,,
densenet121,1.0,43,logistic,0.1,vinbig,pleural_effusion,14998,634,14364,0.04227230297372983,0.9063036688285735,0.6315078287969885,0.026993417008310663,0.11682619095341266,0.039301010258787655,0.03318051412734615,0.8643533123028391,0.7701197438039543,0.14233766233766235,0.9922856117689272,0.24442462087421946,0.07662037569943715,548.0,11062.0,3302.0,86.0,False,0.04553419164022411,0.4071835683041939,0.4212731665686321,1.666421944343444,-0.614246975846064
densenet121,1.0,43,temperature,0.25,chexpert,cardiomegaly,19255,2034,17221,0.10563490002596729,0.7941048571131825,0.37863680303665515,0.08732002207020235,0.418466388311834,0.07314187681844336,0.07303421811973367,0.6337266470009832,0.8055862028918181,0.27798145352598663,0.9490354357641264,0.38644880827462147,0.015507486648949975,1289.0,13873.0,3348.0,745.0,False,0.1010838392508862,0.1361623903750092,-0.0348259981611783,0.4058262243809893,1.9568310024049158
densenet121,1.0,43,temperature,0.25,chexpert,pleural_effusion,18933,5642,13291,0.2979982041937358,0.8628528109537573,0.7388207648460042,0.1510030357630338,0.4656069752115795,0.11169123873784174,0.11169123873784174,0.9065934065934066,0.5919795350237003,0.48538622129436326,0.9372245384157236,0.6322620519159456,0.07723540236685249,5115.0,7868.0,5423.0,527.0,False,0.24329855584761897,0.37935087515435584,1.011324787467795,1.0868160141395806,0.8885964771598378
densenet121,1.0,43,temperature,0.25,nih,cardiomegaly,21329,497,20832,0.023301608139153267,0.8991780946817619,0.2334783475613031,0.020545341579851915,0.08385271206499331,0.00935968039912491,0.009366265303493005,0.7927565392354124,0.8333813364055299,0.10194049159120311,0.9941021530004581,0.1806510774873911,0.015507486648949975,394.0,17361.0,3471.0,103.0,False,0.022759736702063146,0.09729440859526728,-0.7357660608248998,0.6521397091791011,0.0674813826941842
densenet121,1.0,43,temperature,0.25,nih,pleural_effusion,21329,2536,18793,0.11889915139012612,0.8843490537200828,0.5260070009622332,0.0765474088605747,0.2516249732636856,0.027881055960015323,0.0296401871919377,0.9057570977917981,0.6786569467354866,0.2755518234165067,0.9816054798737782,0.4225533480500368,0.07723540236685249,2297.0,12754.0,6039.0,239.0,False,0.10479318686123498,0.2695383053677217,-0.43033857742829557,0.8910168578154116,-0.34531914874922676
densenet121,1.0,43,temperature,0.25,vinbig,cardiomegaly,14998,1817,13181,0.12114948659821309,0.8534793310211989,0.4646057501717674,0.10221267451422278,0.4444341553036193,0.09698308168605342,0.09698343667119,0.631810676940011,0.8453076397845384,0.3602133668026357,0.9433578867157735,0.45883293365307753,0.015507486648949975,1148.0,11142.0,2039.0,669.0,False,0.11584294874158528,0.11766166499929143,0.9881138960974916,0.5765214426945148,2.577576649325218
densenet121,1.0,43,temperature,0.25,vinbig,pleural_effusion,14998,634,14364,0.04227230297372983,0.9063036688285735,0.6315078287969885,0.026890789253524384,0.11618581720411132,0.038425289357087486,0.03271471024158159,0.8643533123028391,0.7705374547479811,0.1425598335067638,0.9922897615205307,0.2447521214828048,0.07723540236685249,548.0,11068.0,3296.0,86.0,False,0.04553419164022411,0.40943742965737573,-0.20770894236476425,1.417556482004433,-0.7564768415936034
densenet121,1.0,43,logistic,0.25,chexpert,cardiomegaly,19255,2034,17221,0.10563490002596729,0.7941048571131825,0.37863680303665515,0.08878874566114539,0.41154707666727774,0.0773503762129903,0.07735037621299032,0.6337266470009832,0.8055862028918181,0.27798145352598663,0.9490354357641264,0.38644880827462147,0.016397581142339815,1289.0,13873.0,3348.0,745.0,False,0.1010838392508862,0.12163263367178656,0.1376738071403558,0.4535699105862846,2.0213493720819224
densenet121,1.0,43,logistic,0.25,chexpert,pleural_effusion,18933,5642,13291,0.2979982041937358,0.8628528109537573,0.7388207648460042,0.16587536357599364,0.5001706511197158,0.14108413769460645,0.14108413769460648,0.9065934065934066,0.5919795350237003,0.48538622129436326,0.9372245384157236,0.6322620519159456,0.0724178633846227,5115.0,7868.0,5423.0,527.0,False,0.24329855584761897,0.3182229832885506,1.5129669548939806,1.2538550377133197,1.0953152903624421
densenet121,1.0,43,logistic,0.25,nih,cardiomegaly,21329,497,20832,0.023301608139153267,0.8991780946817619,0.2334783475613031,0.02007173733275561,0.08208067693237822,0.007303221616850638,0.006467528475245888,0.7927565392354124,0.8333813364055299,0.10194049159120311,0.9941021530004581,0.1806510774873911,0.016397581142339815,394.0,17361.0,3471.0,103.0,False,0.022759736702063146,0.11810327177747493,-0.45871330148436873,0.7288235795304823,0.23111017138542278
densenet121,1.0,43,logistic,0.25,nih,pleural_effusion,21329,2536,18793,0.11889915139012612,0.8843490537200828,0.5260070009622332,0.0745592049441309,0.24645553344979618,0.009510619755948682,0.009004331969869942,0.9057570977917981,0.6786569467354866,0.2755518234165067,0.9816054798737782,0.4225533480500368,0.0724178633846227,2297.0,12754.0,6039.0,239.0,False,0.10479318686123498,0.2885109502122434,-0.018988142880817963,1.0280030773477995,-0.050722914392722
densenet121,1.0,43,logistic,0.25,vinbig,cardiomegaly,14998,1817,13181,0.12114948659821309,0.8534793310211989,0.4646057501717674,0.10411687221125125,0.4421529604325134,0.09981895874393255,0.09981986793628424,0.631810676940011,0.8453076397845384,0.3602133668026357,0.9433578867157735,0.45883293365307753,0.016397581142339815,1148.0,11142.0,2039.0,669.0,False,0.11584294874158528,0.10122391270004516,1.233377053405688,0.6444201095041393,2.5815186048662517
densenet121,1.0,43,logistic,0.25,vinbig,pleural_effusion,14998,634,14364,0.04227230297372983,0.9063036688285735,0.6315078287969885,0.026732705474647754,0.11498034623157308,0.036624249472582186,0.031101596461327513,0.8643533123028391,0.7705374547479811,0.1425598335067638,0.9922897615205307,0.2447521214828048,0.0724178633846227,548.0,11068.0,3296.0,86.0,False,0.04553419164022411,0.41290918951918876,0.44689631665132235,1.6355478895614042,-0.5648630886114892
densenet121,1.0,43,temperature,0.5,chexpert,cardiomegaly,19255,2034,17221,0.10563490002596729,0.7941048571131825,0.37863680303665515,0.08686222685063201,0.40569875903310715,0.07143719107200557,0.07142723188853382,0.69960668633235,0.7422913884211138,0.24279133253710972,0.9543825593549351,0.3604813172894237,0.010321907176138604,1423.0,12783.0,4438.0,611.0,False,0.1010838392508862,0.14069125693729034,-0.03496074918045893,0.4219121640226593,1.8432213250447709
densenet121,1.0,43,temperature,0.5,chexpert,pleural_effusion,18933,5642,13291,0.2979982041937358,0.8628528109537573,0.7388207648460042,0.15135262563636334,0.46746345740909706,0.1133268666958219,0.11332686669582184,0.9034030485643388,0.5998043789030171,0.48934331797235026,0.9360103322766232,0.6348237638560219,0.07703456834590691,5097.0,7972.0,5319.0,545.0,False,0.24329855584761897,0.3779139990820273,1.0112577369855413,1.0701092400411096,0.9107708808655238
densenet121,1.0,43,temperature,0.5,nih,cardiomegaly,21329,497,20832,0.023301608139153267,0.8991780946817619,0.2334783475613031,0.02053390387458805,0.0829626921899732,0.008758715551995075,0.008951061499264187,0.8551307847082495,0.7771217357910907,0.08385951065509077,0.9955722280302565,0.1527403414195867,0.010321907176138604,425.0,16189.0,4643.0,72.0,False,0.022759736702063146,0.09779694978955211,-0.7356903403285185,0.6780635769451424,-0.009204751625113512
densenet121,1.0,43,temperature,0.5,nih,pleural_effusion,21329,2536,18793,0.11889915139012612,0.8843490537200828,0.5260070009622332,0.07649679605406833,0.2515532821629457,0.027801519157060806,0.028881132031146273,0.9014195583596214,0.6832331187144149,0.27746085690010924,0.9809014514896868,0.4243155452436195,0.07703456834590691,2286.0,12840.0,5953.0,250.0,False,0.10479318686123498,0.2700212833935107,-0.43033877150900696,0.8773605061073738,-0.3340497204966897
densenet121,1.0,43,temperature,0.5,vinbig,cardiomegaly,14998,1817,13181,0.12114948659821309,0.8534793310211989,0.4646057501717674,0.10152717434401787,0.4301302758731668,0.09548895879157523,0.09548953168058695,0.7336268574573472,0.7886351566648965,0.3236222384073804,0.9555106167846309,0.44912398921832886,0.010321907176138604,1333.0,10395.0,2786.0,484.0,False,0.11584294874158528,0.1235791608646124,0.9879846879640902,0.5994093050846512,2.4419582994673505
densenet121,1.0,43,temperature,0.5,vinbig,pleural_effusion,14998,634,14364,0.04227230297372983,0.9063036688285735,0.6315078287969885,0.02668726661913773,0.11503261304574831,0.03688981289899225,0.031232781927744955,0.8596214511041009,0.7768727373990532,0.14533333333333334,0.9920874822190612,0.24863138686131386,0.07703456834590691,545.0,11159.0,3205.0,89.0,False,0.04553419164022411,0.4139070957929851,-0.20778636304490192,1.3958003748447987,-0.7334111058190966
densenet121,1.0,43,logistic,0.5,chexpert,cardiomegaly,19255,2034,17221,0.10563490002596729,0.7941048571131825,0.37863680303665515,0.08942481432917652,0.39700819962460326,0.07830457846671397,0.07830457846671399,0.69960668633235,0.7422913884211138,0.24279133253710972,0.9543825593549351,0.3604813172894237,0.012153142925246468,1423.0,12783.0,4438.0,611.0,False,0.1010838392508862,0.11534014742725018,0.27034827656792415,0.5071698349835378,1.950002438745227
densenet121,1.0,43,logistic,0.5,chexpert,pleural_effusion,18933,5642,13291,0.2979982041937358,0.8628528109537573,0.7388207648460042,0.1680779534262007,0.5073661084798092,0.14629707497453417,0.1462970749745341,0.9034030485643388,0.5998043789030171,0.48934331797235026,0.9360103322766232,0.6348237638560219,0.06990182516229437,5097.0,7972.0,5319.0,545.0,False,0.24329855584761897,0.3091699503080072,1.555265991974337,1.236960806595458,1.152445306071006
densenet121,1.0,43,logistic,0.5,nih,cardiomegaly,21329,497,20832,0.023301608139153267,0.8991780946817619,0.2334783475613031,0.01991829013978556,0.08072287814837742,0.005821304178754699,0.004341570858488383,0.8551307847082495,0.7771217357910907,0.08385951065509077,0.9955722280302565,0.1527403414195867,0.012153142925246468,425.0,16189.0,4643.0,72.0,False,0.022759736702063146,0.12484531782918262,-0.24483463809085723,0.8151414246382397,0.2406148619840798
densenet121,1.0,43,logistic,0.5,nih,pleural_effusion,21329,2536,18793,0.11889915139012612,0.8843490537200828,0.5260070009622332,0.07452067193537742,0.2463216452853639,0.00774624431615015,0.007331504552866568,0.9014195583596214,0.6832331187144149,0.27746085690010924,0.9809014514896868,0.4243155452436195,0.06990182516229437,2286.0,12840.0,5953.0,250.0,False,0.10479318686123498,0.2888786554983179,0.015843166608360482,1.0142321711132931,-0.000960406518725523
densenet121,1.0,43,logistic,0.5,vinbig,cardiomegaly,14998,1817,13181,0.12114948659821309,0.8534793310211989,0.4646057501717674,0.10471190527514847,0.42877443832424283,0.10001946310889913,0.10002185736221651,0.7336268574573472,0.7886351566648965,0.3236222384073804,0.9555106167846309,0.44912398921832886,0.012153142925246468,1333.0,10395.0,2786.0,484.0,False,0.11584294874158528,0.09608736299752862,1.4219106136253465,0.7205848975093705,2.456221002960714
densenet121,1.0,43,logistic,0.5,vinbig,pleural_effusion,14998,634,14364,0.04227230297372983,0.9063036688285735,0.6315078287969885,0.02652068499995732,0.11323625461759197,0.033497542455441114,0.029162353017854085,0.8596214511041009,0.7768727373990532,0.14533333333333334,0.9920874822190612,0.24863138686131386,0.06990182516229437,545.0,11159.0,3205.0,89.0,False,0.04553419164022411,0.4175654811333158,0.5020657531448017,1.6135023428074244,-0.5058055739008467
densenet121,1.0,43,temperature,1.0,chexpert,cardiomegaly,19255,2034,17221,0.10563490002596729,0.7941048571131825,0.37863680303665515,0.08538633146782318,0.369666009852826,0.06566210888331457,0.06556231501790473,0.7404129793510325,0.6905522327390976,0.22033650329188004,0.957487922705314,0.3396098771000113,0.011645495012631948,1506.0,11892.0,5329.0,528.0,False,0.1010838392508862,0.15529196258664457,-0.035110970029718885,0.4773682749823423,1.503609554244712
densenet121,1.0,43,temperature,1.0,chexpert,pleural_effusion,18933,5642,13291,0.2979982041937358,0.8628528109537573,0.7388207648460042,0.15046586760740155,0.46283777275445537,0.10904124468810796,0.10904124468810796,0.9296348812477845,0.528402678504251,0.45557196212976636,0.9464959568733153,0.6114835324978141,0.06520156271800717,5245.0,7023.0,6268.0,397.0,False,0.24329855584761897,0.3815587310693276,1.0112104094064531,1.1138188930493622,0.8538190803540995
densenet121,1.0,43,temperature,1.0,nih,cardiomegaly,21329,497,20832,0.023301608139153267,0.8991780946817619,0.2334783475613031,0.020578381318447848,0.08147406114710308,0.00763321718430973,0.007587979784970778,0.8933601609657947,0.727102534562212,0.07244248653940284,0.9965131578947368,0.1340175067914277,0.011645495012631948,444.0,15147.0,5685.0,53.0,False,0.022759736702063146,0.09584273369109586,-0.736178398147051,0.7671843710484108,-0.24741929369396237
densenet121,1.0,43,temperature,1.0,nih,pleural_effusion,21329,2536,18793,0.11889915139012612,0.8843490537200828,0.5260070009622332,0.07664274051814066,0.25184200918108857,0.02813471012932362,0.030851916761643478,0.9231072555205048,0.6433778534560741,0.25887426738914077,0.9841282760866026,0.40435270748769325,0.06520156271800717,2341.0,12091.0,6702.0,195.0,False,0.10479318686123498,0.26862859300548403,-0.4303383494236838,0.9132040439523627,-0.3633214038231427
densenet121,1.0,43,temperature,1.0,vinbig,cardiomegaly,14998,1817,13181,0.12114948659821309,0.8534793310211989,0.4646057501717674,0.09922115545762109,0.38956525599548825,0.08997153142682375,0.08997386300441872,0.8106769400110072,0.7393217510052348,0.30006111224281934,0.9659034592130042,0.43800178412132024,0.011645495012631948,1473.0,9745.0,3436.0,344.0,False,0.11584294874158528,0.143485585135121,0.9879767714874874,0.678251376302799,2.0382518261539113
densenet121,1.0,43,temperature,1.0,vinbig,pleural_effusion,14998,634,14364,0.04227230297372983,0.9063036688285735,0.6315078287969885,0.027233075486012975,0.11812163382291191,0.04107030529242799,0.03514060127691693,0.8817034700315457,0.7177666388192704,0.12117927595924562,0.9927780452575831,0.21307413760243948,0.06520156271800717,559.0,10310.0,4054.0,75.0,False,0.04553419164022411,0.4019203041708167,-0.2077135809506204,1.4528908555995548,-0.7929887756118585
densenet121,1.0,43,logistic,1.0,chexpert,cardiomegaly,19255,2034,17221,0.10563490002596729,0.7941048571131825,0.37863680303665515,0.088181748991004,0.36434115438550846,0.07337070744113307,0.07337070744113307,0.7404129793510325,0.6905522327390976,0.22033650329188004,0.957487922705314,0.3396098771000113,0.014025352340182713,1506.0,11892.0,5329.0,528.0,False,0.1010838392508862,0.1276375170897467,0.3268386232594643,0.5836158369730385,1.6304989571628425
densenet121,1.0,43,logistic,1.0,chexpert,pleural_effusion,18933,5642,13291,0.2979982041937358,0.8628528109537573,0.7388207648460042,0.16824509250587733,0.5048151534536727,0.14417793380913688,0.1441779338091369,0.9296348812477845,0.528402678504251,0.45557196212976636,0.9464959568733153,0.6114835324978141,0.06088507775823117,5245.0,7023.0,6268.0,397.0,False,0.24329855584761897,0.30848297919511125,1.6122138241372708,1.303726937890112,1.106876439935388
densenet121,1.0,43,logistic,1.0,nih,cardiomegaly,21329,497,20832,0.023301608139153267,0.8991780946817619,0.2334783475613031,0.01984765962207419,0.07937771903266148,0.0020262780249216583,0.0023374615097584562,0.8933601609657947,0.727102534562212,0.07244248653940284,0.9965131578947368,0.1340175067914277,0.014025352340182713,444.0,15147.0,5685.0,53.0,False,0.022759736702063146,0.12794862779431793,-0.15413155746257853,0.9379837972875524,-0.0002978168290341586
densenet121,1.0,43,logistic,1.0,nih,pleural_effusion,21329,2536,18793,0.11889915139012612,0.8843490537200828,0.5260070009622332,0.0746458677632044,0.24659168482639524,0.00947416914500755,0.010054622383656434,0.9231072555205048,0.6433778534560741,0.25887426738914077,0.9841282760866026,0.40435270748769325,0.06088507775823117,2341.0,12091.0,6702.0,195.0,False,0.10479318686123498,0.28768396115246553,0.06252961925034961,1.0689539469370495,-0.019052755454111423
densenet121,1.0,43,logistic,1.0,vinbig,cardiomegaly,14998,1817,13181,0.12114948659821309,0.8534793310211989,0.4646057501717674,0.10281724036858779,0.3923637579706108,0.09522258128060195,0.09523141640355286,0.8106769400110072,0.7393217510052348,0.30006111224281934,0.9659034592130042,0.43800178412132024,0.014025352340182713,1473.0,9745.0,3436.0,344.0,False,0.11584294874158528,0.11244282465611588,1.5021738932381814,0.8291946492670327,2.077687262464231
densenet121,1.0,43,logistic,1.0,vinbig,pleural_effusion,14998,634,14364,0.04227230297372983,0.9063036688285735,0.6315078287969885,0.026986179625886775,0.11606284055666452,0.03734694869828588,0.03278189742242882,0.8817034700315457,0.7177666388192704,0.12117927595924562,0.9927780452575831,0.21307413760243948,0.06088507775823117,559.0,10310.0,4054.0,75.0,False,0.04553419164022411,0.407342512213445,0.5763425256781112,1.7005957547499837,-0.5593602634916732
densenet121,1.0,43,head_mc,1.0,chexpert,cardiomegaly,19255,2034,17221,0.10563490002596729,0.794461205554011,0.3785362993009849,0.08493399647705986,0.3599361247535571,0.06365070829296586,0.06358227117305133,0.7404129793510325,0.6876488008826432,0.21873638344226579,0.9573160873080032,0.33770602085435586,0.013336851217833883,1506.0,11842.0,5379.0,528.0,False,0.1010838392508862,0.1597668123164876,-0.03037774144503825,0.4965136293401432,1.4101136142644815
densenet121,1.0,43,head_mc,1.0,chexpert,pleural_effusion,18933,5642,13291,0.2979982041937358,0.8626591928486734,0.7386210160168956,0.15081852856354616,0.4645749668115139,0.11055519606600736,0.11052337738639074,0.9315845444877703,0.5244150176811376,0.4540036278828712,0.9475258292550299,0.6104884139613218,0.06206693827852285,5256.0,6970.0,6321.0,386.0,False,0.24329855584761897,0.38010923230466787,1.0107756264288772,1.0983548563467522,0.8729853825596867
densenet121,1.0,43,head_mc,1.0,nih,cardiomegaly,21329,497,20832,0.023301608139153267,0.8990633509196501,0.232739729516928,0.020623260452691847,0.08147836302162514,0.007303466582578699,0.008381644624389077,0.8933601609657947,0.7253744239631337,0.07201946472019465,0.9965048799788974,0.1332933053137196,0.013336851217833883,444.0,15111.0,5721.0,53.0,False,0.022759736702063146,0.09387086842606707,-0.7360353341610802,0.7940994337351989,-0.31288835035653206
densenet121,1.0,43,head_mc,1.0,nih,pleural_effusion,21329,2536,18793,0.11889915139012612,0.884191329209933,0.5252788571167569,0.07661247787031851,0.2518469762510602,0.028281939887611837,0.029611063478400135,0.9235015772870663,0.6408769222582876,0.25761742382576175,0.9841477365582612,0.40285542272297237,0.06206693827852285,2342.0,12044.0,6749.0,194.0,False,0.10479318686123498,0.26891737750310807,-0.4312783074604491,0.9003008593204286,-0.3537942989346431
densenet121,1.0,43,head_mc,1.0,vinbig,cardiomegaly,14998,1817,13181,0.12114948659821309,0.8531477635563641,0.46314610193785083,0.09854865671719248,0.37952366925688596,0.08805274398839424,0.08807179166313699,0.8073747936158503,0.7371974812229725,0.29750557696207663,0.9652329393066454,0.4347954949614701,0.013336851217833883,1467.0,9717.0,3464.0,350.0,False,0.11584294874158528,0.14929084775778412,0.9773012483885779,0.6997717818918815,1.927691031633604
densenet121,1.0,43,head_mc,1.0,vinbig,pleural_effusion,14998,634,14364,0.04227230297372983,0.9062246617244125,0.6302329872204259,0.027075539834199924,0.1170975210322802,0.039742534502841056,0.03378369741003538,0.88801261829653,0.7149122807017544,0.12086732503220267,0.9931334622823984,0.2127739984882842,0.06206693827852285,563.0,10269.0,4095.0,71.0,False,0.04553419164022411,0.40538002632988734,-0.20735381612051315,1.4328807591108361,-0.772533595187632
densenet121,1.0,43,head_mc_temperature,1.0,chexpert,cardiomegaly,19255,2034,17221,0.10563490002596729,0.794461205554011,0.3785362993009849,0.08534034541644134,0.3686258917462318,0.06549221732080328,0.06541784527486477,0.7404129793510325,0.6876488008826432,0.21873638344226579,0.9573160873080032,0.33770602085435586,0.011519563237858006,1506.0,11842.0,5379.0,528.0,False,0.1010838392508862,0.15574689239266137,-0.030399520602519676,0.4799698832283948,1.4980368042978138
densenet121,1.0,43,head_mc_temperature,1.0,chexpert,pleural_effusion,18933,5642,13291,0.2979982041937358,0.8626591928486734,0.7386210160168956,0.15051727287240024,0.46303440906417825,0.10905108172079947,0.10901490776264473,0.9315845444877703,0.5244150176811376,0.4540036278828712,0.9475258292550299,0.6104884139613218,0.0642889604261734,5256.0,6970.0,6321.0,386.0,False,0.24329855584761897,0.3813474463585754,1.0107754338954098,1.113753576724842,0.8533661078975442
densenet121,1.0,43,head_mc_temperature,1.0,nih,cardiomegaly,21329,497,20832,0.023301608139153267,0.8990633509196501,0.23273972951692798,0.02058370399499427,0.08151554928647899,0.007564849813605205,0.0077995766733527155,0.8933601609657947,0.7253744239631337,0.07201946472019465,0.9965048799788974,0.1332933053137196,0.011519563237858006,444.0,15111.0,5721.0,53.0,False,0.022759736702063146,0.09560886997746432,-0.7365394518088005,0.7675620228633921,-0.24884230840861687
densenet121,1.0,43,head_mc_temperature,1.0,nih,pleural_effusion,21329,2536,18793,0.11889915139012612,0.884191329209933,0.5252788571167569,0.07666871984568076,0.25198531480889186,0.028212891512504223,0.030296214917302503,0.9235015772870663,0.6408769222582876,0.25761742382576175,0.9841477365582612,0.40285542272297237,0.0642889604261734,2342.0,12044.0,6749.0,194.0,False,0.10479318686123498,0.2683806825418533,-0.43127810307555325,0.9129259007111198,-0.3639981478583919
densenet121,1.0,43,head_mc_temperature,1.0,vinbig,cardiomegaly,14998,1817,13181,0.12114948659821309,0.8531477635563641,0.46314610193785083,0.09920988540750142,0.38939794631656444,0.089796136937466,0.08980999256273335,0.8073747936158503,0.7371974812229725,0.29750557696207663,0.9652329393066454,0.4347954949614701,0.011519563237858006,1467.0,9717.0,3464.0,350.0,False,0.11584294874158528,0.14358287245594714,0.9773021997929855,0.676458587374434,2.0316025800549418
densenet121,1.0,43,head_mc_temperature,1.0,vinbig,pleural_effusion,14998,634,14364,0.04227230297372983,0.9062246617244125,0.6302329872204259,0.027271874425223004,0.1182099779628371,0.04130358122621897,0.035168725258299005,0.88801261829653,0.7149122807017544,0.12086732503220267,0.9931334622823984,0.2127739984882842,0.0642889604261734,563.0,10269.0,4095.0,71.0,False,0.04553419164022411,0.40106822054283475,-0.2072006983400836,1.4530165565578943,-0.7931880432369646
densenet121,1.0,101,raw,1.0,chexpert,cardiomegaly,19255,2034,17221,0.10563490002596729,0.8012166949672763,0.38385497062396645,0.08830882451769372,0.36655327033885343,0.0742532629839805,0.0742532629839805,0.7856440511307768,0.6573950409383892,0.2131234995998933,0.9629157097899124,0.33529164918170373,0.011331753531361455,1598.0,11321.0,5900.0,436.0,False,0.1010838392508862,0.12638038709120836,0.30617551551785155,0.5690393116011936,1.6621714758878394
densenet121,1.0,101,raw,1.0,chexpert,pleural_effusion,18933,5642,13291,0.2979982041937358,0.8553786440150242,0.7309826616509805,0.18216039360028907,0.5670668359895338,0.17390216827094407,0.17390216827094404,0.9177596596951436,0.5400647054397713,0.4585953414223718,0.9392829102329233,0.6115868422606744,0.03690806619720511,5178.0,7178.0,6113.0,464.0,False,0.24329855584761897,0.25128863603128626,1.5872259877566979,1.035827044087788,1.5147479674341253
densenet121,1.0,101,raw,1.0,nih,cardiomegaly,21329,497,20832,0.023301608139153267,0.8806501161345957,0.2247105117425901,0.020397961371827915,0.08425551363945419,0.006112816023833549,0.008641874526714204,0.8873239436619719,0.6788114439324117,0.06183398766124509,0.9960555046840882,0.11561148250098309,0.011331753531361455,441.0,14141.0,6691.0,56.0,False,0.022759736702063146,0.1037698880770066,-0.723276866018597,0.7887414330742882,-0.2517312770600265
densenet121,1.0,101,raw,1.0,nih,pleural_effusion,21329,2536,18793,0.11889915139012612,0.8815538132444442,0.5335697055960497,0.07430072488490579,0.2499069271261299,0.01344319975263179,0.013249275319289364,0.917192429022082,0.6358750598627149,0.2536808812302323,0.9827302631578947,0.3974369927381461,0.03690806619720511,2326.0,11950.0,6843.0,210.0,False,0.10479318686123498,0.2909775233451646,0.0436243239843744,0.8891033729208458,0.192216466280773
densenet121,1.0,101,raw,1.0,vinbig,cardiomegaly,14998,1817,13181,0.12114948659821309,0.8519205547485693,0.4367703385150247,0.10219587164792224,0.39566649680905996,0.09280668408800855,0.0928119913186473,0.8315905338470005,0.722403459525074,0.2922630560928433,0.9688644688644689,0.43251753256046943,0.011331753531361455,1511.0,9522.0,3659.0,306.0,False,0.11584294874158528,0.11780671367496032,1.0000794753334408,0.6749335073939958,2.052872874234936
densenet121,1.0,101,raw,1.0,vinbig,pleural_effusion,14998,634,14364,0.04227230297372983,0.9207894209762051,0.6595143176421618,0.024852897216397215,0.10012317918619812,0.021135022495489018,0.020263487835150695,0.9006309148264984,0.748259537733222,0.13637449247671363,0.9941726019794653,0.2368803152872848,0.03690806619720511,571.0,10748.0,3616.0,63.0,False,0.04553419164022411,0.45419263368579055,0.8512067340941797,1.4988061194374311,-0.09377849787517936
densenet121,1.0,101,temperature,0.1,chexpert,cardiomegaly,19255,2034,17221,0.10563490002596729,0.8012166949672763,0.38385497062396645,0.08754936125516227,0.3546876335921747,0.07148315895958737,0.07148315895958739,0.8018682399213373,0.6410196852679868,0.208754639703059,0.9647788848103478,0.33126840662130597,0.012601107321236607,1631.0,11039.0,6182.0,403.0,False,0.1010838392508862,0.1338935886886119,0.3060944865908072,0.5957792407298527,1.5297837027964498
densenet121,1.0,101,temperature,0.1,chexpert,pleural_effusion,18933,5642,13291,0.2979982041937358,0.8553786440150242,0.7309826616509805,0.17552870346875057,0.5322916282114949,0.1571121314710733,0.15711213147107325,0.9064161644806806,0.5724174253254082,0.47365008798740393,0.9351032448377581,0.6221789646572176,0.061438347557803294,5114.0,7608.0,5683.0,528.0,False,0.24329855584761897,0.27854605278180744,1.5874196103442757,1.1903442539455091,1.2483117444758223
densenet121,1.0,101,temperature,0.1,nih,cardiomegaly,21329,497,20832,0.023301608139153267,0.8806501161345957,0.2247105117425901,0.020496190450220456,0.08447149616618412,0.007554948320386333,0.010057481020076139,0.8913480885311871,0.6664266513056836,0.05992965367965368,0.9961254215397862,0.11230827734820636,0.012601107321236607,443.0,13883.0,6949.0,54.0,False,0.022759736702063146,0.09945397354432062,-0.7232917769673451,0.825814547194397,-0.3462789053323025
densenet121,1.0,101,temperature,0.1,nih,pleural_effusion,21329,2536,18793,0.11889915139012612,0.8815538132444442,0.5335697055960497,0.07426053892146359,0.2477463333618281,0.007831740390767108,0.009301283119412076,0.9065457413249212,0.655403607726281,0.261994301994302,0.9811215548829059,0.4065069401467598,0.061438347557803294,2299.0,12317.0,6476.0,237.0,False,0.10479318686123498,0.29136100212509153,0.043702000360539985,1.0216814330740782,0.017201810423630195
densenet121,1.0,101,temperature,0.1,vinbig,cardiomegaly,14998,1817,13181,0.12114948659821309,0.8519205547485693,0.4367703385150247,0.10120009277347596,0.38204760654632036,0.09030883383322212,0.09031717732765686,0.8458998348926803,0.7087474394962446,0.2859002976190476,0.9709000207856995,0.42735993326845545,0.012601107321236607,1537.0,9342.0,3839.0,280.0,False,0.11584294874158528,0.1264026522734123,1.0000750677362455,0.7066760292090379,1.9134532725680393
densenet121,1.0,101,temperature,0.1,vinbig,pleural_effusion,14998,634,14364,0.04227230297372983,0.9207894209762051,0.6595143176421618,0.025599184770401046,0.10652973391742909,0.031968011313670795,0.02876499846976581,0.8943217665615142,0.772765246449457,0.1480031323414252,0.9940001790991314,0.25397536394176934,0.061438347557803294,567.0,11100.0,3264.0,67.0,False,0.04553419164022411,0.4378030256325629,0.8512093772121597,1.7222762726295662,-0.3759023644103273
densenet121,1.0,101,logistic,0.1,chexpert,cardiomegaly,19255,2034,17221,0.10563490002596729,0.8012166949672763,0.38385497062396645,0.09279818096377285,0.3574179735246935,0.07969869252374485,0.07969869252374485,0.8018682399213373,0.6410196852679868,0.208754639703059,0.9647788848103478,0.33126840662130597,0.016998292235773583,1631.0,11039.0,6182.0,403.0,False,0.1010838392508862,0.08196817956774138,1.2531527314532651,0.8737947399400582,1.6667868228159253
densenet121,1.0,101,logistic,0.1,chexpert,pleural_effusion,18933,5642,13291,0.2979982041937358,0.8553786440150242,0.7309826616509805,0.17794755927853267,0.5376990485885135,0.16054131562515223,0.16054131562515223,0.9064161644806806,0.5724174253254082,0.47365008798740393,0.9351032448377581,0.6221789646572176,0.06157407365817994,5114.0,7608.0,5683.0,528.0,False,0.24329855584761897,0.26860412854244997,1.6727960512318247,1.222712910854215,1.2701583501939548
densenet121,1.0,101,logistic,0.1,nih,cardiomegaly,21329,497,20832,0.023301608139153267,0.8806501161345957,0.2247105117425901,0.02023520305565606,0.08307686379270823,0.005229538578982355,0.005583650017788602,0.8913480885311871,0.6664266513056836,0.05992965367965368,0.9961254215397862,0.11230827734820636,0.016998292235773583,443.0,13883.0,6949.0,54.0,False,0.022759736702063146,0.11092103917784957,0.5895113823692816,1.2112111661002785,0.008800517732707938
densenet121,1.0,101,logistic,0.1,nih,pleural_effusion,21329,2536,18793,0.11889915139012612,0.8815538132444442,0.5335697055960497,0.0744106005006625,0.24796294183348913,0.009635379137383512,0.010379165711196974,0.9065457413249212,0.655403607726281,0.261994301994302,0.9811215548829059,0.4065069401467598,0.06157407365817994,2299.0,12317.0,6476.0,237.0,False,0.10479318686123498,0.2899290237332365,0.11734769259805568,1.0496579314749148,0.0542704143291347
densenet121,1.0,101,logistic,0.1,vinbig,cardiomegaly,14998,1817,13181,0.12114948659821309,0.8519205547485693,0.4367703385150247,0.10686775402642516,0.39277665143424,0.09780508052788352,0.09786568183835963,0.8458998348926803,0.7087474394962446,0.2859002976190476,0.9709000207856995,0.42735993326845545,0.016998292235773583,1537.0,9342.0,3839.0,280.0,False,0.11584294874158528,0.07747726393931309,2.123480902731433,1.0364622846899452,2.001996335339757
densenet121,1.0,101,logistic,0.1,vinbig,pleural_effusion,14998,634,14364,0.04227230297372983,0.9207894209762051,0.6595143176421618,0.025843172188395012,0.10713186403904001,0.03280778193707095,0.02956803439391758,0.8943217665615142,0.772765246449457,0.1480031323414252,0.9940001790991314,0.25397536394176934,0.06157407365817994,567.0,11100.0,3264.0,67.0,False,0.04553419164022411,0.43244469139613306,0.9749938813138107,1.7692058822353751,-0.3583566658015657
densenet121,1.0,101,temperature,0.25,chexpert,cardiomegaly,19255,2034,17221,0.10563490002596729,0.8012166949672763,0.38385497062396645,0.08786783697448115,0.35954658400980477,0.07267074128135276,0.07267074128135274,0.7527040314650935,0.695546135532199,0.22601121936817242,0.9596987420879737,0.34763851044504995,0.016060400727538636,1531.0,11978.0,5243.0,503.0,False,0.1010838392508862,0.13074297903944299,0.30626818605595857,0.584449025523521,1.5847094371037347
densenet121,1.0,101,temperature,0.25,chexpert,pleural_effusion,18933,5642,13291,0.2979982041937358,0.8553786440150242,0.7309826616509805,0.17488991750050933,0.5292902869971993,0.155283309948828,0.15528330994882794,0.9136830911024459,0.5556391543149499,0.46605189404213,0.938135162601626,0.6172543854397413,0.06009894316900519,5155.0,7385.0,5906.0,487.0,False,0.24329855584761897,0.2811715758393356,1.5872438864301435,1.2073409631592456,1.2227020875541283
densenet121,1.0,101,temperature,0.25,nih,cardiomegaly,21329,497,20832,0.023301608139153267,0.8806501161345957,0.2247105117425901,0.020451269715288566,0.08434169175413123,0.006550063176701211,0.009445891214318337,0.8672032193158954,0.7116935483870968,0.06695665682771478,0.9955680902497985,0.12431496971445054,0.016060400727538636,431.0,14826.0,6006.0,66.0,False,0.022759736702063146,0.10142766662873215,-0.7232667212629527,0.8100917466509837,-0.306854073073928
densenet121,1.0,101,temperature,0.25,nih,pleural_effusion,21329,2536,18793,0.11889915139012612,0.8815538132444442,0.5335697055960497,0.07428925350292157,0.24778499041793267,0.00855620748506968,0.010028524950796862,0.9128548895899053,0.6439099664768797,0.25702231597646275,0.9820645999026132,0.4011088971671143,0.06009894316900519,2315.0,12101.0,6692.0,221.0,False,0.10479318686123498,0.2910869902134583,0.04369869013001421,1.0363296087103477,-0.0002541603117796309
densenet121,1.0,101,temperature,0.25,vinbig,cardiomegaly,14998,1817,13181,0.12114948659821309,0.8519205547485693,0.4367703385150247,0.10162016878336703,0.38763661566489216,0.09137907109083739,0.09138599097126107,0.7963676389653275,0.7549503072604506,0.3093863587769938,0.9641507605852147,0.4456421311980289,0.016060400727538636,1447.0,9951.0,3230.0,370.0,False,0.11584294874158528,0.12277639781032745,1.0000766933285425,0.6931962642469169,1.9712860665813856
densenet121,1.0,101,temperature,0.25,vinbig,pleural_effusion,14998,634,14364,0.04227230297372983,0.9207894209762051,0.6595143176421618,0.025710252496876626,0.10741527111503006,0.03351165698773545,0.029852895409242904,0.8974763406940063,0.7598162071846283,0.14157750684249815,0.9940796065215411,0.24457339350956372,0.06009894316900519,569.0,10914.0,3450.0,65.0,False,0.04553419164022411,0.4353638096835206,0.8512144590341238,1.746963501340274,-0.4037390204304612
densenet121,1.0,101,logistic,0.25,chexpert,cardiomegaly,19255,2034,17221,0.10563490002596729,0.8012166949672763,0.38385497062396645,0.08914887759001816,0.35615230436526835,0.07475080200359495,0.07475080200359496,0.7527040314650935,0.695546135532199,0.22601121936817242,0.9596987420879737,0.34763851044504995,0.01794580600346739,1531.0,11978.0,5243.0,503.0,False,0.1010838392508862,0.11806992838138963,0.5137365151372834,0.652779766875311,1.5976504162821747
densenet121,1.0,101,logistic,0.25,chexpert,pleural_effusion,18933,5642,13291,0.2979982041937358,0.8553786440150242,0.7309826616509805,0.1789228252351832,0.5381499097226845,0.1608464787091948,0.16084647870919477,0.9136830911024459,0.5556391543149499,0.46605189404213,0.938135162601626,0.6172543854397413,0.06071209554829138,5155.0,7385.0,5906.0,487.0,False,0.24329855584761897,0.2645956133531475,1.7361289410701368,1.2664584378016783,1.2563952003628318
densenet121,1.0,101,logistic,0.25,nih,cardiomegaly,21329,497,20832,0.023301608139153267,0.8806501161345957,0.2247105117425901,0.020134701132924444,0.08316803116980136,0.0046181942007625515,0.006647002780824242,0.8672032193158954,0.7116935483870968,0.06695665682771478,0.9955680902497985,0.12431496971445054,0.01794580600346739,431.0,14826.0,6006.0,66.0,False,0.022759736702063146,0.11533681621636449,-0.4357709072722454,0.9047020684871058,-0.2115094158846217
densenet121,1.0,101,logistic,0.25,nih,pleural_effusion,21329,2536,18793,0.11889915139012612,0.8815538132444442,0.5335697055960497,0.0745837492901436,0.24826420261579007,0.011434219577701634,0.012101870906280341,0.9128548895899053,0.6439099664768797,0.25702231597646275,0.9820645999026132,0.4011088971671143,0.06071209554829138,2315.0,12101.0,6692.0,221.0,False,0.10479318686123498,0.28827673321066294,0.1714575950493576,1.087055433431518,0.05929045490872904
densenet121,1.0,101,logistic,0.25,vinbig,cardiomegaly,14998,1817,13181,0.12114948659821309,0.8519205547485693,0.4367703385150247,0.10299858588551013,0.3861671955659648,0.09329942132259635,0.09331349091328396,0.7963676389653275,0.7549503072604506,0.3093863587769938,0.9641507605852147,0.4456421311980289,0.01794580600346739,1447.0,9951.0,3230.0,370.0,False,0.11584294874158528,0.11087738179669016,1.2463464630570653,0.7742868882845142,1.9682692708284792
densenet121,1.0,101,logistic,0.25,vinbig,pleural_effusion,14998,634,14364,0.04227230297372983,0.9207894209762051,0.6595143176421618,0.026141478309959196,0.10857851985058505,0.03483322477917202,0.03136533575761289,0.8974763406940063,0.7598162071846283,0.14157750684249815,0.9940796065215411,0.24457339350956372,0.06071209554829138,569.0,10914.0,3450.0,65.0,False,0.04553419164022411,0.4258934359369132,1.0666325082228219,1.832500621158896,-0.37829356992734664
densenet121,1.0,101,temperature,0.5,chexpert,cardiomegaly,19255,2034,17221,0.10563490002596729,0.8012166949672763,0.38385497062396645,0.08833419709300377,0.36696663168281984,0.07434222364947715,0.07434222364947715,0.7468043264503441,0.7078566866035654,0.2319083969465649,0.9594647776465959,0.3539142590866729,0.015327674382874752,1519.0,12190.0,5031.0,515.0,False,0.1010838392508862,0.1261293818316328,0.3061756248103137,0.5681646589534056,1.6666820842330932
densenet121,1.0,101,temperature,0.5,chexpert,pleural_effusion,18933,5642,13291,0.2979982041937358,0.8553786440150242,0.7309826616509805,0.1745824274204114,0.5278668019323121,0.1543868874422806,0.1543868874422806,0.9244948599787309,0.5137310962305319,0.4466135799297885,0.9412737799834574,0.6022746954563825,0.05337336344325657,5216.0,6828.0,6463.0,426.0,False,0.24329855584761897,0.2824354143320331,1.587242414919606,1.2157251044418262,1.210355974231236
densenet121,1.0,101,temperature,0.5,nih,cardiomegaly,21329,497,20832,0.023301608139153267,0.8806501161345957,0.2247105117425901,0.020395193741429944,0.08425384215321907,0.006089449655768535,0.008596492046027585,0.8571428571428571,0.7203821044546851,0.06814909614461687,0.9952911526727682,0.12625963248369887,0.015327674382874752,426.0,15007.0,5825.0,71.0,False,0.022759736702063146,0.10389149011635357,-0.7232752186653115,0.7875318063780992,-0.2485384622769863
densenet121,1.0,101,temperature,0.5,nih,pleural_effusion,21329,2536,18793,0.11889915139012612,0.8815538132444442,0.5335697055960497,0.07430560817571179,0.2478209908661777,0.008616623943070795,0.010382198256431451,0.9231072555205048,0.6169318363220349,0.24538784067085953,0.9834591568411231,0.38771116263663463,0.05337336344325657,2341.0,11594.0,7199.0,195.0,False,0.10479318686123498,0.2909309240293859,0.04371826940395811,1.0435358992335653,-0.008712110295018883
densenet121,1.0,101,temperature,0.5,vinbig,cardiomegaly,14998,1817,13181,0.12114948659821309,0.8519205547485693,0.4367703385150247,0.10222879157224612,0.39613922234025695,0.09288699012193405,0.09289221571168298,0.7837094111172263,0.7629921857218724,0.3131046613896218,0.9623923444976077,0.4474469756480754,0.015327674382874752,1424.0,10057.0,3124.0,393.0,False,0.11584294874158528,0.11752253647918365,1.0000796569062749,0.6738960271658687,2.057624914124115
densenet121,1.0,101,temperature,0.5,vinbig,pleural_effusion,14998,634,14364,0.04227230297372983,0.9207894209762051,0.6595143176421618,0.025766872906485324,0.10786160416899325,0.034035760268642905,0.030392455580482553,0.9085173501577287,0.724937343358396,0.1272365805168986,0.9944608919873937,0.22321255570625848,0.05337336344325657,576.0,10413.0,3951.0,58.0,False,0.04553419164022411,0.43412033950058493,0.8512172845660421,1.7590958941596844,-0.417207998980014
densenet121,1.0,101,logistic,0.5,chexpert,cardiomegaly,19255,2034,17221,0.10563490002596729,0.8012166949672763,0.38385497062396645,0.08964323773981135,0.3627187929364886,0.07639985954804815,0.07639985954804815,0.7468043264503441,0.7078566866035654,0.2319083969465649,0.9594647776465959,0.3539142590866729,0.01727783229775638,1519.0,12190.0,5031.0,515.0,False,0.1010838392508862,0.1131793330749905,0.5191991984864941,0.6379921690504119,1.6747182132808254
densenet121,1.0,101,logistic,0.5,chexpert,pleural_effusion,18933,5642,13291,0.2979982041937358,0.8553786440150242,0.7309826616509805,0.17935573085576806,0.5385568016525956,0.1610681265576079,0.1610681265576079,0.9244948599787309,0.5137310962305319,0.4466135799297885,0.9412737799834574,0.6022746954563825,0.0541435569522692,5216.0,6828.0,6463.0,426.0,False,0.24329855584761897,0.26281629485667446,1.762195407525461,1.2833225328418798,1.2525251973632485
densenet121,1.0,101,logistic,0.5,nih,cardiomegaly,21329,497,20832,0.023301608139153267,0.8806501161345957,0.2247105117425901,0.020094110201733743,0.08302706385838261,0.0031545236605697623,0.0057769559970482125,0.8571428571428571,0.7203821044546851,0.06814909614461687,0.9952911526727682,0.12625963248369887,0.01727783229775638,426.0,15007.0,5825.0,71.0,False,0.022759736702063146,0.11712026967727474,-0.4280791526624808,0.8842912415772176,-0.1502503841016453
densenet121,1.0,101,logistic,0.5,nih,pleural_effusion,21329,2536,18793,0.11889915139012612,0.8815538132444442,0.5335697055960497,0.07466156605260718,0.24841900674227005,0.01200204110356984,0.012811913097016837,0.9231072555205048,0.6169318363220349,0.24538784067085953,0.9834591568411231,0.38771116263663463,0.0541435569522692,2341.0,11594.0,7199.0,195.0,False,0.10479318686123498,0.2875341585758574,0.1938307349121597,1.101526379842034,0.06216602355447438
densenet121,1.0,101,logistic,0.5,vinbig,cardiomegaly,14998,1817,13181,0.12114948659821309,0.8519205547485693,0.4367703385150247,0.10362565492623799,0.3938160270230702,0.0947852532646355,0.09479654620626075,0.7837094111172263,0.7629921857218724,0.3131046613896218,0.9623923444976077,0.4474469756480754,0.01727783229775638,1424.0,10057.0,3124.0,393.0,False,0.11584294874158528,0.10546428546635855,1.2527068322232162,0.7567183630098135,2.0485073413472232
densenet121,1.0,101,logistic,0.5,vinbig,pleural_effusion,14998,634,14364,0.04227230297372983,0.9207894209762051,0.6595143176421618,0.026256755248679525,0.10911969767350127,0.035378890110693395,0.0320463600655932,0.9085173501577287,0.724937343358396,0.1272365805168986,0.9944608919873937,0.22321255570625848,0.0541435569522692,576.0,10413.0,3951.0,58.0,False,0.04553419164022411,0.4233617792945562,1.104334915144822,1.8568926979445424,-0.38464212342712206
densenet121,1.0,101,temperature,1.0,chexpert,cardiomegaly,19255,2034,17221,0.10563490002596729,0.8012166949672763,0.38385497062396645,0.0888185620457285,0.37506285064893186,0.07599905646882228,0.07599905646882227,0.7856440511307768,0.6573950409383892,0.2131234995998933,0.9629157097899124,0.33529164918170373,0.009860005828423904,1598.0,11321.0,5900.0,436.0,False,0.1010838392508862,0.12133766679276747,0.3068364350464448,0.5518410698885281,1.7540172716704703
densenet121,1.0,101,temperature,1.0,chexpert,pleural_effusion,18933,5642,13291,0.2979982041937358,0.8553786440150242,0.7309826616509805,0.17382962301604757,0.5244399623612601,0.15214579063432052,0.15214579063432052,0.9177596596951436,0.5400647054397713,0.4585953414223718,0.9392829102329233,0.6115868422606744,0.06112186192082524,5178.0,7178.0,6113.0,464.0,False,0.24329855584761897,0.2855295732831258,1.5874246663718061,1.2368405185733742,1.1800626054942502
densenet121,1.0,101,temperature,1.0,nih,cardiomegaly,21329,497,20832,0.023301608139153267,0.8806501161345957,0.2247105117425901,0.020348275975581552,0.08429036465904066,0.005942017943797271,0.0077341071436080955,0.8873239436619719,0.6788114439324117,0.06183398766124509,0.9960555046840882,0.11561148250098309,0.009860005828423904,441.0,14141.0,6691.0,56.0,False,0.022759736702063146,0.10595292722621863,-0.723640468629808,0.7645636698589842,-0.18707997723429595
densenet121,1.0,101,temperature,1.0,nih,pleural_effusion,21329,2536,18793,0.11889915139012612,0.8815538132444442,0.5335697055960497,0.0743530054214082,0.24795852241091815,0.009599469619214743,0.011276986470270017,0.917192429022082,0.6358750598627149,0.2536808812302323,0.9827302631578947,0.3974369927381461,0.06112186192082524,2326.0,11950.0,6843.0,210.0,False,0.10479318686123498,0.2904786308306002,0.04374572224427936,1.0616008402952986,-0.029584593509394394
densenet121,1.0,101,temperature,1.0,vinbig,cardiomegaly,14998,1817,13181,0.12114948659821309,0.8519205547485693,0.4367703385150247,0.10285315217873486,0.4053993030495303,0.09438377051326888,0.09438763680113778,0.8315905338470005,0.722403459525074,0.2922630560928433,0.9688644688644689,0.43251753256046943,0.009860005828423904,1511.0,9522.0,3659.0,306.0,False,0.11584294874158528,0.11213282037413597,1.0000800220306763,0.6543466502344606,2.1496582716166728
densenet121,1.0,101,temperature,1.0,vinbig,pleural_effusion,14998,634,14364,0.04227230297372983,0.9207894209762051,0.6595143176421618,0.02591473459432198,0.10901206012163621,0.03595874276568623,0.031766485942657345,0.9006309148264984,0.748259537733222,0.13637449247671363,0.9941726019794653,0.2368803152872848,0.06112186192082524,571.0,10748.0,3616.0,63.0,False,0.04553419164022411,0.430873072282031,0.8512251193749072,1.7895230421572057,-0.4503893559860182
densenet121,1.0,101,logistic,1.0,chexpert,cardiomegaly,19255,2034,17221,0.10563490002596729,0.8012166949672763,0.38385497062396645,0.09099975529451142,0.37057133703293993,0.07945743708507623,0.07945743708507623,0.7856440511307768,0.6573950409383892,0.2131234995998933,0.9629157097899124,0.33529164918170373,0.012175650958138141,1598.0,11321.0,5900.0,436.0,False,0.1010838392508862,0.09975960579956278,0.6470377778585781,0.6559815392542644,1.7864024446445335
densenet121,1.0,101,logistic,1.0,chexpert,pleural_effusion,18933,5642,13291,0.2979982041937358,0.8553786440150242,0.7309826616509805,0.17490211782605017,0.5268273564461307,0.15370673703388268,0.15370673703388266,0.9177596596951436,0.5400647054397713,0.4585953414223718,0.9392829102329233,0.6115868422606744,0.061228149076550394,5178.0,7178.0,6113.0,464.0,False,0.24329855584761897,0.2811214303483428,1.626395018439183,1.2519612783193073,1.1899626251056077
densenet121,1.0,101,logistic,1.0,nih,cardiomegaly,21329,497,20832,0.023301608139153267,0.8806501161345957,0.2247105117425901,0.020015357844845046,0.08268652464195338,0.0015227053828730415,0.0033344731889146527,0.8873239436619719,0.6788114439324117,0.06183398766124509,0.9960555046840882,0.11561148250098309,0.012175650958138141,441.0,14141.0,6691.0,56.0,False,0.022759736702063146,0.12058043083465575,-0.25090389827369236,0.909223912478044,-0.019466713282623727
densenet121,1.0,101,logistic,1.0,nih,pleural_effusion,21329,2536,18793,0.11889915139012612,0.8815538132444442,0.5335697055960497,0.07440224182552761,0.2480266733757032,0.009763385475416856,0.011764289820823781,0.917192429022082,0.6358750598627149,0.2536808812302323,0.9827302631578947,0.3974369927381461,0.061228149076550394,2326.0,11950.0,6843.0,210.0,False,0.10479318686123498,0.29000878726925683,0.07714343225977359,1.07455098817609,-0.013211244709913863
densenet121,1.0,101,logistic,1.0,vinbig,cardiomegaly,14998,1817,13181,0.12114948659821309,0.8519205547485693,0.4367703385150247,0.10518339239632622,0.40411595194796285,0.09755735161088837,0.09756935611191019,0.8315905338470005,0.722403459525074,0.2922630560928433,0.9688644688644689,0.43251753256046943,0.012175650958138141,1511.0,9522.0,3659.0,306.0,False,0.11584294874158528,0.09201730844263711,1.4044900961476943,0.7780865354678618,2.156354841855399
densenet121,1.0,101,logistic,1.0,vinbig,pleural_effusion,14998,634,14364,0.04227230297372983,0.9207894209762051,0.6595143176421618,0.026015772847930666,0.1092719831264359,0.035883199797845725,0.032144561110025706,0.9006309148264984,0.748259537733222,0.13637449247671363,0.9941726019794653,0.2368803152872848,0.061228149076550394,571.0,10748.0,3616.0,63.0,False,0.04553419164022411,0.4286541187886427,0.9074532779697345,1.8113299274620558,-0.4426177323398839
densenet121,1.0,101,head_mc,1.0,chexpert,cardiomegaly,19255,2034,17221,0.10563490002596729,0.8011690752589521,0.3844052210883296,0.08809932656473599,0.36395251589940886,0.07367229310064768,0.0736722931006477,0.7856440511307768,0.6567562859299693,0.21281129311492875,0.9628809807594074,0.334905166090328,0.01173418836980581,1598.0,11310.0,5911.0,436.0,False,0.1010838392508862,0.12845290387045105,0.30808993666275714,0.574840600156627,1.6354109873155955
densenet121,1.0,101,head_mc,1.0,chexpert,pleural_effusion,18933,5642,13291,0.2979982041937358,0.855166322873066,0.730380047303326,0.1819099619758152,0.5653785008440498,0.1731270996205156,0.17312709962051562,0.9179369018078696,0.5389361221879467,0.45803484567082337,0.9392866509310255,0.6111275001475013,0.03736274982631283,5179.0,7163.0,6128.0,463.0,False,0.24329855584761897,0.25231795420212955,1.5872849226155097,1.0428943833836266,1.5009682725128062
densenet121,1.0,101,head_mc,1.0,nih,cardiomegaly,21329,497,20832,0.023301608139153267,0.8810194113992713,0.2240856452539155,0.02040185132436039,0.08416722882463601,0.006193856290078907,0.008508202882339838,0.8873239436619719,0.679531490015361,0.06196431080511451,0.9960596678862933,0.11583924349881797,0.01173418836980581,441.0,14156.0,6676.0,56.0,False,0.022759736702063146,0.10359897430135978,-0.7199531837920572,0.7972180300612307,-0.2706678400248533
densenet121,1.0,101,head_mc,1.0,nih,pleural_effusion,21329,2536,18793,0.11889915139012612,0.8815567822504554,0.5333968732803172,0.07430853968075445,0.24965993147642368,0.0135554381192149,0.012666495360870634,0.9156151419558359,0.6338530303836535,0.2523090296642399,0.9823519709714663,0.3956043956043956,0.03736274982631283,2322.0,11912.0,6881.0,214.0,False,0.10479318686123498,0.290902949834398,0.043655567336726764,0.8956486005427252,0.18283270891890785
densenet121,1.0,101,head_mc,1.0,vinbig,cardiomegaly,14998,1817,13181,0.12114948659821309,0.8518604918096241,0.4362982491736712,0.10201340045412599,0.3929373628837418,0.09230002967407713,0.0923060572123503,0.8365437534397359,0.7220241256353843,0.2932098765432099,0.9697371102506623,0.43422368233109554,0.01173418836980581,1520.0,9517.0,3664.0,297.0,False,0.11584294874158528,0.11938187380148035,0.9991884410543106,0.6810125385623192,2.024485453224605
densenet121,1.0,101,head_mc,1.0,vinbig,pleural_effusion,14998,634,14364,0.04227230297372983,0.9208334541225128,0.6590178776227518,0.024886987007046467,0.10035401139897068,0.021457806318267506,0.020424423360644334,0.8974763406940063,0.7479810637705374,0.13583194079732633,0.9939864927375336,0.23595272651876426,0.03736274982631283,569.0,10744.0,3620.0,65.0,False,0.04553419164022411,0.45344397011186344,0.8517003414820862,1.5089755915491168,-0.10758211130903719
densenet121,1.0,101,head_mc_temperature,1.0,chexpert,cardiomegaly,19255,2034,17221,0.10563490002596729,0.8011690752589521,0.38440522108832953,0.08873149942149501,0.374453542390756,0.07587521322898384,0.07586030062949398,0.7856440511307768,0.6567562859299693,0.21281129311492875,0.9628809807594074,0.334905166090328,0.009878120907888614,1598.0,11310.0,5911.0,436.0,False,0.1010838392508862,0.12219895802268799,0.30847583967957937,0.5532098895365142,1.749098026357728
densenet121,1.0,101,head_mc_temperature,1.0,chexpert,pleural_effusion,18933,5642,13291,0.2979982041937358,0.855166322873066,0.730380047303326,0.17395841754247995,0.5248654823928293,0.15227378768903607,0.15227378768903607,0.9179369018078696,0.5389361221879467,0.45803484567082337,0.9392866509310255,0.6111275001475013,0.06050469140596936,5179.0,7163.0,6128.0,463.0,False,0.24329855584761897,0.2850002050508168,1.587474711423876,1.2355334910350095,1.181628613249672
densenet121,1.0,101,head_mc_temperature,1.0,nih,cardiomegaly,21329,497,20832,0.023301608139153267,0.8810194113992713,0.2240856452539155,0.020337574049787695,0.0841788330239337,0.006182984551838579,0.007404019266728788,0.8873239436619719,0.679531490015361,0.06196431080511451,0.9960596678862933,0.11583924349881797,0.009878120907888614,441.0,14156.0,6676.0,56.0,False,0.022759736702063146,0.10642314030178934,-0.7200137581970265,0.7671045643245987,-0.19055923957618948
densenet121,1.0,101,head_mc_temperature,1.0,nih,pleural_effusion,21329,2536,18793,0.11889915139012612,0.8815567822504554,0.5333968732803172,0.07436764892613724,0.24793539814367707,0.00927929082161206,0.010200913793058089,0.9156151419558359,0.6338530303836535,0.2523090296642399,0.9823519709714663,0.3956043956043956,0.06050469140596936,2322.0,11912.0,6881.0,214.0,False,0.10479318686123498,0.29033889364760535,0.043754077791534035,1.061040640819703,-0.028963180280827477
densenet121,1.0,101,head_mc_temperature,1.0,vinbig,cardiomegaly,14998,1817,13181,0.12114948659821309,0.8518604918096241,0.43629824917367116,0.10283208429735521,0.4049405251031965,0.0942781716187967,0.09428225122104761,0.8365437534397359,0.7220241256353843,0.2932098765432099,0.9697371102506623,0.43422368233109554,0.009878120907888614,1520.0,9517.0,3664.0,297.0,False,0.11584294874158528,0.11231468626764529,0.9991895966575816,0.6552877087398294,2.144318974312244
densenet121,1.0,101,head_mc_temperature,1.0,vinbig,pleural_effusion,14998,634,14364,0.04227230297372983,0.9208334541225128,0.6590178776227518,0.025914058752385755,0.10895491906213221,0.03584491560923776,0.03139798545668167,0.8974763406940063,0.7479810637705374,0.13583194079732633,0.9939864927375336,0.23595272651876426,0.06050469140596936,569.0,10744.0,3620.0,65.0,False,0.04553419164022411,0.4308879147973338,0.8517181877290477,1.787569551294567,-0.4481058033451634
densenet121,1.0,ensemble,ensemble,1.0,chexpert,cardiomegaly,19255,2034,17221,0.10563490002596729,0.8155052339712148,0.4093004198431386,0.08625250143220937,0.3381987423781598,0.07061615555384487,0.07061615555384487,0.783677482792527,0.6884036931653215,0.22902298850574712,0.964213094753965,0.3544585279074939,0.016657168045639992,1594.0,11855.0,5366.0,440.0,False,0.1010838392508862,0.14672313525672498,0.5510823219669355,0.6824644671045655,1.4994162387207206
densenet121,1.0,ensemble,ensemble,1.0,chexpert,pleural_effusion,18933,5642,13291,0.2979982041937358,0.8764740760173031,0.7607054206635525,0.15900054566984284,0.4796377033076314,0.1365779390607608,0.1365779390607608,0.9383197447713577,0.5440523662628847,0.46626739475074863,0.9540836521968598,0.6229701106142622,0.05864884331822395,5294.0,7231.0,6060.0,348.0,False,0.24329855584761897,0.34647969809805634,1.5055627516094872,1.275361175295454,1.0736891721168074
densenet121,1.0,ensemble,ensemble,1.0,nih,cardiomegaly,21329,497,20832,0.023301608139153267,0.9056775368029992,0.24949209086798282,0.01969385046733117,0.07797212481679797,0.002466244456611441,0.003012277896715484,0.89738430583501,0.7425115207373272,0.07676419965576592,0.9967137057800116,0.14143015696844777,0.016657168045639992,446.0,15468.0,5364.0,51.0,False,0.022759736702063146,0.1347065774470958,-0.2675214446803348,0.936075099213118,-0.11928762783359607
densenet121,1.0,ensemble,ensemble,1.0,nih,pleural_effusion,21329,2536,18793,0.11889915139012612,0.8916792462996743,0.5481503252776981,0.07260236242541063,0.2401616167243866,0.00847602513807027,0.01007085197430512,0.9238958990536278,0.6634385143404459,0.2703045685279188,0.9847563383618988,0.4182434844698322,0.05864884331822395,2343.0,12468.0,6325.0,193.0,False,0.10479318686123498,0.3071843256227219,-0.07452844062815622,0.9942064737823253,-0.06839452478280218
densenet121,1.0,ensemble,ensemble,1.0,vinbig,cardiomegaly,14998,1817,13181,0.12114948659821309,0.8674299037109878,0.47613995730747577,0.10122088275802604,0.3744092511268029,0.09295503970651377,0.09295966936316172,0.8266373142542652,0.758364312267658,0.32046084915724343,0.9694501018329938,0.461869618696187,0.016657168045639992,1502.0,9996.0,3185.0,315.0,False,0.11584294874158528,0.12622318529008758,1.5187185482182732,0.8525450969666635,1.9946814577545642
densenet121,1.0,ensemble,ensemble,1.0,vinbig,pleural_effusion,14998,634,14364,0.04227230297372983,0.9248327838523753,0.689252434367664,0.02453347396112652,0.10735530750836911,0.0396819680890135,0.03338380630293414,0.9037854889589906,0.717488164856586,0.1237313755128482,0.9941159448249253,0.21766381766381768,0.05864884331822395,573.0,10306.0,4058.0,61.0,False,0.04553419164022411,0.4612076534712417,0.6230372323969735,1.7798760205739688,-0.5718878048212711
densenet121,1.0,ensemble,ensemble_temperature,1.0,chexpert,cardiomegaly,19255,2034,17221,0.10563490002596729,0.8155052339712148,0.4093004198431386,0.08688722870251774,0.347113540273412,0.07293788940321458,0.07293788940321458,0.783677482792527,0.6884036931653215,0.22902298850574712,0.964213094753965,0.3544585279074939,0.014283149503171444,1594.0,11855.0,5366.0,440.0,False,0.1010838392508862,0.14044391916232046,0.5511728271060833,0.6573134938221743,1.6077948240390039
densenet121,1.0,ensemble,ensemble_temperature,1.0,chexpert,pleural_effusion,18933,5642,13291,0.2979982041937358,0.8764740760173031,0.7607054206635525,0.15822160603731578,0.47635004070822007,0.13370833526130155,0.13370833526130155,0.9383197447713577,0.5440523662628847,0.46626739475074863,0.9540836521968598,0.6229701106142622,0.06235053017735481,5294.0,7231.0,6060.0,348.0,False,0.24329855584761897,0.34968127744904487,1.5055523744311785,1.3060040772539454,1.0357750891296262
densenet121,1.0,ensemble,ensemble_temperature,1.0,nih,cardiomegaly,21329,497,20832,0.023301608139153267,0.9056775368029992,0.24949209086798285,0.019682414276916502,0.07798117901422062,0.0034995012858978942,0.0028595280850410667,0.89738430583501,0.7425115207373272,0.07676419965576592,0.9967137057800116,0.14143015696844777,0.014283149503171444,446.0,15468.0,5364.0,51.0,False,0.022759736702063146,0.13520905208308887,-0.2671289958799542,0.9017295766091306,-0.033244097462272505
densenet121,1.0,ensemble,ensemble_temperature,1.0,nih,pleural_effusion,21329,2536,18793,0.11889915139012612,0.8916792462996743,0.5481503252776981,0.07267495778692075,0.24033479049963996,0.010710825565663223,0.01190380944334639,0.9238958990536278,0.6634385143404459,0.2703045685279188,0.9847563383618988,0.4182434844698322,0.06235053017735481,2343.0,12468.0,6325.0,193.0,False,0.10479318686123498,0.3064915767553147,-0.07468417906347218,1.0180366940450816,-0.09338540782423753
densenet121,1.0,ensemble,ensemble_temperature,1.0,vinbig,cardiomegaly,14998,1817,13181,0.12114948659821309,0.8674299037109878,0.47613995730747577,0.10207969262246501,0.3853525412399555,0.094985552750473,0.09498870343966549,0.8266373142542652,0.758364312267658,0.32046084915724343,0.9694501018329938,0.461869618696187,0.014283149503171444,1502.0,9996.0,3185.0,315.0,False,0.11584294874158528,0.11880961481585228,1.518712861253834,0.8211034249201291,2.1155660567708594
densenet121,1.0,ensemble,ensemble_temperature,1.0,vinbig,pleural_effusion,14998,634,14364,0.04227230297372983,0.9248327838523753,0.689252434367664,0.024813832246085788,0.10930739984736305,0.042370409134053204,0.03554347115360832,0.9037854889589906,0.717488164856586,0.1237313755128482,0.9941159448249253,0.21766381766381768,0.06235053017735481,573.0,10306.0,4058.0,61.0,False,0.04553419164022411,0.4550505597607737,0.6230342387833009,1.8226544981594135,-0.614403864188074
deit_tiny,0.1,17,raw,1.0,chexpert,cardiomegaly,19255,2034,17221,0.10563490002596729,0.7453300568233303,0.29831253093700283,0.09367043231072607,0.3687239678821533,0.0761069542758541,0.07604231784958448,0.8780727630285152,0.3826142500435515,0.1438234820421968,0.9637267807517917,0.24716302241904234,0.008610767667510729,1786.0,6589.0,10632.0,248.0,False,0.1010838392508862,0.07333919046901594,0.7131378846943918,0.7532426706423148,1.5243807750203975
deit_tiny,0.1,17,raw,1.0,chexpert,pleural_effusion,18933,5642,13291,0.2979982041937358,0.8254927380075128,0.6693284890256139,0.1623666731622667,0.4929591475098936,0.09739093058628932,0.09739093058628932,0.9696915987238568,0.31427281619140773,0.3751114158381899,0.9606715731370745,0.5409601028328472,0.03601607075006732,5471.0,4177.0,9114.0,171.0,False,0.24329855584761897,0.3326443200757877,0.730840857176022,1.0288189626777196,0.6952754840932217
deit_tiny,0.1,17,raw,1.0,nih,cardiomegaly,21329,497,20832,0.023301608139153267,0.8325439870405227,0.14914908008518346,0.02120250719918436,0.09126892701313431,0.0028719813338724826,0.0026213119415661235,0.8933601609657947,0.5468990015360983,0.04492562986947283,0.9953695614188363,0.08554913294797688,0.008610767667510729,444.0,11393.0,9439.0,53.0,False,0.022759736702063146,0.06842036545781416,-0.09948886088062216,0.9343040898398702,0.09988380602160817
deit_tiny,0.1,17,raw,1.0,nih,pleural_effusion,21329,2536,18793,0.11889915139012612,0.8470994846560931,0.45026577654681466,0.08167293303102516,0.27406315541324927,0.014020189441429682,0.011543920771627036,0.9136435331230284,0.5682434949183206,0.2221263541367079,0.9799045696458065,0.3573687051746742,0.03601607075006732,2317.0,10679.0,8114.0,219.0,False,0.10479318686123498,0.220627452248639,0.0025517553790380663,0.9023950325088674,0.1523340945140734
deit_tiny,0.1,17,raw,1.0,vinbig,cardiomegaly,14998,1817,13181,0.12114948659821309,0.8455921715172066,0.4293302673517225,0.10628902069515486,0.39595260649680253,0.0965226409388675,0.09689977254303442,0.9427627958172813,0.5253015704423033,0.214930991217064,0.9852020489470689,0.35005619699601515,0.008610767667510729,1713.0,6924.0,6257.0,104.0,False,0.11584294874158528,0.08247310820568532,2.2817827880242394,1.0951607443986728,1.9527874457738057
deit_tiny,0.1,17,raw,1.0,vinbig,pleural_effusion,14998,634,14364,0.04227230297372983,0.8424865177314123,0.47793892302492824,0.036503070410566545,0.15715258639871718,0.06407478751179341,0.05886128500720881,0.9148264984227129,0.3612503480924534,0.05945668887749872,0.9897005531184436,0.11165655982288959,0.03601607075006732,580.0,5189.0,9175.0,54.0,False,0.04553419164022411,0.1983371375298476,-0.5526348629364218,1.3891795711727235,-1.0620851644524865
deit_tiny,0.1,17,temperature,1.0,chexpert,cardiomegaly,19255,2034,17221,0.10563490002596729,0.7453300568233303,0.29831253093700283,0.09320137648208764,0.3620888730450312,0.07405344395311614,0.07398912670700217,0.8780727630285152,0.3826142500435515,0.1438234820421968,0.9637267807517917,0.24716302241904234,0.009737257669226545,1786.0,6589.0,10632.0,248.0,False,0.1010838392508862,0.07797945573905829,0.7122752558399832,0.773224630026945,1.4403517145856333
deit_tiny,0.1,17,temperature,1.0,chexpert,pleural_effusion,18933,5642,13291,0.2979982041937358,0.8254927380075128,0.6693284890256139,0.16046021976605657,0.4843690626221615,0.08481266694769579,0.08474663512970862,0.9696915987238568,0.31427281619140773,0.3751114158381899,0.9606715731370745,0.5409601028328472,0.04886352878102715,5471.0,4177.0,9114.0,171.0,False,0.24329855584761897,0.3404801799705097,0.7308248714837529,1.139184345840531,0.5734558782938791
deit_tiny,0.1,17,temperature,1.0,nih,cardiomegaly,21329,497,20832,0.023301608139153267,0.8325439870405227,0.14914908008518346,0.021198715480046745,0.09112052545924186,0.0019049059222102642,0.0024119101017855797,0.8933601609657947,0.5468990015360983,0.04492562986947283,0.9953695614188363,0.08554913294797688,0.009737257669226545,444.0,11393.0,9439.0,53.0,False,0.022759736702063146,0.06858696312927448,-0.09934178663644352,0.959447373610326,0.021232213721523976
deit_tiny,0.1,17,temperature,1.0,nih,pleural_effusion,21329,2536,18793,0.11889915139012612,0.8470994846560931,0.45026577654681466,0.0814329315805468,0.2724472722698644,0.007400662760073312,0.006501026517640364,0.9136435331230284,0.5682434949183206,0.2221263541367079,0.9799045696458065,0.3573687051746742,0.04886352878102715,2317.0,10679.0,8114.0,219.0,False,0.10479318686123498,0.22291769131538441,0.002584436557425532,0.9992232969159628,0.0036901377122106165
deit_tiny,0.1,17,temperature,1.0,vinbig,cardiomegaly,14998,1817,13181,0.12114948659821309,0.8455921715172066,0.4293302673517225,0.10563723796167074,0.3881562133441106,0.09475692543485931,0.09522402630043855,0.9427627958172813,0.5253015704423033,0.214930991217064,0.9852020489470689,0.35005619699601515,0.009737257669226545,1713.0,6924.0,6257.0,104.0,False,0.11584294874158528,0.08809954244760088,2.281761882272757,1.124549484795593,1.8614539115240283
deit_tiny,0.1,17,temperature,1.0,vinbig,pleural_effusion,14998,634,14364,0.04227230297372983,0.8424865177314123,0.47793892302492824,0.03909169012123553,0.16967912101079688,0.0791567138143447,0.07340508387010282,0.9148264984227129,0.3612503480924534,0.05945668887749872,0.9897005531184436,0.11165655982288959,0.04886352878102715,580.0,5189.0,9175.0,54.0,False,0.04553419164022411,0.14148711741480424,-0.5526327977535969,1.538221315812524,-1.20878004980813
deit_tiny,0.1,17,logistic,1.0,chexpert,cardiomegaly,19255,2034,17221,0.10563490002596729,0.7453300568233303,0.29831253093700283,0.0930271324383298,0.36187445088800324,0.07371029029166158,0.07364425675908445,0.8780727630285152,0.3826142500435515,0.1438234820421968,0.9637267807517917,0.24716302241904234,0.009539129501073442,1786.0,6589.0,10632.0,248.0,False,0.1010838392508862,0.07970321341436148,0.665170754947168,0.7596216969929036,1.4344432344010585
deit_tiny,0.1,17,logistic,1.0,chexpert,pleural_effusion,18933,5642,13291,0.2979982041937358,0.8254927380075128,0.6693284890256139,0.16218654562844684,0.4881605705376138,0.09003472117209498,0.09003472117209499,0.9696915987238568,0.31427281619140773,0.3751114158381899,0.9606715731370745,0.5409601028328472,0.04930474069370095,5471.0,4177.0,9114.0,171.0,False,0.24329855584761897,0.33338467602731536,0.8033703917495184,1.1673386848273988,0.607695604121026
deit_tiny,0.1,17,logistic,1.0,nih,cardiomegaly,21329,497,20832,0.023301608139153267,0.8325439870405227,0.14914908008518346,0.02120695026134124,0.09114912669481946,0.0020843645801110005,0.002730562487168232,0.8933601609657947,0.5468990015360983,0.04492562986947283,0.9953695614188363,0.08554913294797688,0.009539129501073442,444.0,11393.0,9439.0,53.0,False,0.022759736702063146,0.06822514957218939,-0.15801334832404476,0.942506587976827,0.011791257540403069
deit_tiny,0.1,17,logistic,1.0,nih,pleural_effusion,21329,2536,18793,0.11889915139012612,0.8470994846560931,0.45026577654681466,0.08144730958504412,0.2725230931922939,0.007829189230914451,0.007360060676492576,0.9136435331230284,0.5682434949183206,0.2221263541367079,0.9799045696458065,0.3573687051746742,0.04930474069370095,2317.0,10679.0,8114.0,219.0,False,0.10479318686123498,0.22278048769625647,0.06637917363914828,1.0239973284773685,0.031230109926271097
deit_tiny,0.1,17,logistic,1.0,vinbig,cardiomegaly,14998,1817,13181,0.12114948659821309,0.8455921715172066,0.4293302673517225,0.10539369819173112,0.3874339715861829,0.09450522895184238,0.09494510683514198,0.9427627958172813,0.5253015704423033,0.214930991217064,0.9852020489470689,0.35005619699601515,0.009539129501073442,1713.0,6924.0,6257.0,104.0,False,0.11584294874158528,0.0902018695429071,2.2132993976663355,1.1047844554905673,1.8604178025423201
deit_tiny,0.1,17,logistic,1.0,vinbig,pleural_effusion,14998,634,14364,0.04227230297372983,0.8424865177314123,0.47793892302492824,0.03859658286162734,0.16838978804576907,0.07851396612199638,0.07151060054550767,0.9148264984227129,0.3612503480924534,0.05945668887749872,0.9897005531184436,0.11165655982288959,0.04930474069370095,580.0,5189.0,9175.0,54.0,False,0.04553419164022411,0.1523604247421888,-0.454931791039863,1.5760329107281794,-1.1808729117130312
deit_tiny,0.1,43,raw,1.0,chexpert,cardiomegaly,19255,2034,17221,0.10563490002596729,0.6932000084276606,0.20806088493404198,0.094729017685797,0.34727722693956786,0.06043863446199564,0.06043863446199563,0.8298918387413963,0.4456187213286104,0.15024477080551846,0.956857855361596,0.2544276132338533,0.032589744766025344,1688.0,7674.0,9547.0,346.0,False,0.1010838392508862,0.06286684016143052,0.6894115188914468,0.9084235801906014,0.9543205349004099
deit_tiny,0.1,43,raw,1.0,chexpert,pleural_effusion,18933,5642,13291,0.2979982041937358,0.8271932007839886,0.6653605868090662,0.1503878181231571,0.45954579581896665,0.026720049802900808,0.028422085220645325,0.978021978021978,0.27251523587389964,0.36333706459471915,0.9668980245595301,0.5298382063469201,0.06290424179805683,5518.0,3622.0,9669.0,124.0,False,0.24329855584761897,0.38187952822314764,0.2536175747700546,1.1112283492270674,0.1715849825430701
deit_tiny,0.1,43,raw,1.0,nih,cardiomegaly,21329,497,20832,0.023301608139153267,0.7926613540691151,0.1166827276415831,0.02193718340491496,0.10012876903390137,0.014757179633965665,0.01438784042400664,0.8269617706237424,0.5728686635944701,0.044150821785369,0.9928452579034942,0.08382622883948602,0.032589744766025344,411.0,11934.0,8898.0,86.0,False,0.022759736702063146,0.036140721130294096,0.5511349489998835,1.3828696777480822,-0.5094439893361434
deit_tiny,0.1,43,raw,1.0,nih,pleural_effusion,21329,2536,18793,0.11889915139012612,0.830548325262393,0.38868513915365954,0.08648842754308059,0.28684265806154646,0.01518542495719051,0.015261364574857291,0.9282334384858044,0.5079018783589635,0.2028960524047578,0.9812891950241596,0.33300325364266514,0.06290424179805683,2354.0,9545.0,9248.0,182.0,False,0.10479318686123498,0.17467508973072066,-0.040212343935539144,1.0826160358840926,-0.15280922718162476
deit_tiny,0.1,43,raw,1.0,vinbig,cardiomegaly,14998,1817,13181,0.12114948659821309,0.7931951383299382,0.3028602505713536,0.10746335550768166,0.3804826686480585,0.08508679006638475,0.08725541529668673,0.7919647771051184,0.6596616341703968,0.2428691983122363,0.958337925713656,0.37173856884525963,0.032589744766025344,1439.0,8695.0,4486.0,378.0,False,0.11584294874158528,0.07233580744388901,2.026956077695364,1.2093236585707514,1.3930823709311961
deit_tiny,0.1,43,raw,1.0,vinbig,pleural_effusion,14998,634,14364,0.04227230297372983,0.850218672338048,0.4272446465024333,0.03443944672689402,0.14767724248973477,0.048757771028482666,0.046708740221213164,0.8564668769716088,0.5939849624060151,0.0851764705882353,0.9894468282500289,0.15494364388643173,0.06290424179805683,543.0,8532.0,5832.0,91.0,False,0.04553419164022411,0.24365744759437402,-0.29731236847051434,1.3954801475141638,-0.8996721360450997
deit_tiny,0.1,43,temperature,1.0,chexpert,cardiomegaly,19255,2034,17221,0.10563490002596729,0.6932000084276606,0.20806088493404198,0.09801381331399914,0.3899261749882002,0.07907944337441529,0.07907525159396316,0.8298918387413963,0.4456187213286104,0.15024477080551846,0.956857855361596,0.2544276132338533,0.01639838474344388,1688.0,7674.0,9547.0,346.0,False,0.1010838392508862,0.03037108562197932,0.6896227432838888,0.7523906393733675,1.544647725500572
deit_tiny,0.1,43,temperature,1.0,chexpert,pleural_effusion,18933,5642,13291,0.2979982041937358,0.8271932007839886,0.6653605868090662,0.15049060752144805,0.4603000207934611,0.03414655496353147,0.03447007283237769,0.978021978021978,0.27251523587389964,0.36333706459471915,0.9668980245595301,0.5298382063469201,0.05130826938497049,5518.0,3622.0,9669.0,124.0,False,0.24329855584761897,0.3814570456566858,0.2535846215312597,1.0289041226670075,0.2309845485140265
deit_tiny,0.1,43,temperature,1.0,nih,cardiomegaly,21329,497,20832,0.023301608139153267,0.7926613540691151,0.1166827276415831,0.021726991610238083,0.09599980526467868,0.0026680043740882446,0.005036501711099415,0.8269617706237424,0.5728686635944701,0.044150821785369,0.9928452579034942,0.08382622883948602,0.01639838474344388,411.0,11934.0,8898.0,86.0,False,0.022759736702063146,0.04537596833145463,0.5541541323911205,1.1461989615437467,0.07505292649229592
deit_tiny,0.1,43,temperature,1.0,nih,pleural_effusion,21329,2536,18793,0.11889915139012612,0.830548325262393,0.38868513915365954,0.08642730922924055,0.28553122246251506,0.011270212241690905,0.010110676223607824,0.9282334384858044,0.5079018783589635,0.2028960524047578,0.9812891950241596,0.33300325364266514,0.05130826938497049,2354.0,9545.0,9248.0,182.0,False,0.10479318686123498,0.17525831766443134,-0.040281768507115345,1.0023858224559983,-0.04369276804876519
deit_tiny,0.1,43,temperature,1.0,vinbig,cardiomegaly,14998,1817,13181,0.12114948659821309,0.7931951383299382,0.3028602505713536,0.11193125482987687,0.43568511915244745,0.10025534906459364,0.10037762927051781,0.7919647771051184,0.6596616341703968,0.2428691983122363,0.958337925713656,0.37173856884525963,0.01639838474344388,1439.0,8695.0,4486.0,378.0,False,0.11584294874158528,0.03376721634075763,2.0268947015491316,1.001533244521919,2.0213684724932333
deit_tiny,0.1,43,temperature,1.0,vinbig,pleural_effusion,14998,634,14364,0.04227230297372983,0.850218672338048,0.4272446465024333,0.03327723982828381,0.14047577942791858,0.03869180649750922,0.03677107491706941,0.8564668769716088,0.5939849624060151,0.0851764705882353,0.9894468282500289,0.15494364388643173,0.05130826938497049,543.0,8532.0,5832.0,91.0,False,0.04553419164022411,0.26918127610094045,-0.2977413525841911,1.2919036257996028,-0.7681773290930407
deit_tiny,0.1,43,logistic,1.0,chexpert,cardiomegaly,19255,2034,17221,0.10563490002596729,0.6932000084276606,0.20806088493404198,0.09713002849003158,0.3923116210974311,0.07688834023654356,0.0768221831965081,0.8298918387413963,0.4456187213286104,0.15024477080551846,0.956857855361596,0.2544276132338533,0.01363230528218865,1688.0,7674.0,9547.0,346.0,False,0.1010838392508862,0.03911417285053265,0.10612567687069033,0.5831453977594296,1.515689886479526
deit_tiny,0.1,43,logistic,1.0,chexpert,pleural_effusion,18933,5642,13291,0.2979982041937358,0.8271932007839886,0.6653605868090662,0.15215901673799126,0.4640028827798072,0.046116951597515714,0.0466344654005269,0.978021978021978,0.27251523587389964,0.36333706459471915,0.9668980245595301,0.5298382063469201,0.05244126592941421,5518.0,3622.0,9669.0,124.0,False,0.24329855584761897,0.37459958934860915,0.37811461557926024,1.0801314466166427,0.3084954672327208
deit_tiny,0.1,43,logistic,1.0,nih,cardiomegaly,21329,497,20832,0.023301608139153267,0.7926613540691151,0.1166827276415831,0.02167865656418234,0.09592991678549144,0.0015083084310186159,0.003925189831521635,0.8269617706237424,0.5728686635944701,0.044150821785369,0.9928452579034942,0.08382622883948602,0.01363230528218865,411.0,11934.0,8898.0,86.0,False,0.022759736702063146,0.04749967682107703,-0.33871232893598857,0.8871995916941088,0.01041672027509852
deit_tiny,0.1,43,logistic,1.0,nih,pleural_effusion,21329,2536,18793,0.11889915139012612,0.830548325262393,0.38868513915365954,0.08635343506997162,0.285593896970347,0.012113856218463696,0.01156617763416541,0.9282334384858044,0.5079018783589635,0.2028960524047578,0.9812891950241596,0.33300325364266514,0.05244126592941421,2354.0,9545.0,9248.0,182.0,False,0.10479318686123498,0.17596326959386122,0.0812447856087606,1.052359034935041,0.0021987366332442576
deit_tiny,0.1,43,logistic,1.0,vinbig,cardiomegaly,14998,1817,13181,0.12114948659821309,0.7931951383299382,0.3028602505713536,0.1106265963506861,0.43676194215634045,0.09864259949032864,0.09864259949032868,0.7919647771051184,0.6596616341703968,0.2428691983122363,0.958337925713656,0.37173856884525963,0.01363230528218865,1439.0,8695.0,4486.0,378.0,False,0.11584294874158528,0.045029520118099464,1.2505817902149796,0.7763473078053063,2.047279906720786
deit_tiny,0.1,43,logistic,1.0,vinbig,pleural_effusion,14998,634,14364,0.04227230297372983,0.850218672338048,0.4272446465024333,0.033100287152183765,0.14033517356321612,0.03868188715332775,0.03551974800475259,0.8564668769716088,0.5939849624060151,0.0851764705882353,0.9894468282500289,0.15494364388643173,0.05244126592941421,543.0,8532.0,5832.0,91.0,False,0.04553419164022411,0.2730674256014781,-0.1408062517613961,1.3565180970965756,-0.7364386203872358
deit_tiny,0.1,101,raw,1.0,chexpert,cardiomegaly,19255,2034,17221,0.10563490002596729,0.6688555602318794,0.17660250481948792,0.09547801488480816,0.34555620780367374,0.05507542639459626,0.05507542639459625,0.988692232055064,0.05876546077463562,0.11037321624588364,0.9777777777777777,0.1985780586550805,0.014899643269019096,2011.0,1012.0,16209.0,23.0,False,0.1010838392508862,0.055457177008924274,1.5553662371641646,1.2642003757570053,0.8095356632903795
deit_tiny,0.1,101,raw,1.0,chexpert,pleural_effusion,18933,5642,13291,0.2979982041937358,0.8125275994814197,0.6380434026317601,0.15886285431727046,0.4824255260924356,0.049905318648355186,0.05054774785663449,0.989897199574619,0.16018358287563011,0.33349256583268644,0.973924977127173,0.49890571262673633,0.08632347658627028,5585.0,2129.0,11162.0,57.0,False,0.24329855584761897,0.3470456338558445,0.26767515215690263,1.5088667919589114,-0.03553369398133552
deit_tiny,0.1,101,raw,1.0,nih,cardiomegaly,21329,497,20832,0.023301608139153267,0.7013795039824199,0.04834020612015366,0.02254104842137375,0.10538373504472875,0.005736114608079905,0.0068749406347817415,0.9255533199195171,0.2959869431643625,0.030411212481819383,0.9940351442850234,0.05888753760481342,0.014899643269019096,460.0,6166.0,14666.0,37.0,False,0.022759736702063146,0.009608559341091727,0.07696387102458374,1.0932784010323617,-0.228674572731228
deit_tiny,0.1,101,raw,1.0,nih,pleural_effusion,21329,2536,18793,0.11889915139012612,0.848983418636478,0.4541945224946846,0.08277388372663222,0.2794903994260923,0.03298037737174772,0.03225525362763328,0.9235015772870663,0.5570691214814026,0.21957622351396963,0.9818062458970271,0.3547947280715043,0.08632347658627028,2342.0,10469.0,8324.0,194.0,False,0.10479318686123498,0.21012151451945327,-0.02242685805169918,1.2596837508372052,-0.3249703058744336
deit_tiny,0.1,101,raw,1.0,vinbig,cardiomegaly,14998,1817,13181,0.12114948659821309,0.8570570111904959,0.4518787207468746,0.11114450221610353,0.4051967352931284,0.09503356802426574,0.09749292687668723,0.9856906989543203,0.294363098399211,0.16146772448611613,0.9933435739887353,0.2774808273297699,0.014899643269019096,1791.0,3880.0,9301.0,26.0,False,0.11584294874158528,0.04055876146560056,8.228333830412483,2.9464973447915503,1.670702668765035
deit_tiny,0.1,101,raw,1.0,vinbig,pleural_effusion,14998,634,14364,0.04227230297372983,0.8596906852655648,0.45618938368094014,0.039580225523834334,0.1742904019386884,0.08427916824875335,0.08084553728135928,0.8990536277602523,0.5259676970203286,0.0772462393278222,0.9915999474996718,0.1422688131785848,0.08632347658627028,570.0,7555.0,6809.0,64.0,False,0.04553419164022411,0.13075813804785208,-0.40317518819867787,1.7174233778561487,-1.2689375573386248
deit_tiny,0.1,101,temperature,1.0,chexpert,cardiomegaly,19255,2034,17221,0.10563490002596729,0.6688555602318794,0.17660250481948792,0.09649307847726477,0.3551888621078227,0.062452063945000726,0.062452063945000726,0.988692232055064,0.05876546077463562,0.11037321624588364,0.9777777777777777,0.1985780586550805,0.011653592603386784,2011.0,1012.0,16209.0,23.0,False,0.1010838392508862,0.04541537804304541,1.5553820709972415,1.1933152575603208,0.9782310439630012
deit_tiny,0.1,101,temperature,1.0,chexpert,pleural_effusion,18933,5642,13291,0.2979982041937358,0.8125275994814197,0.6380434026317601,0.15697602731109636,0.4746807484014916,0.029168166514922832,0.030053781256663314,0.989897199574619,0.16018358287563011,0.33349256583268644,0.973924977127173,0.49890571262673633,0.05040527485584502,5585.0,2129.0,11162.0,57.0,False,0.24329855584761897,0.3548008258240034,0.26765824852889714,1.2125693900994048,0.11688817271058621
deit_tiny,0.1,101,temperature,1.0,nih,cardiomegaly,21329,497,20832,0.023301608139153267,0.7013795039824199,0.04834020612015366,0.02250106946138122,0.10473203012143323,0.0007682496268223465,0.003578689339210603,0.9255533199195171,0.2959869431643625,0.030411212481819383,0.9940351442850234,0.05888753760481342,0.011653592603386784,460.0,6166.0,14666.0,37.0,False,0.022759736702063146,0.01136512447696636,0.07576546311132668,1.0316017501197001,-0.03362789182012464
deit_tiny,0.1,101,temperature,1.0,nih,pleural_effusion,21329,2536,18793,0.11889915139012612,0.848983418636478,0.4541945224946846,0.0815955462018748,0.27164390294070334,0.0046706766149610356,0.006231303079283249,0.9235015772870663,0.5570691214814026,0.21957622351396963,0.9818062458970271,0.3547947280715043,0.05040527485584502,2342.0,10469.0,8324.0,194.0,False,0.10479318686123498,0.22136592419961454,-0.022829843811674872,1.0121538729922062,-0.03933654532984201
deit_tiny,0.1,101,temperature,1.0,vinbig,cardiomegaly,14998,1817,13181,0.12114948659821309,0.8570570111904959,0.4518787207468746,0.11256305627437067,0.42284231008839873,0.09973722614984948,0.10124197954227271,0.9856906989543203,0.294363098399211,0.16146772448611613,0.9933435739887353,0.2774808273297699,0.011653592603386784,1791.0,3880.0,9301.0,26.0,False,0.11584294874158528,0.02831326811726087,8.22727033048676,2.780966910399117,1.8801841567563298
deit_tiny,0.1,101,temperature,1.0,vinbig,pleural_effusion,14998,634,14364,0.04227230297372983,0.8596906852655648,0.45618938368094014,0.03440759557217742,0.14630537968624774,0.05115154406043416,0.048577853209242454,0.8990536277602523,0.5259676970203286,0.0772462393278222,0.9915999474996718,0.1422688131785848,0.05040527485584502,570.0,7555.0,6809.0,64.0,False,0.04553419164022411,0.24435694732346247,-0.4032904973623563,1.3799779745616536,-0.9386933436717433
deit_tiny,0.1,101,logistic,1.0,chexpert,cardiomegaly,19255,2034,17221,0.10563490002596729,0.6688555602318794,0.17660250481948792,0.0961076958057231,0.3522281902808812,0.060560724113009425,0.060560724113009425,0.988692232055064,0.05876546077463562,0.11037321624588364,0.9777777777777777,0.1985780586550805,0.010919160883367321,2011.0,1012.0,16209.0,23.0,False,0.1010838392508862,0.04922788332972294,1.2563825786109495,1.1095239615596146,0.9349985783792629
deit_tiny,0.1,101,logistic,1.0,chexpert,pleural_effusion,18933,5642,13291,0.2979982041937358,0.8125275994814197,0.6380434026317601,0.158555628154554,0.4780766778952102,0.040481013496303425,0.041948345596019364,0.989897199574619,0.16018358287563011,0.33349256583268644,0.973924977127173,0.49890571262673633,0.051177423989026465,5585.0,2129.0,11162.0,57.0,False,0.24329855584761897,0.34830838760153005,0.40661088803402007,1.2668404538698186,0.19451472857724364
deit_tiny,0.1,101,logistic,1.0,nih,cardiomegaly,21329,497,20832,0.023301608139153267,0.7013795039824199,0.04834020612015366,0.022507502342240516,0.10474410171701273,0.0009718207702757935,0.003700565788421775,0.9255533199195171,0.2959869431643625,0.030411212481819383,0.9940351442850234,0.05888753760481342,0.010919160883367321,460.0,6166.0,14666.0,37.0,False,0.022759736702063146,0.011082481450664816,-0.18392958977340065,0.9588207525932403,-0.04244040280436286
deit_tiny,0.1,101,logistic,1.0,nih,pleural_effusion,21329,2536,18793,0.11889915139012612,0.848983418636478,0.4541945224946846,0.08160567756614054,0.2717683339834403,0.007120366009481103,0.008225136738694766,0.9235015772870663,0.5570691214814026,0.21957622351396963,0.9818062458970271,0.3547947280715043,0.051177423989026465,2342.0,10469.0,8324.0,194.0,False,0.10479318686123498,0.22126924459124309,0.09333772667590504,1.0574718256256015,0.010907748633556761
deit_tiny,0.1,101,logistic,1.0,vinbig,cardiomegaly,14998,1817,13181,0.12114948659821309,0.8570570111904959,0.4518787207468746,0.11230244341841861,0.4203914174016393,0.09984238155132705,0.10109161154670275,0.9856906989543203,0.294363098399211,0.16146772448611613,0.9933435739887353,0.2774808273297699,0.010919160883367321,1791.0,3880.0,9301.0,26.0,False,0.11584294874158528,0.0305629765266473,7.530524723937665,2.5857262381601083,1.8916023129596473
deit_tiny,0.1,101,logistic,1.0,vinbig,pleural_effusion,14998,634,14364,0.04227230297372983,0.8596906852655648,0.45618938368094014,0.03400903071631242,0.14549340159647806,0.05015094178551313,0.04654818490576954,0.8990536277602523,0.5259676970203286,0.0772462393278222,0.9915999474996718,0.1422688131785848,0.051177423989026465,570.0,7555.0,6809.0,64.0,False,0.04553419164022411,0.2531100368482344,-0.24539830067534402,1.441610455383809,-0.8974854522112355
deit_tiny,0.25,17,raw,1.0,chexpert,cardiomegaly,19255,2034,17221,0.10563490002596729,0.7644938062118823,0.32718188566924483,0.0883204555872239,0.3337859493693827,0.06208716231502664,0.0618769240741714,0.7885939036381514,0.5806283026537368,0.1817357806480852,0.9587688177198197,0.29539594843462247,0.019382191201735868,1604.0,9999.0,7222.0,430.0,False,0.1010838392508862,0.12626532350026864,0.3936268628269307,0.7390107704537865,1.1391569984010474
deit_tiny,0.25,17,raw,1.0,chexpert,pleural_effusion,18933,5642,13291,0.2979982041937358,0.8432858738049495,0.6952076722608442,0.15060382070706071,0.45767898862483325,0.06854024498803957,0.0693711353512562,0.9794399149237859,0.2856820404785193,0.36790945406125164,0.9703552261691797,0.5348949762849676,0.05500528829345414,5526.0,3797.0,9494.0,116.0,False,0.24329855584761897,0.3809917194848217,0.7050254739817006,1.2344079202386293,0.4580099316249179
deit_tiny,0.25,17,raw,1.0,nih,cardiomegaly,21329,497,20832,0.023301608139153267,0.8678114674993124,0.19599574173628762,0.02150750501862142,0.08896314317469639,0.014088830797242685,0.014122189898616522,0.8752515090543259,0.6632104454685099,0.05838142531203865,0.9955324974780227,0.10946149974836437,0.019382191201735868,435.0,13816.0,7016.0,62.0,False,0.022759736702063146,0.055019603250867744,-0.7568181266216897,0.9147314494946049,-0.5748456951480693
deit_tiny,0.25,17,raw,1.0,nih,pleural_effusion,21329,2536,18793,0.11889915139012612,0.8602425923404933,0.45893204593965037,0.0808531459550531,0.26699093692037545,0.014334473196722937,0.015311148745224483,0.9100946372239748,0.6153887085616985,0.24203020134228187,0.9806664970745358,0.38237243207422134,0.05500528829345414,2308.0,11565.0,7228.0,228.0,False,0.10479318686123498,0.22845035658551738,-0.24615669137326956,0.9295963796663418,-0.16258645791147983
deit_tiny,0.25,17,raw,1.0,vinbig,cardiomegaly,14998,1817,13181,0.12114948659821309,0.817727226741081,0.4052133873546355,0.09489727432060323,0.32905187349930054,0.06346730960933897,0.06361766963041701,0.9036873968079252,0.5292466428950763,0.2092519434178667,0.9755278981960565,0.339817880794702,0.019382191201735868,1642.0,6976.0,6205.0,175.0,False,0.11584294874158528,0.18081095697681404,0.6541106210658476,0.8588405894702063,1.000514427124706
deit_tiny,0.25,17,raw,1.0,vinbig,pleural_effusion,14998,634,14364,0.04227230297372983,0.8942291981267575,0.5786790420326295,0.03456890801967311,0.15314579330115427,0.07547694330766329,0.07094417486682791,0.944794952681388,0.4408939014202172,0.0694090382387022,0.9945037688442211,0.12931778929188256,0.05500528829345414,599.0,6333.0,8031.0,35.0,False,0.04553419164022411,0.24081428099548075,-0.504198392521139,1.695304827490328,-1.2282537291082902
deit_tiny,0.25,17,temperature,1.0,chexpert,cardiomegaly,19255,2034,17221,0.10563490002596729,0.7644938062118823,0.32718188566924483,0.09055711892599767,0.36801690540991755,0.07315399186247779,0.07301948962961884,0.7885939036381514,0.5806283026537368,0.1817357806480852,0.9587688177198197,0.29539594843462247,0.01035087112159297,1604.0,9999.0,7222.0,430.0,False,0.1010838392508862,0.10413850921077117,0.3933164972219378,0.6357925446840993,1.5787571335744854
deit_tiny,0.25,17,temperature,1.0,chexpert,pleural_effusion,18933,5642,13291,0.2979982041937358,0.8432858738049495,0.6952076722608442,0.15066945523003528,0.4578849943451514,0.06886346237557207,0.06992664002903495,0.9794399149237859,0.2856820404785193,0.36790945406125164,0.9703552261691797,0.5348949762849676,0.05401551721554459,5526.0,3797.0,9494.0,116.0,False,0.24329855584761897,0.38072195001271814,0.7050257984505593,1.2261282097614634,0.4653316968453882
deit_tiny,0.25,17,temperature,1.0,nih,cardiomegaly,21329,497,20832,0.023301608139153267,0.8678114674993124,0.19599574173628762,0.021151711729125743,0.08703689010717905,0.00735521881222132,0.008069607558595216,0.8752515090543259,0.6632104454685099,0.05838142531203865,0.9955324974780227,0.10946149974836437,0.01035087112159297,435.0,13816.0,7016.0,62.0,False,0.022759736702063146,0.07065217818585912,-0.7568492789768122,0.7870706651498074,-0.25704103755010865
deit_tiny,0.25,17,temperature,1.0,nih,pleural_effusion,21329,2536,18793,0.11889915139012612,0.8602425923404933,0.45893204593965037,0.08085795701832564,0.2669677228809967,0.014064735962776744,0.015217816989385234,0.9100946372239748,0.6153887085616985,0.24203020134228187,0.9806664970745358,0.38237243207422134,0.05401551721554459,2308.0,11565.0,7228.0,228.0,False,0.10479318686123498,0.22840444650856828,-0.24615706507231966,0.9233600257442668,-0.1548122030240414
deit_tiny,0.25,17,temperature,1.0,vinbig,cardiomegaly,14998,1817,13181,0.12114948659821309,0.817727226741081,0.4052133873546355,0.09774246169326607,0.3580258256691992,0.07607771150633935,0.07612834308375155,0.9036873968079252,0.5292466428950763,0.2092519434178667,0.9755278981960565,0.339817880794702,0.01035087112159297,1642.0,6976.0,6205.0,175.0,False,0.11584294874158528,0.15625022709579472,0.6546501525024646,0.7391379285474888,1.3823809480842908
deit_tiny,0.25,17,temperature,1.0,vinbig,pleural_effusion,14998,634,14364,0.04227230297372983,0.8942291981267575,0.5786790420326295,0.034390655644100744,0.15223124028028,0.07451527730270907,0.06999233252776658,0.944794952681388,0.4408939014202172,0.0694090382387022,0.9945037688442211,0.12931778929188256,0.05401551721554459,599.0,6333.0,8031.0,35.0,False,0.04553419164022411,0.24472897387025006,-0.5042006289785493,1.6839229715607094,-1.219497691287819
deit_tiny,0.25,17,logistic,1.0,chexpert,cardiomegaly,19255,2034,17221,0.10563490002596729,0.7644938062118823,0.32718188566924483,0.09271191063778568,0.3692245197081602,0.07774875104555556,0.07774875104555556,0.7885939036381514,0.5806283026537368,0.1817357806480852,0.9587688177198197,0.29539594843462247,0.012130624558606105,1604.0,9999.0,7222.0,430.0,False,0.1010838392508862,0.08282163276685317,0.8477753636153104,0.762272335180589,1.6504958142396098
deit_tiny,0.25,17,logistic,1.0,chexpert,pleural_effusion,18933,5642,13291,0.2979982041937358,0.8432858738049495,0.6952076722608442,0.15957851720580943,0.4781972933417206,0.09641361610292618,0.0977981217727364,0.9794399149237859,0.2856820404785193,0.36790945406125164,0.9703552261691797,0.5348949762849676,0.05396205120309833,5526.0,3797.0,9494.0,116.0,False,0.24329855584761897,0.34410413308924237,1.1015947469225122,1.364159420433145,0.6440873650818114
deit_tiny,0.25,17,logistic,1.0,nih,cardiomegaly,21329,497,20832,0.023301608139153267,0.8678114674993124,0.19599574173628762,0.02046858992074812,0.08510997482542955,0.001640056570476487,0.0026575386992927085,0.8752515090543259,0.6632104454685099,0.05838142531203865,0.9955324974780227,0.10946149974836437,0.012130624558606105,435.0,13816.0,7016.0,62.0,False,0.022759736702063146,0.10066666461511997,-0.19463078047344673,0.9435401727219218,-0.04273228202842911
deit_tiny,0.25,17,logistic,1.0,nih,pleural_effusion,21329,2536,18793,0.11889915139012612,0.8602425923404933,0.45893204593965037,0.0801038861444164,0.2656305304693918,0.008281870629693735,0.007947721464799162,0.9100946372239748,0.6153887085616985,0.24203020134228187,0.9806664970745358,0.38237243207422134,0.05396205120309833,2308.0,11565.0,7228.0,228.0,False,0.10479318686123498,0.23560024708010507,0.05253210898700549,1.0273100717979151,0.014060308428655171
deit_tiny,0.25,17,logistic,1.0,vinbig,cardiomegaly,14998,1817,13181,0.12114948659821309,0.817727226741081,0.4052133873546355,0.10128722201080179,0.36786681964327467,0.08411577097391282,0.08421760062573876,0.9036873968079252,0.5292466428950763,0.2092519434178667,0.9755278981960565,0.339817880794702,0.012130624558606105,1642.0,6976.0,6205.0,175.0,False,0.11584294874158528,0.12565051985385345,1.182307731318355,0.8859872803637507,1.5227615241590553
deit_tiny,0.25,17,logistic,1.0,vinbig,pleural_effusion,14998,634,14364,0.04227230297372983,0.8942291981267575,0.5786790420326295,0.03252190394994626,0.14667869592007024,0.06862021409773038,0.06031544773466633,0.944794952681388,0.4408939014202172,0.0694090382387022,0.9945037688442211,0.12931778929188256,0.05396205120309833,599.0,6333.0,8031.0,35.0,False,0.04553419164022411,0.28576959909798916,0.04128312489369593,1.8738673156648942,-1.0656111768205214
deit_tiny,0.25,43,raw,1.0,chexpert,cardiomegaly,19255,2034,17221,0.10563490002596729,0.7750571593519312,0.3214814248556476,0.09659698870997818,0.4123150125739299,0.08813280359209465,0.08813280359209465,0.767944936086529,0.6442134603100865,0.20314735336194564,0.9591907314542625,0.32130001028489147,0.008881675100847034,1562.0,11094.0,6127.0,472.0,False,0.1010838392508862,0.04438741715945138,1.3405459064382428,0.7836246457759473,2.1957355929894065
deit_tiny,0.25,43,raw,1.0,chexpert,pleural_effusion,18933,5642,13291,0.2979982041937358,0.8486491046506192,0.7050956498525064,0.13968619551482306,0.4336663383645091,0.01996497281214244,0.021544958083552026,0.9727047146401985,0.3348130313746144,0.38299951148021494,0.9665508253692441,0.5495969155275149,0.048676572031706056,5488.0,4450.0,8841.0,154.0,False,0.24329855584761897,0.42586508568382,0.1281374009815466,0.9724992209880486,0.14554287583709993
deit_tiny,0.25,43,raw,1.0,nih,cardiomegaly,21329,497,20832,0.023301608139153267,0.8574591268811023,0.20077378196988824,0.020468067349658406,0.08735737255020457,0.006353219323973331,0.006253884331127742,0.8450704225352113,0.6641705069124424,0.05663430420711974,0.9944656077050241,0.10615442941994187,0.008881675100847034,420.0,13836.0,6996.0,77.0,False,0.022759736702063146,0.1006896249461885,0.10032491918899437,0.9278222286229663,0.3251004726848842
deit_tiny,0.25,43,raw,1.0,nih,pleural_effusion,21329,2536,18793,0.11889915139012612,0.8617302112287261,0.4645460059441102,0.08470761442308725,0.27469570118218095,0.03504383057524875,0.03594860392078832,0.9120662460567823,0.6095354653328366,0.23966428349393845,0.9809042644288406,0.3795848034791171,0.048676572031706056,2313.0,11455.0,7338.0,223.0,False,0.10479318686123498,0.1916686861021284,-0.5821380251983541,0.7899902435575068,-0.40868949835687624
deit_tiny,0.25,43,raw,1.0,vinbig,cardiomegaly,14998,1817,13181,0.12114948659821309,0.8460210046172678,0.4271143970553162,0.10701015406493568,0.4103251678290444,0.09909267061279681,0.09929648894532972,0.9130434782608695,0.6086791593961004,0.24336218277834826,0.9806869575846473,0.3842946490618485,0.008881675100847034,1659.0,8023.0,5158.0,158.0,False,0.11584294874158528,0.07624801312985574,2.0759097596122813,0.9828406314475019,2.137495478203077
deit_tiny,0.25,43,raw,1.0,vinbig,pleural_effusion,14998,634,14364,0.04227230297372983,0.8864199031578245,0.5151078016298952,0.03730402364146184,0.14718935459526208,0.06061903767547974,0.059469656394255464,0.9053627760252366,0.5884851016429964,0.08851195065535852,0.9929519558322566,0.16125860373647985,0.048676572031706056,574.0,8453.0,5911.0,60.0,False,0.04553419164022411,0.18074698819275592,-1.1002335095287963,1.1484922566316202,-1.2256303678979448
deit_tiny,0.25,43,temperature,1.0,chexpert,cardiomegaly,19255,2034,17221,0.10563490002596729,0.7750571593519312,0.3214814248556476,0.09513979410840318,0.38405776734250385,0.08319866191749695,0.08319866191749695,0.767944936086529,0.6442134603100865,0.20314735336194564,0.9591907314542625,0.32130001028489147,0.013198983915887627,1562.0,11094.0,6127.0,472.0,False,0.1010838392508862,0.05880312012813571,1.3405144833862104,0.8563680088657473,1.8635043478775302
deit_tiny,0.25,43,temperature,1.0,chexpert,pleural_effusion,18933,5642,13291,0.2979982041937358,0.8486491046506192,0.7050956498525064,0.13971816078861893,0.433076624729691,0.015642400313065997,0.018941677703188463,0.9727047146401985,0.3348130313746144,0.38299951148021494,0.9665508253692441,0.5495969155275149,0.0567798966960325,5488.0,4450.0,8841.0,154.0,False,0.24329855584761897,0.4257337027675322,0.12807829375726118,1.0287177173903637,0.11052392385432334
deit_tiny,0.25,43,temperature,1.0,nih,cardiomegaly,21329,497,20832,0.023301608139153267,0.8574591268811023,0.20077378196988824,0.02040199933747809,0.08630677851510249,0.0025728020544670974,0.002869560663359966,0.8450704225352113,0.6641705069124424,0.05663430420711974,0.9944656077050241,0.10615442941994187,0.013198983915887627,420.0,13836.0,6996.0,77.0,False,0.022759736702063146,0.10359247101357416,0.10031377802202612,1.0139459029466396,0.059649852027271535
deit_tiny,0.25,43,temperature,1.0,nih,pleural_effusion,21329,2536,18793,0.11889915139012612,0.8617302112287261,0.4645460059441102,0.08462065882096982,0.27442694079997765,0.03525236258348299,0.03723310135151463,0.9120662460567823,0.6095354653328366,0.23966428349393845,0.9809042644288406,0.3795848034791171,0.0567798966960325,2313.0,11455.0,7338.0,223.0,False,0.10479318686123498,0.1924984690748761,-0.5820723308603017,0.8357090794592683,-0.448934659762193
deit_tiny,0.25,43,temperature,1.0,vinbig,cardiomegaly,14998,1817,13181,0.12114948659821309,0.8460210046172678,0.4271143970553162,0.10491007889294204,0.38337404305920575,0.093540852392423,0.09400698166534656,0.9130434782608695,0.6086791593961004,0.24336218277834826,0.9806869575846473,0.3842946490618485,0.013198983915887627,1659.0,8023.0,5158.0,158.0,False,0.11584294874158528,0.09437665362810777,2.075768863700379,1.0740400594399533,1.8306924935625577
deit_tiny,0.25,43,temperature,1.0,vinbig,pleural_effusion,14998,634,14364,0.04227230297372983,0.8864199031578245,0.5151078016298952,0.03822267167316629,0.1523477045653548,0.06668018771168785,0.06557774382720705,0.9053627760252366,0.5884851016429964,0.08851195065535852,0.9929519558322566,0.16125860373647985,0.0567798966960325,574.0,8453.0,5911.0,60.0,False,0.04553419164022411,0.16057208228989284,-1.10023800086356,1.2149481444868384,-1.278645321093389
deit_tiny,0.25,43,logistic,1.0,chexpert,cardiomegaly,19255,2034,17221,0.10563490002596729,0.7750571593519312,0.3214814248556476,0.094392577465481,0.38443947485249835,0.0822005529507276,0.0822005529507276,0.767944936086529,0.6442134603100865,0.20314735336194564,0.9591907314542625,0.32130001028489147,0.012276410216164428,1562.0,11094.0,6127.0,472.0,False,0.1010838392508862,0.06619516863420405,1.0855757248758577,0.7839360700741846,1.8689417829912567
deit_tiny,0.25,43,logistic,1.0,chexpert,pleural_effusion,18933,5642,13291,0.2979982041937358,0.8486491046506192,0.7050956498525064,0.15295930291228232,0.46304026335323933,0.0859628485241904,0.08596284852419041,0.9727047146401985,0.3348130313746144,0.38299951148021494,0.9665508253692441,0.5495969155275149,0.052083199970746875,5488.0,4450.0,8841.0,154.0,False,0.24329855584761897,0.3713102719438963,0.8805571525247716,1.25568596524253,0.5909275007942116
deit_tiny,0.25,43,logistic,1.0,nih,cardiomegaly,21329,497,20832,0.023301608139153267,0.8574591268811023,0.20077378196988824,0.020441415669771056,0.08639443740777428,0.003356864772248906,0.003861459363004735,0.8450704225352113,0.6641705069124424,0.05663430420711974,0.9944656077050241,0.10615442941994187,0.012276410216164428,420.0,13836.0,6996.0,77.0,False,0.022759736702063146,0.10186062618562441,-0.2023493633815788,0.9279673292881894,-0.0013673063750789661
deit_tiny,0.25,43,logistic,1.0,nih,pleural_effusion,21329,2536,18793,0.11889915139012612,0.8617302112287261,0.4645460059441102,0.07999948095537045,0.26436231675005367,0.005748494246167774,0.007788174649147051,0.9120662460567823,0.6095354653328366,0.23966428349393845,0.9809042644288406,0.3795848034791171,0.052083199970746875,2313.0,11455.0,7338.0,223.0,False,0.10479318686123498,0.23659654457017187,0.029326518449451115,1.0201390947269444,0.002089391492177291
deit_tiny,0.25,43,logistic,1.0,vinbig,cardiomegaly,14998,1817,13181,0.12114948659821309,0.8460210046172678,0.4271143970553162,0.10351883543966647,0.3791133512501979,0.09174095079673995,0.09204646457856891,0.9130434782608695,0.6086791593961004,0.24336218277834826,0.9806869575846473,0.3842946490618485,0.012276410216164428,1659.0,8023.0,5158.0,158.0,False,0.11584294874158528,0.10638639153955431,1.7561644746593936,0.9832416391603959,1.8108213393323884
deit_tiny,0.25,43,logistic,1.0,vinbig,pleural_effusion,14998,634,14364,0.04227230297372983,0.8864199031578245,0.5151078016298952,0.032235472089792924,0.13648596501104115,0.04941553149731611,0.043504166986590244,0.9053627760252366,0.5884851016429964,0.08851195065535852,0.9929519558322566,0.16125860373647985,0.052083199970746875,574.0,8453.0,5911.0,60.0,False,0.04553419164022411,0.29206007774349796,-0.21143675728507552,1.483085212655663,-0.8735465217840683
deit_tiny,0.25,101,raw,1.0,chexpert,cardiomegaly,19255,2034,17221,0.10563490002596729,0.7769531545972689,0.3363852917042611,0.09062596221901711,0.37853935842661207,0.07538211518378933,0.07510354385571794,0.7856440511307768,0.619011671796063,0.1958573354577767,0.9607065609228551,0.31354851368586284,0.008881675100847034,1598.0,10660.0,6561.0,436.0,False,0.1010838392508862,0.10345745778326676,0.3720647545713892,0.5934797006952237,1.7400933621231103
deit_tiny,0.25,101,raw,1.0,chexpert,pleural_effusion,18933,5642,13291,0.2979982041937358,0.8400419470777535,0.6846159436523749,0.15539829116202816,0.4692736666791982,0.08251649997969732,0.08309548164665283,0.9755405884438143,0.31502520502595743,0.37677984665936476,0.968092485549133,0.5436049382716049,0.05320620747238809,5504.0,4187.0,9104.0,138.0,False,0.24329855584761897,0.3612855998234691,0.7974661460373464,1.1962307794297256,0.5694388499026825
deit_tiny,0.25,101,raw,1.0,nih,cardiomegaly,21329,497,20832,0.023301608139153267,0.8700351591113501,0.18575912393389163,0.02119726088225747,0.08721236368131417,0.006729399054600123,0.007201873580435264,0.8933601609657947,0.6537538402457758,0.057986156458142875,0.9961234640140433,0.10890360559234731,0.008881675100847034,444.0,13619.0,7213.0,53.0,False,0.022759736702063146,0.06865087414056237,-0.7163349091975176,0.7602159979116206,-0.11588331443514728
deit_tiny,0.25,101,raw,1.0,nih,pleural_effusion,21329,2536,18793,0.11889915139012612,0.8653285730759874,0.4693501568557924,0.07918701926987487,0.261863070592967,0.008892988507096473,0.009359804949382744,0.9191640378548895,0.6173575267386793,0.2448015122873346,0.9826374184805624,0.386631282136341,0.05320620747238809,2331.0,11602.0,7191.0,205.0,False,0.10479318686123498,0.2443495455984871,-0.04013518202123632,0.9892118284954283,-0.025723028245812293
deit_tiny,0.25,101,raw,1.0,vinbig,cardiomegaly,14998,1817,13181,0.12114948659821309,0.8791273959361044,0.550888181915853,0.09226517381556203,0.3301383741643072,0.08247842485717159,0.08257918338083159,0.9334067143643369,0.5992716789317958,0.24304958440813987,0.9849127182044888,0.3856736782262649,0.008881675100847034,1696.0,7899.0,5282.0,121.0,False,0.11584294874158528,0.20353224069441622,1.5031273198435484,0.9402172555144853,1.6800426861816795
deit_tiny,0.25,101,raw,1.0,vinbig,pleural_effusion,14998,634,14364,0.04227230297372983,0.9026586357235534,0.5714611151575888,0.028571006654015012,0.12286978364352015,0.03966391351514265,0.03422878585925962,0.9037854889589906,0.6432052353104984,0.10056160056160056,0.9934408602150537,0.18098547062539483,0.05320620747238809,573.0,9239.0,5125.0,61.0,False,0.04553419164022411,0.37253730384057415,0.45428193504501324,1.6772504299184812,-0.6528336093424547
deit_tiny,0.25,101,temperature,1.0,chexpert,cardiomegaly,19255,2034,17221,0.10563490002596729,0.7769531545972689,0.3363852917042611,0.08975748569407213,0.36245632609175854,0.07178801967261005,0.07158092031269908,0.7856440511307768,0.619011671796063,0.1958573354577767,0.9607065609228551,0.31354851368586284,0.011630977171720232,1598.0,10660.0,6561.0,436.0,False,0.1010838392508862,0.11204910340516938,0.3720281488219504,0.6298615224257454,1.5554157292976256
deit_tiny,0.25,101,temperature,1.0,chexpert,pleural_effusion,18933,5642,13291,0.2979982041937358,0.8400419470777535,0.6846159436523749,0.15539258427559466,0.4692538886699736,0.08247248757054354,0.08306144394158432,0.9755405884438143,0.31502520502595743,0.37677984665936476,0.968092485549133,0.5436049382716049,0.053256889199828836,5504.0,4187.0,9104.0,138.0,False,0.24329855584761897,0.36130905613381836,0.7974644294762405,1.1966477181250417,0.5690232756291557
deit_tiny,0.25,101,temperature,1.0,nih,cardiomegaly,21329,497,20832,0.023301608139153267,0.8700351591113501,0.18575912393389163,0.021244871560508645,0.0870077341957637,0.006147130585708203,0.007213648554962466,0.8933601609657947,0.6537538402457758,0.057986156458142875,0.9961234640140433,0.10890360559234731,0.011630977171720232,444.0,13619.0,7213.0,53.0,False,0.022759736702063146,0.0665589923725779,-0.7163832345928999,0.8067972273428207,-0.25141939550468734
deit_tiny,0.25,101,temperature,1.0,nih,pleural_effusion,21329,2536,18793,0.11889915139012612,0.8653285730759874,0.4693501568557924,0.07918658215278924,0.26186349635071643,0.008892421462255025,0.009373127233141267,0.9191640378548895,0.6173575267386793,0.2448015122873346,0.9826374184805624,0.386631282136341,0.053256889199828836,2331.0,11602.0,7191.0,205.0,False,0.10479318686123498,0.24435371683422025,-0.04014496235344004,0.9895540836286579,-0.02618665919083633
deit_tiny,0.25,101,temperature,1.0,vinbig,cardiomegaly,14998,1817,13181,0.12114948659821309,0.8791273959361044,0.550888181915853,0.09097688997386479,0.3177702658216478,0.07864239650785881,0.07880007214110753,0.9334067143643369,0.5992716789317958,0.24304958440813987,0.9849127182044888,0.3856736782262649,0.011630977171720232,1696.0,7899.0,5282.0,121.0,False,0.11584294874158528,0.21465319242857017,1.5031316287042014,0.9978954491954765,1.5090618441577148
deit_tiny,0.25,101,temperature,1.0,vinbig,pleural_effusion,14998,634,14364,0.04227230297372983,0.9026586357235534,0.5714611151575888,0.028575127432406096,0.12290116881411976,0.03970656953471963,0.0342659546946578,0.9037854889589906,0.6432052353104984,0.10056160056160056,0.9934408602150537,0.18098547062539483,0.053256889199828836,573.0,9239.0,5125.0,61.0,False,0.04553419164022411,0.372446805288988,0.45428188517982204,1.6778365333797858,-0.6534913480089866
deit_tiny,0.25,101,logistic,1.0,chexpert,cardiomegaly,19255,2034,17221,0.10563490002596729,0.7769531545972689,0.3363852917042611,0.09173503228565417,0.3631082093700219,0.07632592846217186,0.07632592846217186,0.7856440511307768,0.619011671796063,0.1958573354577767,0.9607065609228551,0.31354851368586284,0.013388731151129185,1598.0,10660.0,6561.0,436.0,False,0.1010838392508862,0.09248567362017823,0.7848871276776471,0.7467559623612592,1.6240137457826391
deit_tiny,0.25,101,logistic,1.0,chexpert,pleural_effusion,18933,5642,13291,0.2979982041937358,0.8400419470777535,0.6846159436523749,0.15732118416202118,0.47367494754962264,0.08837861780612023,0.08909380434026196,0.9755405884438143,0.31502520502595743,0.37677984665936476,0.968092485549133,0.5436049382716049,0.053405958931125125,5504.0,4187.0,9104.0,138.0,False,0.24329855584761897,0.3533821702560641,0.8814871718080773,1.2271101937669173,0.6078671429106794
deit_tiny,0.25,101,logistic,1.0,nih,cardiomegaly,21329,497,20832,0.023301608139153267,0.8700351591113501,0.18575912393389163,0.020688727077153902,0.08543142310443434,0.00196149258416558,0.0026563632970643797,0.8933601609657947,0.6537538402457758,0.057986156458142875,0.9961234640140433,0.10890360559234731,0.013388731151129185,444.0,13619.0,7213.0,53.0,False,0.022759736702063146,0.09099444567482673,-0.18894348310220185,0.9561650248697565,-0.07028094078804069
deit_tiny,0.25,101,logistic,1.0,nih,pleural_effusion,21329,2536,18793,0.11889915139012612,0.8653285730759874,0.4693501568557924,0.07915603780216052,0.26184724322749175,0.009546340469353466,0.009089609830316949,0.9191640378548895,0.6173575267386793,0.2448015122873346,0.9826374184805624,0.386631282136341,0.053405958931125125,2331.0,11602.0,7191.0,205.0,False,0.10479318686123498,0.24464518951048464,0.02947931848870113,1.0147992082424289,0.009079896944072427
deit_tiny,0.25,101,logistic,1.0,vinbig,cardiomegaly,14998,1817,13181,0.12114948659821309,0.8791273959361044,0.550888181915853,0.09588513331702551,0.332265431971658,0.0854476010543752,0.08573308776678323,0.9334067143643369,0.5992716789317958,0.24304958440813987,0.9849127182044888,0.3856736782262649,0.013388731151129185,1696.0,7899.0,5282.0,121.0,False,0.11584294874158528,0.17228338575082658,2.157310110213163,1.1831074939118993,1.6129766655566167
deit_tiny,0.25,101,logistic,1.0,vinbig,pleural_effusion,14998,634,14364,0.04227230297372983,0.9026586357235534,0.5714611151575888,0.028649956539111048,0.12310730120963714,0.03907044610923163,0.03493007463684949,0.9037854889589906,0.6432052353104984,0.10056160056160056,0.9934408602150537,0.18098547062539483,0.053405958931125125,573.0,9239.0,5125.0,61.0,False,0.04553419164022411,0.37080344446474867,0.5720545055540753,1.7205167566676893,-0.6320369798984538
deit_tiny,0.5,17,raw,1.0,chexpert,cardiomegaly,19255,2034,17221,0.10563490002596729,0.7966145556318955,0.37750603547827244,0.09061304903297575,0.3572681743615827,0.07773815020894839,0.0777381502089484,0.8323500491642084,0.5755182625863771,0.18804842830167723,0.9667381974248928,0.30678626438343753,0.01073516260909068,1693.0,9911.0,7310.0,341.0,False,0.1010838392508862,0.10358520506846158,1.0156436949257417,0.7940612824122054,1.7040621013773978
deit_tiny,0.5,17,raw,1.0,chexpert,pleural_effusion,18933,5642,13291,0.2979982041937358,0.8513070762343252,0.7138328821708466,0.18520387754449005,0.5466692850248883,0.16398154195400255,0.16398154195400258,0.956575682382134,0.4219396584154691,0.41261467889908254,0.9581411242098069,0.5765409678453157,0.04130730379300428,5397.0,5608.0,7683.0,245.0,False,0.24329855584761897,0.23877937992987663,1.8984672935324314,1.3701093150182044,1.2376127799534415
deit_tiny,0.5,17,raw,1.0,nih,cardiomegaly,21329,497,20832,0.023301608139153267,0.8793706942113511,0.20327501234070816,0.020438131030602675,0.0840858434188543,0.004393239489651783,0.00364842007555171,0.8933601609657947,0.6684427803379416,0.06039994558563461,0.9962083273715839,0.11314984709480122,0.01073516260909068,444.0,13925.0,6907.0,53.0,False,0.022759736702063146,0.10200494416308514,-0.04951406430989446,0.9235137255471446,0.17010971003039704
deit_tiny,0.5,17,raw,1.0,nih,pleural_effusion,21329,2536,18793,0.11889915139012612,0.8673824118349994,0.47703704640724376,0.07976521249480063,0.26291719864671426,0.020757293889672967,0.021193987461688022,0.9207413249211357,0.6022455169477997,0.23802242609582058,0.9825505686257487,0.3782601652357039,0.04130730379300428,2335.0,11318.0,7475.0,201.0,False,0.10479318686123498,0.23883207597814438,0.39438266622209084,1.0771886092877172,0.2723851337508209
deit_tiny,0.5,17,raw,1.0,vinbig,cardiomegaly,14998,1817,13181,0.12114948659821309,0.8995607785376101,0.568241213393002,0.10301137849431309,0.3878126231458078,0.1005566500307051,0.10096329366331985,0.8811227297743534,0.7572263105985889,0.33347219329306393,0.9788172992056487,0.4838319734058628,0.01073516260909068,1601.0,9981.0,3200.0,216.0,False,0.11584294874158528,0.11076695117538837,2.9358901153974686,1.1459907583163356,2.3930423605645754
deit_tiny,0.5,17,raw,1.0,vinbig,pleural_effusion,14998,634,14364,0.04227230297372983,0.8808636558096961,0.5734371219908276,0.029274186757528683,0.12448650799687604,0.03722663207181999,0.03246741505438919,0.8832807570977917,0.6063770537454748,0.09011908593498552,0.9915755919854281,0.16355140186915887,0.04130730379300428,560.0,8710.0,5654.0,74.0,False,0.04553419164022411,0.357094400866263,0.4073589357159235,1.5786966753843124,-0.5606912746542949
deit_tiny,0.5,17,temperature,1.0,chexpert,cardiomegaly,19255,2034,17221,0.10563490002596729,0.7966145556318955,0.37750603547827244,0.08971884203012058,0.34500655247589956,0.07445419874760785,0.07445419874760784,0.8323500491642084,0.5755182625863771,0.18804842830167723,0.9667381974248928,0.30678626438343753,0.01332031480752372,1693.0,9911.0,7310.0,341.0,False,0.1010838392508862,0.11243139660097523,1.0155977346654692,0.8343234196186329,1.5455133032740116
deit_tiny,0.5,17,temperature,1.0,chexpert,pleural_effusion,18933,5642,13291,0.2979982041937358,0.8513070762343252,0.7138328821708466,0.1801216780311248,0.527608255788696,0.14934018479220065,0.14934018479220065,0.956575682382134,0.4219396584154691,0.41261467889908254,0.9581411242098069,0.5765409678453157,0.0546499759212873,5397.0,5608.0,7683.0,245.0,False,0.24329855584761897,0.2596681167974654,1.8983297870383071,1.5113011645552985,1.063831104785285
deit_tiny,0.5,17,temperature,1.0,nih,cardiomegaly,21329,497,20832,0.023301608139153267,0.8793706942113511,0.20327501234070816,0.020406817589374984,0.0837055624033125,0.0024549486729366346,0.002429850239045556,0.8933601609657947,0.6684427803379416,0.06039994558563461,0.9962083273715839,0.11314984709480122,0.01332031480752372,444.0,13925.0,6907.0,53.0,False,0.022759736702063146,0.1033807703265246,-0.04976946746654695,0.9703111458700747,0.03250802488761504
deit_tiny,0.5,17,temperature,1.0,nih,pleural_effusion,21329,2536,18793,0.11889915139012612,0.8673824118349994,0.47703704640724376,0.0794176886282652,0.26201078420329577,0.01591505145936369,0.016250488522832396,0.9207413249211357,0.6022455169477997,0.23802242609582058,0.9825505686257487,0.3782601652357039,0.0546499759212873,2335.0,11318.0,7475.0,201.0,False,0.10479318686123498,0.242148359001349,0.39432835282574213,1.188217250149366,0.11779982263732745
deit_tiny,0.5,17,temperature,1.0,vinbig,cardiomegaly,14998,1817,13181,0.12114948659821309,0.8995607785376101,0.568241213393002,0.10180520657817418,0.3727670202807948,0.09812931473452588,0.09870131281523074,0.8811227297743534,0.7572263105985889,0.33347219329306393,0.9788172992056487,0.4838319734058628,0.01332031480752372,1601.0,9981.0,3200.0,216.0,False,0.11584294874158528,0.12117908181641301,2.936198318814066,1.2041931540995676,2.210540622316844
deit_tiny,0.5,17,temperature,1.0,vinbig,pleural_effusion,14998,634,14364,0.04227230297372983,0.8808636558096961,0.5734371219908276,0.030552264321209065,0.13301584137914035,0.048641479707439504,0.04270214176356336,0.8832807570977917,0.6063770537454748,0.09011908593498552,0.9915755919854281,0.16355140186915887,0.0546499759212873,560.0,8710.0,5654.0,74.0,False,0.04553419164022411,0.32902587658502036,0.4073679724874481,1.7414725465167518,-0.7442885483057177
deit_tiny,0.5,17,logistic,1.0,chexpert,cardiomegaly,19255,2034,17221,0.10563490002596729,0.7966145556318955,0.37750603547827244,0.08923392860627309,0.3442675569080495,0.0736337792985031,0.0736337792985031,0.8323500491642084,0.5755182625863771,0.18804842830167723,0.9667381974248928,0.30678626438343753,0.012960452356144994,1693.0,9911.0,7310.0,341.0,False,0.1010838392508862,0.11722853754300011,0.9207805118410248,0.807104484504621,1.5336328726530708
deit_tiny,0.5,17,logistic,1.0,chexpert,pleural_effusion,18933,5642,13291,0.2979982041937358,0.8513070762343252,0.7138328821708466,0.16902322980517534,0.5023281391941935,0.13257848142686715,0.13257848142686712,0.956575682382134,0.4219396584154691,0.41261467889908254,0.9581411242098069,0.5765409678453157,0.05123927565272665,5397.0,5608.0,7683.0,245.0,False,0.24329855584761897,0.30528469757528376,1.434802921916828,1.3172510976307568,0.9592583298080527
deit_tiny,0.5,17,logistic,1.0,nih,cardiomegaly,21329,497,20832,0.023301608139153267,0.8793706942113511,0.20327501234070816,0.020448830724885084,0.08376453630743956,0.003323407428838861,0.002943924901029849,0.8933601609657947,0.6684427803379416,0.06039994558563461,0.9962083273715839,0.11314984709480122,0.012960452356144994,444.0,13925.0,6907.0,53.0,False,0.022759736702063146,0.10153482913396716,-0.16047070162115218,0.9384624906406452,0.006888781431055646
deit_tiny,0.5,17,logistic,1.0,nih,pleural_effusion,21329,2536,18793,0.11889915139012612,0.8673824118349994,0.47703704640724376,0.0784400708457903,0.2597717511578968,0.00754026119548416,0.008029348537259865,0.9207413249211357,0.6022455169477997,0.23802242609582058,0.9825505686257487,0.3782601652357039,0.05123927565272665,2335.0,11318.0,7475.0,201.0,False,0.10479318686123498,0.25147737944396087,0.029930631912955655,1.035693860310551,-0.015589634160608061
deit_tiny,0.5,17,logistic,1.0,vinbig,cardiomegaly,14998,1817,13181,0.12114948659821309,0.8995607785376101,0.568241213393002,0.1011654046571811,0.3711291711773518,0.09757794255997555,0.09809054965412074,0.8811227297743534,0.7572263105985889,0.33347219329306393,0.9788172992056487,0.4838319734058628,0.012960452356144994,1601.0,9981.0,3200.0,216.0,False,0.11584294874158528,0.1267020931687941,2.798874646669252,1.1647770971117744,2.214601458259446
deit_tiny,0.5,17,logistic,1.0,vinbig,pleural_effusion,14998,634,14364,0.04227230297372983,0.8808636558096961,0.5734371219908276,0.030543346659633548,0.13241058668208616,0.048351013942886795,0.04077973358351814,0.8832807570977917,0.6063770537454748,0.09011908593498552,0.9915755919854281,0.16355140186915887,0.05123927565272665,560.0,8710.0,5654.0,74.0,False,0.04553419164022411,0.3292217219762371,-0.12672135507209165,1.5178950949331314,-0.8366704372593241
deit_tiny,0.5,43,raw,1.0,chexpert,cardiomegaly,19255,2034,17221,0.10563490002596729,0.7945703626012397,0.37629593990131216,0.09377848202357295,0.42309866259481865,0.08777770688802511,0.08777331430951102,0.8279252704031466,0.5871319900121944,0.19149420059131225,0.9665423955644776,0.3110454377539712,0.003551884549034501,1684.0,10111.0,7110.0,350.0,False,0.1010838392508862,0.07227027862665203,0.968003747703469,0.6326555972650117,2.449298953048095
deit_tiny,0.5,43,raw,1.0,chexpert,pleural_effusion,18933,5642,13291,0.2979982041937358,0.8420817449532005,0.6946461575758408,0.15436124456197495,0.4686818354194113,0.08786691981704467,0.08786691981704467,0.9682736618220489,0.3645323903393274,0.39276727298871233,0.9643710191082803,0.558846094828909,0.04778006636357074,5463.0,4845.0,8446.0,179.0,False,0.24329855584761897,0.3655480443597314,0.7472595776897988,1.1003271361256939,0.6306847549165717
deit_tiny,0.5,43,raw,1.0,nih,cardiomegaly,21329,497,20832,0.023301608139153267,0.882877333123163,0.2091723935826934,0.020577656704623165,0.08710880213801252,0.009812587319285453,0.007653276655725034,0.9336016096579477,0.6336885560675883,0.05731933292155652,0.9975064228502343,0.10800744878957169,0.003551884549034501,464.0,13201.0,7631.0,33.0,False,0.022759736702063146,0.09587457122217846,-0.23651483863271155,0.7543029806507623,0.5141118225053597
deit_tiny,0.5,43,raw,1.0,nih,pleural_effusion,21329,2536,18793,0.11889915139012612,0.8707557482054613,0.5034182016684206,0.07703492201516486,0.25650629914766465,0.009966107276234903,0.010283189371162012,0.9191640378548895,0.6135263129888788,0.24296435272045028,0.9825308904985087,0.3843363561417972,0.04778006636357074,2331.0,11530.0,7263.0,205.0,False,0.10479318686123498,0.2648861598495621,-0.158745033173383,0.9181211022651355,-0.06077186525932114
deit_tiny,0.5,43,raw,1.0,vinbig,cardiomegaly,14998,1817,13181,0.12114948659821309,0.8736470128844503,0.5371291570688171,0.10094299358209792,0.393087814125694,0.09752469610960347,0.0975246961096035,0.9367088607594937,0.559062286624687,0.22651051370774555,0.9846338856226616,0.36480548708605726,0.003551884549034501,1702.0,7369.0,5812.0,115.0,False,0.11584294874158528,0.12862202940573608,1.9176769815755623,0.8875357301033768,2.3223542333803753
deit_tiny,0.5,43,raw,1.0,vinbig,pleural_effusion,14998,634,14364,0.04227230297372983,0.9023769224146942,0.563289056478339,0.03040959859035953,0.1283044331540355,0.04645171810737279,0.04201894277422635,0.9242902208201893,0.5984405458089669,0.09222536984576644,0.994447015270708,0.16771608471665714,0.04778006636357074,586.0,8596.0,5768.0,48.0,False,0.04553419164022411,0.33215903269717384,-0.3503217793997801,1.4361939654681382,-0.8927596642496175
deit_tiny,0.5,43,temperature,1.0,chexpert,cardiomegaly,19255,2034,17221,0.10563490002596729,0.7945703626012397,0.37629593990131216,0.09059494466605325,0.36141542243750974,0.0780914300910185,0.07809143009101852,0.8279252704031466,0.5871319900121944,0.19149420059131225,0.9665423955644776,0.3110454377539712,0.009660803946811326,1684.0,10111.0,7110.0,350.0,False,0.1010838392508862,0.10376430755464194,0.9678366182449599,0.7701819068541798,1.746711566103356
deit_tiny,0.5,43,temperature,1.0,chexpert,pleural_effusion,18933,5642,13291,0.2979982041937358,0.8420817449532005,0.6946461575758408,0.1535640127296516,0.46527690470300265,0.08180233644717659,0.08180233644717656,0.9682736618220489,0.3645323903393274,0.39276727298871233,0.9643710191082803,0.558846094828909,0.055143794968679875,5463.0,4845.0,8446.0,179.0,False,0.24329855584761897,0.3688248078799501,0.7472639895368244,1.1588569435389209,0.5706646113094573
deit_tiny,0.5,43,temperature,1.0,nih,cardiomegaly,21329,497,20832,0.023301608139153267,0.882877333123163,0.2091723935826934,0.020380310505779316,0.08315057173223517,0.003500667022039124,0.004319280275485574,0.9336016096579477,0.6336885560675883,0.05731933292155652,0.9975064228502343,0.10800744878957169,0.009660803946811326,464.0,13201.0,7631.0,33.0,False,0.022759736702063146,0.1045454184040775,-0.23651290999975172,0.918298939192782,-0.019370273723676147
deit_tiny,0.5,43,temperature,1.0,nih,pleural_effusion,21329,2536,18793,0.11889915139012612,0.8707557482054613,0.5034182016684206,0.07709187213696636,0.25649852543754775,0.00985384186318552,0.011217228002514006,0.9191640378548895,0.6135263129888788,0.24296435272045028,0.9825308904985087,0.3843363561417972,0.055143794968679875,2331.0,11530.0,7263.0,205.0,False,0.10479318686123498,0.26434270732648046,-0.15868049842207313,0.9669496167221058,-0.12042565738393333
deit_tiny,0.5,43,temperature,1.0,vinbig,cardiomegaly,14998,1817,13181,0.12114948659821309,0.8736470128844503,0.5371291570688171,0.09631118540159495,0.3396455239460141,0.08635929884639187,0.08635929884639192,0.9367088607594937,0.559062286624687,0.22651051370774555,0.9846338856226616,0.36480548708605726,0.009660803946811326,1702.0,7369.0,5812.0,115.0,False,0.11584294874158528,0.16860554355846458,1.917677518115424,1.0805249763713374,1.67438720814654
deit_tiny,0.5,43,temperature,1.0,vinbig,pleural_effusion,14998,634,14364,0.04227230297372983,0.9023769224146942,0.563289056478339,0.03127375328306365,0.13329363256197208,0.052553100022659116,0.047940556152928714,0.9242902208201893,0.5984405458089669,0.09222536984576644,0.994447015270708,0.16771608471665714,0.055143794968679875,586.0,8596.0,5768.0,48.0,False,0.04553419164022411,0.3131808832763606,-0.3507740976986506,1.5123580859692503,-0.966745928684849
deit_tiny,0.5,43,logistic,1.0,chexpert,cardiomegaly,19255,2034,17221,0.10563490002596729,0.7945703626012397,0.37629593990131216,0.090837220663488,0.3615475367911785,0.07846798042155823,0.07846798042155823,0.8279252704031466,0.5871319900121944,0.19149420059131225,0.9665423955644776,0.3110454377539712,0.009859427854003558,1684.0,10111.0,7110.0,350.0,False,0.1010838392508862,0.10136752485198441,1.0174738689144203,0.7843849400612432,1.7501404297534662
deit_tiny,0.5,43,logistic,1.0,chexpert,pleural_effusion,18933,5642,13291,0.2979982041937358,0.8420817449532005,0.6946461575758408,0.16110532500684258,0.4823000439220537,0.10295882412790144,0.10295882412790144,0.9682736618220489,0.3645323903393274,0.39276727298871233,0.9643710191082803,0.558846094828909,0.05542610908801396,5463.0,4845.0,8446.0,179.0,False,0.24329855584761897,0.3378286835876456,1.0529628586544413,1.268862847536856,0.7115501812493109
deit_tiny,0.5,43,logistic,1.0,nih,cardiomegaly,21329,497,20832,0.023301608139153267,0.882877333123163,0.2091723935826934,0.020347382081314848,0.08308105475393633,0.0034422769386903045,0.003995385634380088,0.9336016096579477,0.6336885560675883,0.05731933292155652,0.9975064228502343,0.10800744878957169,0.009859427854003558,464.0,13201.0,7631.0,33.0,False,0.022759736702063146,0.10599220247260688,-0.1772391337618852,0.9352546205142351,-0.003312926924167534
deit_tiny,0.5,43,logistic,1.0,nih,pleural_effusion,21329,2536,18793,0.11889915139012612,0.8707557482054613,0.5034182016684206,0.07693486258595936,0.2560869940257829,0.00620826256635527,0.007401800942341284,0.9191640378548895,0.6135263129888788,0.24296435272045028,0.9825308904985087,0.3843363561417972,0.05542610908801396,2331.0,11530.0,7263.0,205.0,False,0.10479318686123498,0.26584098746958673,0.09649146770336725,1.058784933926874,0.01806705599406749
deit_tiny,0.5,43,logistic,1.0,vinbig,cardiomegaly,14998,1817,13181,0.12114948659821309,0.8736470128844503,0.5371291570688171,0.09678545720753226,0.3410135620471689,0.08693818486806675,0.0869456184037183,0.9367088607594937,0.559062286624687,0.22651051370774555,0.9846338856226616,0.36480548708605726,0.009859427854003558,1702.0,7369.0,5812.0,115.0,False,0.11584294874158528,0.16451145055505445,1.9873172053423944,1.100451397507848,1.6823540609204475
deit_tiny,0.5,43,logistic,1.0,vinbig,pleural_effusion,14998,634,14364,0.04227230297372983,0.9023769224146942,0.563289056478339,0.03044651587802687,0.13120235356915122,0.04966338697990306,0.04230006682483989,0.9242902208201893,0.5984405458089669,0.09222536984576644,0.994447015270708,0.16771608471665714,0.05542610908801396,586.0,8596.0,5768.0,48.0,False,0.04553419164022411,0.33134827299468406,0.04897439268829448,1.6562544457252173,-0.8528916784751276
deit_tiny,0.5,101,raw,1.0,chexpert,cardiomegaly,19255,2034,17221,0.10563490002596729,0.79872291250815,0.3648526690544555,0.09145755744393892,0.3578886895469016,0.07809128192149796,0.07809128192149796,0.8485742379547689,0.5689565065907903,0.18865449775931795,0.9695230556105284,0.3086828221407493,0.010902373729285243,1726.0,9798.0,7423.0,308.0,False,0.1010838392508862,0.09523067068174185,1.0503017399853578,0.8067897290324034,1.6954239666584439
deit_tiny,0.5,101,raw,1.0,chexpert,pleural_effusion,18933,5642,13291,0.2979982041937358,0.8533903011611672,0.718573500312282,0.15468279613520888,0.47094612591177304,0.10630026788666734,0.10630026788666734,0.9704005671747608,0.3514408246181627,0.3884356154664775,0.9654816039685821,0.5547955616355069,0.03656250415974464,5475.0,4671.0,8620.0,167.0,False,0.24329855584761897,0.36422641064878036,0.9700225572335412,1.1292759234096676,0.7979920395401786
deit_tiny,0.5,101,raw,1.0,nih,cardiomegaly,21329,497,20832,0.023301608139153267,0.8760105274504169,0.1903625166145028,0.020525491190551796,0.08457987219718698,0.004004713535109045,0.003022417984861783,0.8812877263581489,0.6733870967741935,0.06048053024026512,0.9958117413217861,0.11319291898178059,0.010902373729285243,438.0,14028.0,6804.0,59.0,False,0.022759736702063146,0.09816657990199062,-0.024513424516367028,0.9459434055736985,0.1283218591282054
deit_tiny,0.5,101,raw,1.0,nih,pleural_effusion,21329,2536,18793,0.11889915139012612,0.8688885686512244,0.4903401678516805,0.07801354025407224,0.25899212951588374,0.010573923890667757,0.010522920523919616,0.9235015772870663,0.6014473474165913,0.23820179007323028,0.9831260328781422,0.37871927554980594,0.03656250415974464,2342.0,11303.0,7490.0,194.0,False,0.10479318686123498,0.25554759244628955,-0.05163737318409999,0.9107151396006204,0.06806564465881722
deit_tiny,0.5,101,raw,1.0,vinbig,cardiomegaly,14998,1817,13181,0.12114948659821309,0.8584818828088345,0.47792119940737665,0.0995840755289742,0.3512869595755931,0.08707159712318525,0.08728295809068633,0.9400110071546505,0.5698353690918747,0.2314990512333966,0.9856955380577428,0.3715062533985862,0.010902373729285243,1708.0,7511.0,5670.0,109.0,False,0.11584294874158528,0.14035272227816198,1.657010532606868,1.0047891619843639,1.6427987786770528
deit_tiny,0.5,101,raw,1.0,vinbig,pleural_effusion,14998,634,14364,0.04227230297372983,0.8900613674916348,0.5669772983272018,0.02759955923828758,0.11634859074742882,0.027770626378697955,0.02037158206820257,0.8801261829652997,0.6382623224728488,0.09697601668404589,0.9917784508870618,0.17470256731371323,0.03656250415974464,558.0,9168.0,5196.0,76.0,False,0.04553419164022411,0.3938717644016192,0.20491371579756415,1.3932106256902892,-0.47875390550402697
deit_tiny,0.5,101,temperature,1.0,chexpert,cardiomegaly,19255,2034,17221,0.10563490002596729,0.79872291250815,0.3648526690544555,0.0907274238485406,0.3479363268236616,0.07542346920822464,0.07542346920822464,0.8485742379547689,0.5689565065907903,0.18865449775931795,0.9695230556105284,0.3086828221407493,0.012972995891146616,1726.0,9798.0,7423.0,308.0,False,0.1010838392508862,0.10245372038789868,1.0502425374730462,0.8395443096822615,1.5672743793873123
deit_tiny,0.5,101,temperature,1.0,chexpert,pleural_effusion,18933,5642,13291,0.2979982041937358,0.8533903011611672,0.718573500312282,0.15256303921756995,0.46205530442054776,0.09314180474261967,0.09314180474261967,0.9704005671747608,0.3514408246181627,0.3884356154664775,0.9654816039685821,0.5547955616355069,0.05056775858647015,5475.0,4671.0,8620.0,167.0,False,0.24329855584761897,0.37293898565874695,0.9700735094274751,1.2598294817784546,0.6557644723076159
deit_tiny,0.5,101,temperature,1.0,nih,cardiomegaly,21329,497,20832,0.023301608139153267,0.8760105274504169,0.1903625166145028,0.020510004194728093,0.0843640915541465,0.0026478113180758624,0.0023578921207406717,0.8812877263581489,0.6733870967741935,0.06048053024026512,0.9958117413217861,0.11319291898178059,0.012972995891146616,438.0,14028.0,6804.0,59.0,False,0.022759736702063146,0.09884703574497489,-0.02426895423053987,0.9844492811160581,0.018458524659491764
deit_tiny,0.5,101,temperature,1.0,nih,pleural_effusion,21329,2536,18793,0.11889915139012612,0.8688885686512244,0.4903401678516805,0.07792853434413649,0.2584066322111974,0.00707047107319505,0.007995558085809143,0.9235015772870663,0.6014473474165913,0.23820179007323028,0.9831260328781422,0.37871927554980594,0.05056775858647015,2342.0,11303.0,7490.0,194.0,False,0.10479318686123498,0.2563587702764696,-0.05163807657371663,1.0159719589771325,-0.07158049074689235
deit_tiny,0.5,101,temperature,1.0,vinbig,cardiomegaly,14998,1817,13181,0.12114948659821309,0.8584818828088345,0.47792119940737665,0.09858834240136254,0.34222724778463076,0.08412308477068214,0.08444126192399426,0.9400110071546505,0.5698353690918747,0.2314990512333966,0.9856955380577428,0.3715062533985862,0.012972995891146616,1708.0,7511.0,5670.0,109.0,False,0.11584294874158528,0.1489482659726935,1.656959263454703,1.0455884381798035,1.5262207669872636
deit_tiny,0.5,101,temperature,1.0,vinbig,pleural_effusion,14998,634,14364,0.04227230297372983,0.8900613674916348,0.5669772983272018,0.02874066117316107,0.12444150811332272,0.03977023835698917,0.031155330540287896,0.8801261829652997,0.6382623224728488,0.09697601668404589,0.9917784508870618,0.17470256731371323,0.05056775858647015,558.0,9168.0,5196.0,76.0,False,0.04553419164022411,0.3688114329502652,0.2050844226905461,1.5542835812425189,-0.6823694956083284
deit_tiny,0.5,101,logistic,1.0,chexpert,cardiomegaly,19255,2034,17221,0.10563490002596729,0.79872291250815,0.3648526690544555,0.08974582907884569,0.34677772261780526,0.07370166003347936,0.07370166003347936,0.8485742379547689,0.5689565065907903,0.18865449775931795,0.9695230556105284,0.3086828221407493,0.012058263441264408,1726.0,9798.0,7423.0,308.0,False,0.1010838392508862,0.1121644197140158,0.8368202640192808,0.7770038312018422,1.5455519237588986
deit_tiny,0.5,101,logistic,1.0,chexpert,pleural_effusion,18933,5642,13291,0.2979982041937358,0.8533903011611672,0.718573500312282,0.1537629680368393,0.46474764756981896,0.09621323977798087,0.09621323977798088,0.9704005671747608,0.3514408246181627,0.3884356154664775,0.9654816039685821,0.5547955616355069,0.050718621885042246,5475.0,4671.0,8620.0,167.0,False,0.24329855584761897,0.3680070664572993,1.0182856861272882,1.2776454018745014,0.6760346736416373
deit_tiny,0.5,101,logistic,1.0,nih,cardiomegaly,21329,497,20832,0.023301608139153267,0.8760105274504169,0.1903625166145028,0.020604493943273194,0.08456116177283134,0.003350258477103702,0.004083143006582847,0.8812877263581489,0.6733870967741935,0.06048053024026512,0.9958117413217861,0.11319291898178059,0.012058263441264408,438.0,14028.0,6804.0,59.0,False,0.022759736702063146,0.09469541704296525,-0.27480890768391025,0.9110362675714052,-0.0407271454523393
deit_tiny,0.5,101,logistic,1.0,nih,pleural_effusion,21329,2536,18793,0.11889915139012612,0.8688885686512244,0.4903401678516805,0.07789045114782805,0.2583532497704694,0.006585045691432412,0.0067691878602196675,0.9235015772870663,0.6014473474165913,0.23820179007323028,0.9831260328781422,0.37871927554980594,0.050718621885042246,2342.0,11303.0,7490.0,194.0,False,0.10479318686123498,0.2567221831800095,-0.012773331576618514,1.0303673524985617,-0.051457386850547154
deit_tiny,0.5,101,logistic,1.0,vinbig,cardiomegaly,14998,1817,13181,0.12114948659821309,0.8584818828088345,0.47792119940737665,0.0967944699408366,0.3369691643314656,0.08140296976312876,0.08161768883121921,0.9400110071546505,0.5698353690918747,0.2314990512333966,0.9856955380577428,0.3715062533985862,0.012058263441264408,1708.0,7511.0,5670.0,109.0,False,0.11584294874158528,0.1644336492438634,1.3911144018015924,0.9676837246696157,1.4814737254207857
deit_tiny,0.5,101,logistic,1.0,vinbig,pleural_effusion,14998,634,14364,0.04227230297372983,0.8900613674916348,0.5669772983272018,0.02875056689614915,0.12449166779274523,0.039770381744643035,0.03125140039164066,0.8801261829652997,0.6382623224728488,0.09697601668404589,0.9917784508870618,0.17470256731371323,0.050718621885042246,558.0,9168.0,5196.0,76.0,False,0.04553419164022411,0.3685938882298857,0.2643095396144082,1.5761622516870055,-0.6700344563215774
deit_tiny,1.0,17,raw,1.0,chexpert,cardiomegaly,19255,2034,17221,0.10563490002596729,0.806073819569382,0.387362801957551,0.08290848100934706,0.32748527472203326,0.057068185702462304,0.05676733704775745,0.8190757128810227,0.6201730445386446,0.20299744120872426,0.9666908037653874,0.3253588516746411,0.011597361823632971,1666.0,10680.0,6541.0,368.0,False,0.1010838392508862,0.1798047875529203,0.09313840657054712,0.591961372366042,1.1757245850744507
deit_tiny,1.0,17,raw,1.0,chexpert,pleural_effusion,18933,5642,13291,0.2979982041937358,0.8512965745291283,0.7142636782083611,0.15647972696306892,0.4752972060214319,0.10787063493910466,0.10787063493910469,0.9578163771712159,0.3977879768264239,0.40304295942720764,0.9569230769230769,0.5673490813648294,0.050424069043413594,5404.0,5287.0,8004.0,238.0,False,0.24329855584761897,0.3568407078376816,1.0249696037733915,1.1656072381398432,0.7992149971987389
deit_tiny,1.0,17,raw,1.0,nih,cardiomegaly,21329,497,20832,0.023301608139153267,0.8960791438338171,0.2290387751095294,0.0209736924850623,0.08291338787860848,0.008656672937288641,0.010871279413516113,0.8913480885311871,0.7106374807987711,0.06845927986400865,0.9963655942926369,0.12715269804822044,0.011597361823632971,443.0,14804.0,6028.0,54.0,False,0.022759736702063146,0.07847385232883397,-0.8355776898948366,0.7822123409985101,-0.401499803665139
deit_tiny,1.0,17,raw,1.0,nih,pleural_effusion,21329,2536,18793,0.11889915139012612,0.878443742728558,0.4998085618918333,0.07680797099582212,0.2521325111289746,0.007610130604961634,0.008511036361769359,0.9282334384858044,0.6275740967381472,0.2516839516732599,0.9848029392117569,0.3959962991000084,0.050424069043413594,2354.0,11794.0,6999.0,182.0,False,0.10479318686123498,0.26705186380551926,-0.13730742594362277,0.9563434783950269,-0.08689902397514225
deit_tiny,1.0,17,raw,1.0,vinbig,cardiomegaly,14998,1817,13181,0.12114948659821309,0.867019630205199,0.5170487470585491,0.09126223019477471,0.3297244190688811,0.07688020665799243,0.07691954861697446,0.9020363236103467,0.6559441620514377,0.26546809199870425,0.979827742520399,0.41021148792391443,0.011597361823632971,1639.0,8646.0,4535.0,178.0,False,0.11584294874158528,0.2121900280840019,0.9439423343927322,0.7909876738609943,1.5096349954876331
deit_tiny,1.0,17,raw,1.0,vinbig,pleural_effusion,14998,634,14364,0.04227230297372983,0.916669741300324,0.6563808686182694,0.024881710089923407,0.1072358547933163,0.032781423917227694,0.02611023120535554,0.8990536277602523,0.7208298524087998,0.12445414847161572,0.9938567863313496,0.2186421173762946,0.050424069043413594,570.0,10354.0,4010.0,64.0,False,0.04553419164022411,0.4535598592258012,0.31467734222860133,1.5613411099735401,-0.5534174809415869
deit_tiny,1.0,17,temperature,0.1,chexpert,cardiomegaly,19255,2034,17221,0.10563490002596729,0.806073819569382,0.387362801957551,0.08299991600982283,0.32900153432032736,0.05775114449020742,0.057233346125000084,0.8510324483775811,0.5692468497764357,0.18920100557437972,0.9700178112012666,0.30957703657337027,0.008509012708089791,1731.0,9803.0,7418.0,303.0,False,0.1010838392508862,0.17890024137468463,0.09313698952558941,0.5875531526488639,1.193907262612658
deit_tiny,1.0,17,temperature,0.1,chexpert,pleural_effusion,18933,5642,13291,0.2979982041937358,0.8512965745291283,0.7142636782083611,0.15523508854120274,0.47015024444310755,0.10087801000837071,0.10091592275148967,0.9595887982984758,0.39003837183056206,0.40041417054951556,0.9578713968957872,0.565047226425925,0.05701102531543038,5414.0,5184.0,8107.0,228.0,False,0.24329855584761897,0.3619563913958105,1.0249725734203028,1.2332977633443205,0.7225631308023063
deit_tiny,1.0,17,temperature,0.1,nih,cardiomegaly,21329,497,20832,0.023301608139153267,0.8960791438338171,0.2290387751095294,0.02096155245695267,0.08289489352562789,0.008766473211180298,0.010690094160406047,0.9235412474849095,0.6706509216589862,0.06270491803278688,0.997287458062674,0.11743635665856467,0.008509012708089791,459.0,13971.0,6861.0,38.0,False,0.022759736702063146,0.07900725165012434,-0.8356255273339848,0.7763259668997505,-0.38803427950502434
deit_tiny,1.0,17,temperature,0.1,nih,pleural_effusion,21329,2536,18793,0.11889915139012612,0.878443742728558,0.4998085618918333,0.0768550334880737,0.2526049280816719,0.011920586253260718,0.011882618604231506,0.9313880126182965,0.6212951630926409,0.24918240320708934,0.9853164556962025,0.3931751976695797,0.05701102531543038,2362.0,11676.0,7117.0,174.0,False,0.10479318686123498,0.2666027650266656,-0.13722968807961322,1.0119340183167653,-0.1505345686557078
deit_tiny,1.0,17,temperature,0.1,vinbig,cardiomegaly,14998,1817,13181,0.12114948659821309,0.867019630205199,0.5170487470585491,0.0914049598986996,0.33130019781843484,0.07734483340788258,0.07738185448949271,0.9223995597138139,0.611865564069494,0.24676089517078917,0.9828174506458689,0.3893599721221977,0.008509012708089791,1676.0,8065.0,5116.0,141.0,False,0.11584294874158528,0.2109579314784219,0.9439415938096732,0.7850977936511464,1.5292008665331762
deit_tiny,1.0,17,temperature,0.1,vinbig,pleural_effusion,14998,634,14364,0.04227230297372983,0.916669741300324,0.6563808686182694,0.02550834922206536,0.11165126802348163,0.03903436777668185,0.0313318986570749,0.9037854889589906,0.7140072403230298,0.12240974150822474,0.9940874285160415,0.21561618062088428,0.05701102531543038,573.0,10256.0,4108.0,61.0,False,0.04553419164022411,0.43979791222357556,0.3143721266013497,1.651970680641622,-0.6526614007312136
deit_tiny,1.0,17,logistic,0.1,chexpert,cardiomegaly,19255,2034,17221,0.10563490002596729,0.806073819569382,0.387362801957551,0.08666027987242095,0.33004861415802533,0.06823494919017849,0.06815963839869897,0.8510324483775811,0.5692468497764357,0.18920100557437972,0.9700178112012666,0.30957703657337027,0.011651075868954258,1731.0,9803.0,7418.0,303.0,False,0.1010838392508862,0.14268907359826855,0.6606347053620154,0.7573474255855207,1.3720630092563457
deit_tiny,1.0,17,logistic,0.1,chexpert,pleural_effusion,18933,5642,13291,0.2979982041937358,0.8512965745291283,0.7142636782083611,0.14870712206900072,0.4553038012997496,0.08262729224445349,0.0826272922444535,0.9595887982984758,0.39003837183056206,0.40041417054951556,0.9578713968957872,0.565047226425925,0.05693233876013844,5414.0,5184.0,8107.0,228.0,False,0.24329855584761897,0.3887874856021015,0.7606533565356016,1.1385001199285503,0.5999885052078652
deit_tiny,1.0,17,logistic,0.1,nih,cardiomegaly,21329,497,20832,0.023301608139153267,0.8960791438338171,0.2290387751095294,0.019897690410038072,0.07996757095391682,0.002831309346422955,0.0030668572423615146,0.9235412474849095,0.6706509216589862,0.06270491803278688,0.997287458062674,0.11743635665856467,0.011651075868954258,459.0,13971.0,6861.0,38.0,False,0.022759736702063146,0.1257504130865289,-0.08605342807957989,1.0006415654403333,-0.08762948905784547
deit_tiny,1.0,17,logistic,0.1,nih,pleural_effusion,21329,2536,18793,0.11889915139012612,0.878443742728558,0.4998085618918333,0.07806719939877711,0.25529471143171284,0.02272034998544279,0.02273537143958095,0.9313880126182965,0.6212951630926409,0.24918240320708934,0.9853164556962025,0.3931751976695797,0.05693233876013844,2362.0,11676.0,7117.0,174.0,False,0.10479318686123498,0.25503554441805343,-0.35411643246641356,0.9341508487649353,-0.2923164572665409
deit_tiny,1.0,17,logistic,0.1,vinbig,cardiomegaly,14998,1817,13181,0.12114948659821309,0.867019630205199,0.5170487470585491,0.09776654169078491,0.34497081270026836,0.0869450980192734,0.08705438050430198,0.9223995597138139,0.611865564069494,0.24676089517078917,0.9828174506458689,0.3893599721221977,0.011651075868954258,1676.0,8065.0,5116.0,141.0,False,0.11584294874158528,0.1560423594803686,1.7021428443433508,1.011971877726408,1.6667496275187552
deit_tiny,1.0,17,logistic,0.1,vinbig,pleural_effusion,14998,634,14364,0.04227230297372983,0.916669741300324,0.6563808686182694,0.025518620029896636,0.1115663047336021,0.03933966983518776,0.03158944484487505,0.9037854889589906,0.7140072403230298,0.12240974150822474,0.9940874285160415,0.21561618062088428,0.05693233876013844,573.0,10256.0,4108.0,61.0,False,0.04553419164022411,0.43957234968559467,-0.03964312214877289,1.5249987968784386,-0.7435590374435872
deit_tiny,1.0,17,temperature,0.25,chexpert,cardiomegaly,19255,2034,17221,0.10563490002596729,0.806073819569382,0.387362801957551,0.08383634325204649,0.34372157805150855,0.0619427654039515,0.06119589131498092,0.8185840707964602,0.6227861332094535,0.20401911530449698,0.9667387777176852,0.32663070132417854,0.008366103040096405,1665.0,10725.0,6496.0,369.0,False,0.1010838392508862,0.1706256521977968,0.09314581185547575,0.5491344958434097,1.3625936436127781
deit_tiny,1.0,17,temperature,0.25,chexpert,pleural_effusion,18933,5642,13291,0.2979982041937358,0.8512965745291283,0.7142636782083611,0.15441816791715404,0.46707345440824005,0.09552823352048932,0.09602818205736578,0.9698688408365828,0.3369949589948085,0.383085970316438,0.9634329963432996,0.5492321589882565,0.05403225470388735,5472.0,4479.0,8812.0,170.0,False,0.24329855584761897,0.3653140793245475,1.0250233536196192,1.2859989030178052,0.6678843427375559
deit_tiny,1.0,17,temperature,0.25,nih,cardiomegaly,21329,497,20832,0.023301608139153267,0.8960791438338171,0.2290387751095294,0.020881053669650276,0.08309401150333424,0.00900824631404054,0.009119987256582536,0.8873239436619719,0.7129896313364056,0.06869158878504673,0.9962438795358508,0.12751192713604165,0.008366103040096405,441.0,14853.0,5979.0,56.0,False,0.022759736702063146,0.08254414613867522,-0.8356373367690684,0.7255772579562066,-0.2654187709644202
deit_tiny,1.0,17,temperature,0.25,nih,pleural_effusion,21329,2536,18793,0.11889915139012612,0.878443742728558,0.4998085618918333,0.07696238290536567,0.2534628971371451,0.016105744694848975,0.01605960035127969,0.9444006309148265,0.5867078167402756,0.2356819523715804,0.9873735112384705,0.37722475980469367,0.05403225470388735,2395.0,11026.0,7767.0,141.0,False,0.10479318686123498,0.2655783719291055,-0.1373409842766425,1.055090083640515,-0.19715204638449707
deit_tiny,1.0,17,temperature,0.25,vinbig,cardiomegaly,14998,1817,13181,0.12114948659821309,0.867019630205199,0.5170487470585491,0.092694867458586,0.3465627905135995,0.08130952072529365,0.08133043017876726,0.9003852504127683,0.6574614976101965,0.2659730125182897,0.9795410873742512,0.4106425702811245,0.008366103040096405,1636.0,8666.0,4515.0,181.0,False,0.11584294874158528,0.19982296319680604,0.9439305452044934,0.7337628840302757,1.7110133229659081
deit_tiny,1.0,17,temperature,0.25,vinbig,pleural_effusion,14998,634,14364,0.04227230297372983,0.916669741300324,0.6563808686182694,0.026053754735581174,0.11538210131566003,0.04386492025253638,0.035546199873770196,0.9132492113564669,0.6644388749651907,0.10724208186701241,0.994270236482967,0.19194430631526604,0.05403225470388735,579.0,9544.0,4820.0,55.0,False,0.04553419164022411,0.42781997885374246,0.31446135919733026,1.7225072309246208,-0.7247388488527594
deit_tiny,1.0,17,logistic,0.25,chexpert,cardiomegaly,19255,2034,17221,0.10563490002596729,0.806073819569382,0.387362801957551,0.0880143462032424,0.3446075727218059,0.07303035795934154,0.07295668355493017,0.8185840707964602,0.6227861332094535,0.20401911530449698,0.9667387777176852,0.32663070132417854,0.011282201213879097,1665.0,10725.0,6496.0,369.0,False,0.1010838392508862,0.12929359573695864,0.7005220694314984,0.7219822511211282,1.5646931155542099
deit_tiny,1.0,17,logistic,0.25,chexpert,pleural_effusion,18933,5642,13291,0.2979982041937358,0.8512965745291283,0.7142636782083611,0.15448601260627992,0.46722759520697116,0.0957035139434417,0.096205362035063,0.9698688408365828,0.3369949589948085,0.383085970316438,0.9634329963432996,0.5492321589882565,0.05403194720633348,5472.0,4479.0,8812.0,170.0,False,0.24329855584761897,0.36503522567952884,1.0277631463114805,1.286954197864117,0.6690573556352598
deit_tiny,1.0,17,logistic,0.25,nih,cardiomegaly,21329,497,20832,0.023301608139153267,0.8960791438338171,0.2290387751095294,0.019897600279590383,0.08001145933231944,0.002970882683182073,0.0022209266161327236,0.8873239436619719,0.7129896313364056,0.06869158878504673,0.9962438795358508,0.12751192713604165,0.011282201213879097,441.0,14853.0,5979.0,56.0,False,0.022759736702063146,0.1257543731695856,-0.03327608046810745,0.9539489481678765,0.0875686073634874
deit_tiny,1.0,17,logistic,0.25,nih,pleural_effusion,21329,2536,18793,0.11889915139012612,0.878443742728558,0.4998085618918333,0.07695523756042276,0.25344785137074893,0.01599520790803876,0.01595483927402075,0.9444006309148265,0.5867078167402756,0.2356819523715804,0.9873735112384705,0.37722475980469367,0.05403194720633348,2395.0,11026.0,7767.0,141.0,False,0.10479318686123498,0.2656465571342407,-0.13509969782269096,1.0558712389590823,-0.19584778975818984
deit_tiny,1.0,17,logistic,0.25,vinbig,cardiomegaly,14998,1817,13181,0.12114948659821309,0.867019630205199,0.5170487470585491,0.0997259154929492,0.3616009481375003,0.09154807238403231,0.0916211525835927,0.9003852504127683,0.6574614976101965,0.2659730125182897,0.9795410873742512,0.4106425702811245,0.011282201213879097,1636.0,8666.0,4515.0,181.0,False,0.11584294874158528,0.13912830624321282,1.7554920488798482,0.9647281897729273,1.8661140438116244
deit_tiny,1.0,17,logistic,0.25,vinbig,pleural_effusion,14998,634,14364,0.04227230297372983,0.916669741300324,0.6563808686182694,0.0260544336778944,0.11538214623859203,0.04385885360481999,0.03556363211006787,0.9132492113564669,0.6644388749651907,0.10724208186701241,0.994270236482967,0.19194430631526604,0.05403194720633348,579.0,9544.0,4820.0,55.0,False,0.04553419164022411,0.4278050682494522,0.3181244152615503,1.7237835507909125,-0.7238788020124591
deit_tiny,1.0,17,temperature,0.5,chexpert,cardiomegaly,19255,2034,17221,0.10563490002596729,0.806073819569382,0.387362801957551,0.08373574706446553,0.34186696944193345,0.06148274288799864,0.06074577738721432,0.8387413962635202,0.5819058126705766,0.1915562542106445,0.9683061165329984,0.31188299817184645,0.006890868758196082,1706.0,10021.0,7200.0,328.0,False,0.1010838392508862,0.17162082796799372,0.0931471240354116,0.5535906636318422,1.3420322082339546
deit_tiny,1.0,17,temperature,0.5,chexpert,pleural_effusion,18933,5642,13291,0.2979982041937358,0.8512965745291283,0.7142636782083611,0.15587064542614326,0.4727139887350758,0.1045926652528797,0.10459266525287972,0.9595887982984758,0.39003837183056206,0.40041417054951556,0.9578713968957872,0.565047226425925,0.052628544868708806,5414.0,5184.0,8107.0,228.0,False,0.24329855584761897,0.3593441404404921,1.0249690494334918,1.1971899709014542,0.7624976876210087
deit_tiny,1.0,17,temperature,0.5,nih,cardiomegaly,21329,497,20832,0.023301608139153267,0.8960791438338171,0.2290387751095294,0.02088805686606507,0.08303603723058021,0.008986448657335527,0.009251969314577784,0.9134808853118712,0.6815956221198156,0.06406095668124735,0.9969807611290549,0.11972573839662447,0.006890868758196082,454.0,14199.0,6633.0,43.0,False,0.022759736702063146,0.08223644502128236,-0.8357330232464694,0.7314944064640815,-0.2801475052279069
deit_tiny,1.0,17,temperature,0.5,nih,pleural_effusion,21329,2536,18793,0.11889915139012612,0.878443742728558,0.4998085618918333,0.07681680231596655,0.2522574888989878,0.009039846558672994,0.009553191165532415,0.9313880126182965,0.6212951630926409,0.24918240320708934,0.9853164556962025,0.3931751976695797,0.052628544868708806,2362.0,11676.0,7117.0,174.0,False,0.10479318686123498,0.26696759000481773,-0.1372502363850833,0.9822946264462898,-0.11713819792976275
deit_tiny,1.0,17,temperature,0.5,vinbig,cardiomegaly,14998,1817,13181,0.12114948659821309,0.867019630205199,0.5170487470585491,0.09254113000926023,0.34464285828350594,0.0808578390100422,0.08088027159527454,0.9179966978536048,0.6230938472043093,0.2513562386980108,0.9821812963405884,0.3946527859931385,0.006890868758196082,1668.0,8213.0,4968.0,149.0,False,0.11584294874158528,0.20115008281000502,0.9439304133948052,0.7397168277717459,1.6888238882879314
deit_tiny,1.0,17,temperature,0.5,vinbig,pleural_effusion,14998,634,14364,0.04227230297372983,0.916669741300324,0.6563808686182694,0.025163598720817366,0.10923864284024025,0.035738408376396406,0.028516830306041654,0.9037854889589906,0.7140072403230298,0.12240974150822474,0.9940874285160415,0.21561618062088428,0.052628544868708806,573.0,10256.0,4108.0,61.0,False,0.04553419164022411,0.4473691567945113,0.31462765552668265,1.6036358960396462,-0.6006993151377126
deit_tiny,1.0,17,logistic,0.5,chexpert,cardiomegaly,19255,2034,17221,0.10563490002596729,0.806073819569382,0.387362801957551,0.08800760554850046,0.3441435529532069,0.07295332479687493,0.07288047738464251,0.8387413962635202,0.5819058126705766,0.1915562542106445,0.9683061165329984,0.31188299817184645,0.009557056040828819,1706.0,10021.0,7200.0,328.0,False,0.1010838392508862,0.12936027953915596,0.7050458843466062,0.724772065088555,1.5594639673598143
deit_tiny,1.0,17,logistic,0.5,chexpert,pleural_effusion,18933,5642,13291,0.2979982041937358,0.8512965745291283,0.7142636782083611,0.1629565240187375,0.4890907591663058,0.12041406998786527,0.12041406998786526,0.9595887982984758,0.39003837183056206,0.40041417054951556,0.9578713968957872,0.565047226425925,0.05265377004373147,5414.0,5184.0,8107.0,228.0,False,0.24329855584761897,0.33021992896332986,1.2896086081991716,1.2889641164081265,0.8701776303833285
deit_tiny,1.0,17,logistic,0.5,nih,cardiomegaly,21329,497,20832,0.023301608139153267,0.8960791438338171,0.2290387751095294,0.019896293245512075,0.07999784209532985,0.002766870570609076,0.002188750556183528,0.9134808853118712,0.6815956221198156,0.06406095668124735,0.9969807611290549,0.11972573839662447,0.009557056040828819,454.0,14199.0,6633.0,43.0,False,0.022759736702063146,0.12581180063877906,-0.027299814661975976,0.9576362020866112,0.08383495089549722
deit_tiny,1.0,17,logistic,0.5,nih,pleural_effusion,21329,2536,18793,0.11889915139012612,0.878443742728558,0.4998085618918333,0.07661905949519945,0.2519203511739017,0.006444958539979165,0.005615157529063107,0.9313880126182965,0.6212951630926409,0.24918240320708934,0.9853164556962025,0.3931751976695797,0.05265377004373147,2362.0,11676.0,7117.0,174.0,False,0.10479318686123498,0.2688545716559144,0.07997715835010405,1.0576435069959382,0.0055552037958298845
deit_tiny,1.0,17,logistic,0.5,vinbig,cardiomegaly,14998,1817,13181,0.12114948659821309,0.867019630205199,0.5170487470585491,0.09971558647164651,0.3611641584143634,0.09146716964554408,0.09154192005233218,0.9179966978536048,0.6230938472043093,0.2513562386980108,0.9821812963405884,0.3946527859931385,0.009557056040828819,1668.0,8213.0,4968.0,149.0,False,0.11584294874158528,0.13921747024857434,1.7614989931678384,0.9684472078164593,1.8603277032559233
deit_tiny,1.0,17,logistic,0.5,vinbig,pleural_effusion,14998,634,14364,0.04227230297372983,0.916669741300324,0.6563808686182694,0.025503840631625755,0.10998506967382522,0.03601213333999093,0.03061894651003189,0.9037854889589906,0.7140072403230298,0.12240974150822474,0.9940874285160415,0.21561618062088428,0.05265377004373147,573.0,10256.0,4108.0,61.0,False,0.04553419164022411,0.4398969277167072,0.6688221348213607,1.7265335706207403,-0.5234300687056808
deit_tiny,1.0,17,temperature,1.0,chexpert,cardiomegaly,19255,2034,17221,0.10563490002596729,0.806073819569382,0.387362801957551,0.08339801171926799,0.33581210103879083,0.05983900264341018,0.05918366048621539,0.8190757128810227,0.6201730445386446,0.20299744120872426,0.9666908037653874,0.3253588516746411,0.009700771936035853,1666.0,10680.0,6541.0,368.0,False,0.1010838392508862,0.17496196882394488,0.09314451942165453,0.5688650482530762,1.273592038556176
deit_tiny,1.0,17,temperature,1.0,chexpert,pleural_effusion,18933,5642,13291,0.2979982041937358,0.8512965745291283,0.7142636782083611,0.1561359862932751,0.4738246741267958,0.10605122599860267,0.10605122599860267,0.9578163771712159,0.3977879768264239,0.40304295942720764,0.9569230769230769,0.5673490813648294,0.05254406421009426,5404.0,5287.0,8004.0,238.0,False,0.24329855584761897,0.35825354265125564,1.0249677494650735,1.183106438153127,0.7786584483266604
deit_tiny,1.0,17,temperature,1.0,nih,cardiomegaly,21329,497,20832,0.023301608139153267,0.8960791438338171,0.2290387751095294,0.020916713412426586,0.08290850961928249,0.008887484216536031,0.009907498488448581,0.8913480885311871,0.7106374807987711,0.06845927986400865,0.9963655942926369,0.12715269804822044,0.009700771936035853,443.0,14804.0,6028.0,54.0,False,0.022759736702063146,0.08097735548361995,-0.8357089534956053,0.7516552975004357,-0.3295999189363386
deit_tiny,1.0,17,temperature,1.0,nih,pleural_effusion,21329,2536,18793,0.11889915139012612,0.878443742728558,0.4998085618918333,0.07680997639671204,0.2521801807987887,0.008131472044272703,0.009056773616788461,0.9282334384858044,0.6275740967381472,0.2516839516732599,0.9848029392117569,0.3959962991000084,0.05254406421009426,2354.0,11794.0,6999.0,182.0,False,0.10479318686123498,0.26703272705674796,-0.13722603359176902,0.9707545685776735,-0.1037756458232291
deit_tiny,1.0,17,temperature,1.0,vinbig,cardiomegaly,14998,1817,13181,0.12114948659821309,0.867019630205199,0.5170487470585491,0.09202227753750472,0.3383690588409622,0.07929298669283431,0.07932129650911628,0.9020363236103467,0.6559441620514377,0.26546809199870425,0.979827742520399,0.41021148792391443,0.009700771936035853,1639.0,8646.0,4535.0,178.0,False,0.11584294874158528,0.20562901292523317,0.9439317770363431,0.7601258174955269,1.6150228718584816
deit_tiny,1.0,17,temperature,1.0,vinbig,pleural_effusion,14998,634,14364,0.04227230297372983,0.916669741300324,0.6563808686182694,0.02503562096800116,0.10833260281493066,0.034345903934643554,0.027436923432073667,0.8990536277602523,0.7208298524087998,0.12445414847161572,0.9938567863313496,0.2186421173762946,0.05254406421009426,570.0,10354.0,4010.0,64.0,False,0.04553419164022411,0.45017974260280647,0.3146151433262842,1.5847682644133405,-0.5798328233008605
deit_tiny,1.0,17,logistic,1.0,chexpert,cardiomegaly,19255,2034,17221,0.10563490002596729,0.806073819569382,0.387362801957551,0.0872862194007961,0.33805718923972394,0.07075840651008879,0.07068050613699457,0.8190757128810227,0.6201730445386446,0.20299744120872426,0.9666908037653874,0.3253588516746411,0.012350733979571307,1666.0,10680.0,6541.0,368.0,False,0.1010838392508862,0.1364967926855739,0.6602730979467655,0.7300025198460447,1.4768323133239514
deit_tiny,1.0,17,logistic,1.0,chexpert,pleural_effusion,18933,5642,13291,0.2979982041937358,0.8512965745291283,0.7142636782083611,0.16188889984217358,0.4870536756898199,0.11890298648735208,0.11890298648735205,0.9578163771712159,0.3977879768264239,0.40304295942720764,0.9569230769230769,0.5673490813648294,0.052779977683232046,5404.0,5287.0,8004.0,238.0,False,0.24329855584761897,0.3346080527351478,1.239573062952346,1.2593622398522466,0.8653892098742757
deit_tiny,1.0,17,logistic,1.0,nih,cardiomegaly,21329,497,20832,0.023301608139153267,0.8960791438338171,0.2290387751095294,0.019894366614448544,0.07991863180391016,0.002221701615570599,0.00258492467106087,0.8913480885311871,0.7106374807987711,0.06845927986400865,0.9963655942926369,0.12715269804822044,0.012350733979571307,443.0,14804.0,6028.0,54.0,False,0.022759736702063146,0.12589645148903938,-0.08656484612567428,0.9644873102441399,0.003949538971356034
deit_tiny,1.0,17,logistic,1.0,nih,pleural_effusion,21329,2536,18793,0.11889915139012612,0.878443742728558,0.4998085618918333,0.07659714457910445,0.2517832179623899,0.0062388578025309414,0.00387962623409443,0.9282334384858044,0.6275740967381472,0.2516839516732599,0.9848029392117569,0.3959962991000084,0.052779977683232046,2354.0,11794.0,6999.0,182.0,False,0.10479318686123498,0.26906369704613675,0.039031262826475524,1.0334123833588518,-0.003512996372621753
deit_tiny,1.0,17,logistic,1.0,vinbig,cardiomegaly,14998,1817,13181,0.12114948659821309,0.867019630205199,0.5170487470585491,0.09867887653693305,0.35376868940623984,0.0893964608054521,0.08948030181525034,0.9020363236103467,0.6559441620514377,0.26546809199870425,0.979827742520399,0.41021148792391443,0.012350733979571307,1639.0,8646.0,4535.0,178.0,False,0.11584294874158528,0.14816674118802597,1.7017673969422087,0.9754509928006206,1.7766633693036125
deit_tiny,1.0,17,logistic,1.0,vinbig,pleural_effusion,14998,634,14364,0.04227230297372983,0.916669741300324,0.6563808686182694,0.02532470333530771,0.10906285365670537,0.03474999969764995,0.029350704645444647,0.8990536277602523,0.7208298524087998,0.12445414847161572,0.9938567863313496,0.2186421173762946,0.052779977683232046,570.0,10354.0,4010.0,64.0,False,0.04553419164022411,0.44383105479495744,0.6018076536444956,1.6868850450391533,-0.5184696788187667
deit_tiny,1.0,17,head_mc,1.0,chexpert,cardiomegaly,19255,2034,17221,0.10563490002596729,0.8060361063591324,0.3876229980463035,0.08284545863553365,0.32580032465795467,0.05672627079612975,0.05636367337492956,0.8244837758112095,0.6103013762267,0.19992846924177396,0.9671482469862888,0.32181922855497985,0.01140213254362094,1677.0,10510.0,6711.0,357.0,False,0.1010838392508862,0.18042825391787487,0.09919040205589613,0.5987278090180057,1.159065181670599
deit_tiny,1.0,17,head_mc,1.0,chexpert,pleural_effusion,18933,5642,13291,0.2979982041937358,0.8511516976716568,0.7142726637297084,0.15643636859187876,0.4751089366018702,0.10746429841731808,0.10746429841731807,0.9574618929457639,0.39838988789406365,0.4031945066427825,0.9566395663956639,0.567436974789916,0.051026154532843426,5402.0,5295.0,7996.0,240.0,False,0.24329855584761897,0.35701891839482647,1.025307350620939,1.1697289444608134,0.794435290641976
deit_tiny,1.0,17,head_mc,1.0,nih,cardiomegaly,21329,497,20832,0.023301608139153267,0.8963612705418378,0.22837933417330508,0.0209875676164784,0.0828995969161311,0.008538338622337749,0.01107484790400428,0.89738430583501,0.7035810291858678,0.06736142576650053,0.9965324993200979,0.1253161000280978,0.01140213254362094,446.0,14657.0,6175.0,51.0,False,0.022759736702063146,0.07786421735819549,-0.8317392013016651,0.7906914989388886,-0.41606326183778525
deit_tiny,1.0,17,head_mc,1.0,nih,pleural_effusion,21329,2536,18793,0.11889915139012612,0.8785108548538358,0.5001184283989824,0.07680539083037245,0.2520879650990068,0.0072810075982403496,0.009537352028804947,0.9274447949526814,0.6282658436651944,0.2518740629685157,0.9846551580351931,0.39615967660434565,0.051026154532843426,2352.0,11807.0,6986.0,184.0,False,0.10479318686123498,0.2670764853055133,-0.1353922420657743,0.9614531023023114,-0.0908988652818523
deit_tiny,1.0,17,head_mc,1.0,vinbig,cardiomegaly,14998,1817,13181,0.12114948659821309,0.8669037005910301,0.5172549322263741,0.09110119894651422,0.3280389428127887,0.07637311844058822,0.07641705323221001,0.9080902586681343,0.6463090812533192,0.26140684410646386,0.9807736587612249,0.4059539918809202,0.01140213254362094,1650.0,8519.0,4662.0,167.0,False,0.11584294874158528,0.21358011051896908,0.9480570815036451,0.7992752689101295,1.4882158370926162
deit_tiny,1.0,17,head_mc,1.0,vinbig,pleural_effusion,14998,634,14364,0.04227230297372983,0.9168133706154625,0.6573694294160628,0.024902181973375334,0.10748314570016025,0.03338442845951453,0.026226520011339426,0.8990536277602523,0.7224310776942355,0.1250822909809085,0.9938703189349679,0.21961086495858217,0.051026154532843426,570.0,10377.0,3987.0,64.0,False,0.04553419164022411,0.4531102655750854,0.31939599715751,1.5703827631417164,-0.5607888607622524
deit_tiny,1.0,17,head_mc_temperature,1.0,chexpert,cardiomegaly,19255,2034,17221,0.10563490002596729,0.8060361063591324,0.3876229980463035,0.08344552139034503,0.3359199818188186,0.059813452443119225,0.05933784234891699,0.8244837758112095,0.6103013762267,0.19992846924177396,0.9671482469862888,0.32181922855497985,0.009147352154466758,1677.0,10510.0,6711.0,357.0,False,0.1010838392508862,0.17449196618624208,0.09916387919199786,0.5702718609729288,1.278830958061517
deit_tiny,1.0,17,head_mc_temperature,1.0,chexpert,pleural_effusion,18933,5642,13291,0.2979982041937358,0.8511516976716568,0.7142726637297084,0.15619319978414373,0.4740688956394513,0.10617201314477344,0.10617201314477342,0.9574618929457639,0.39838988789406365,0.4031945066427825,0.9566395663956639,0.567436974789916,0.05253433347689916,5402.0,5295.0,7996.0,240.0,False,0.24329855584761897,0.35801838510718687,1.025306140661126,1.1821527865459323,0.7798602221733345
deit_tiny,1.0,17,head_mc_temperature,1.0,nih,cardiomegaly,21329,497,20832,0.023301608139153267,0.8963612705418378,0.22837933417330508,0.020916174765162783,0.08286080659128822,0.00888805808317098,0.009856198416615138,0.89738430583501,0.7035810291858678,0.06736142576650053,0.9965324993200979,0.1253161000280978,0.009147352154466758,446.0,14657.0,6175.0,51.0,False,0.022759736702063146,0.08100102215739813,-0.8318660415222243,0.7530896237904001,-0.32800876420397057
deit_tiny,1.0,17,head_mc_temperature,1.0,nih,pleural_effusion,21329,2536,18793,0.11889915139012612,0.8785108548538358,0.5001184283989824,0.07680695913577784,0.252128210722358,0.007879439782453371,0.010009767866531754,0.9274447949526814,0.6282658436651944,0.2518740629685157,0.9846551580351931,0.39615967660434565,0.05253433347689916,2352.0,11807.0,6986.0,184.0,False,0.10479318686123498,0.2670615195863443,-0.13529844756841328,0.9717203168729712,-0.10288760185121976
deit_tiny,1.0,17,head_mc_temperature,1.0,vinbig,cardiomegaly,14998,1817,13181,0.12114948659821309,0.8669037005910301,0.5172549322263741,0.09203044183273876,0.3385405837695446,0.07934455000285898,0.07937403325786514,0.9080902586681343,0.6463090812533192,0.26140684410646386,0.9807736587612249,0.4059539918809202,0.009147352154466758,1650.0,8519.0,4662.0,167.0,False,0.11584294874158528,0.20555853565127968,0.9480480151359529,0.7612974182460273,1.6169793238597536
deit_tiny,1.0,17,head_mc_temperature,1.0,vinbig,pleural_effusion,14998,634,14364,0.04227230297372983,0.9168133706154625,0.6573694294160628,0.025012058081557834,0.10826730583711953,0.034460123273728556,0.027172046868860374,0.8990536277602523,0.7224310776942355,0.1250822909809085,0.9938703189349679,0.21961086495858217,0.05253433347689916,570.0,10377.0,3987.0,64.0,False,0.04553419164022411,0.45069721937343854,0.31934443680274704,1.5870512645019066,-0.5795242761396378
deit_tiny,1.0,43,raw,1.0,chexpert,cardiomegaly,19255,2034,17221,0.10563490002596729,0.8035981371672566,0.395487342020031,0.09075227782243184,0.3623555907636738,0.07991043729850549,0.07987123731705839,0.8136676499508357,0.6192439463445792,0.20153433999025816,0.9656796160463642,0.3230528986921726,0.009974920824078677,1655.0,10664.0,6557.0,379.0,False,0.1010838392508862,0.10220784553712703,1.04611647295424,0.7740759840875409,1.8127393264430023
deit_tiny,1.0,43,raw,1.0,chexpert,pleural_effusion,18933,5642,13291,0.2979982041937358,0.8594792431763121,0.7240547734233624,0.16780297428921145,0.5031279424628046,0.13806449964822062,0.138629138145492,0.9704005671747608,0.3649085847566022,0.3934320206956022,0.9667131752043053,0.5598731976684732,0.0423245913810851,5475.0,4850.0,8441.0,167.0,False,0.24329855584761897,0.31030016308724573,1.5671522693563718,1.3049764925057104,1.0516618840311258
deit_tiny,1.0,43,raw,1.0,nih,cardiomegaly,21329,497,20832,0.023301608139153267,0.8848165799713797,0.21538560490919662,0.020309196415545027,0.08342999949953404,0.00646456483788324,0.005931231352536332,0.89738430583501,0.7042530721966206,0.0675041622521568,0.9965357967667436,0.12556306306306306,0.009974920824078677,446.0,14671.0,6161.0,51.0,False,0.022759736702063146,0.10766997521091626,0.16773389961694302,0.9491271626405423,0.3201642604295936
deit_tiny,1.0,43,raw,1.0,nih,pleural_effusion,21329,2536,18793,0.11889915139012612,0.8781416699720901,0.5104459961083054,0.07647734269332108,0.25357380163775445,0.0160780451125417,0.017018181020365373,0.9215299684542587,0.6398659075187569,0.25667215815485994,0.9837205497382199,0.4015118976032987,0.0423245913810851,2337.0,12025.0,6768.0,199.0,False,0.10479318686123498,0.27020691913310324,0.21381341482488653,1.0053865042291474,0.20540847210885932
deit_tiny,1.0,43,raw,1.0,vinbig,cardiomegaly,14998,1817,13181,0.12114948659821309,0.8898255302104474,0.5609823692559321,0.10197326422703025,0.37772834919485676,0.09826151016251745,0.09842178538858957,0.9053384700055036,0.7002503603671952,0.29395997140814867,0.9817060199957456,0.4438149197355996,0.009974920824078677,1645.0,9230.0,3951.0,172.0,False,0.11584294874158528,0.1197283448429356,2.7096524647598583,1.1391716657266422,2.2162837285826367
deit_tiny,1.0,43,raw,1.0,vinbig,pleural_effusion,14998,634,14364,0.04227230297372983,0.9183628761704471,0.6542300412356837,0.02424320847540614,0.10351748282717498,0.025844250274941045,0.024110116204049698,0.8990536277602523,0.7160261765524923,0.12260701226070123,0.9938158276161948,0.21578648495173197,0.0423245913810851,570.0,10285.0,4079.0,64.0,False,0.04553419164022411,0.46758232435622926,0.8299159056474761,1.6269726213860536,-0.3659181826545665
deit_tiny,1.0,43,temperature,0.1,chexpert,cardiomegaly,0,0,0,,,,,,,,,,,,,,,,,,,,,,,
deit_tiny,1.0,43,temperature,0.1,chexpert,pleural_effusion,18933,5642,13291,0.2979982041937358,0.8594792431763121,0.7240547734233624,0.16455985960943723,0.49089593259850073,0.1257741912053543,0.12790849533844575,0.9466501240694789,0.4898803701753066,0.44064021120369606,0.9558132706987669,0.6013623824804368,0.07199283931116732,5341.0,6511.0,6780.0,301.0,False,0.24329855584761897,0.32362993674116514,1.5671505385452196,1.42669623868936,0.9040122386277689
deit_tiny,1.0,43,temperature,0.1,nih,cardiomegaly,0,0,0,,,,,,,,,,,,,,,,,,,,,,,
deit_tiny,1.0,43,temperature,0.1,nih,pleural_effusion,21329,2536,18793,0.11889915139012612,0.8781416699720901,0.5104459961083054,0.07616101140178755,0.25287564707523796,0.01485534510818742,0.013972485506225268,0.886435331230284,0.7055286542861704,0.28887175533281934,0.9787406805934893,0.4357433611164954,0.07199283931116732,2248.0,13259.0,5534.0,288.0,False,0.10479318686123498,0.2732255437308303,0.21366325518213522,1.0990938336057123,0.06991027301221144
deit_tiny,1.0,43,temperature,0.1,vinbig,cardiomegaly,0,0,0,,,,,,,,,,,,,,,,,,,,,,,
deit_tiny,1.0,43,temperature,0.1,vinbig,pleural_effusion,14998,634,14364,0.04227230297372983,0.9183628761704471,0.6542300412356837,0.024921251434767054,0.11023701702651102,0.035310412514175056,0.03245030148494062,0.8643533123028391,0.8155806182121972,0.17141069752893337,0.9927124819930514,0.28608718350300183,0.07199283931116732,548.0,11715.0,2649.0,86.0,False,0.04553419164022411,0.4526914712426331,0.8299393563399023,1.778709237873484,-0.5500278599434995
deit_tiny,1.0,43,logistic,0.1,chexpert,cardiomegaly,0,0,0,,,,,,,,,,,,,,,,,,,,,,,
deit_tiny,1.0,43,logistic,0.1,chexpert,pleural_effusion,18933,5642,13291,0.2979982041937358,0.8594792431763121,0.7240547734233624,0.15087949341147244,0.45889308185941996,0.0972222736301526,0.09815808904917418,0.9466501240694789,0.4898803701753066,0.44064021120369606,0.9558132706987669,0.6013623824804368,0.07109118929438486,5341.0,6511.0,6780.0,301.0,False,0.24329855584761897,0.37985865602108126,0.9900300435624798,1.1946045473981848,0.7265970465631671
deit_tiny,1.0,43,logistic,0.1,nih,cardiomegaly,0,0,0,,,,,,,,,,,,,,,,,,,,,,,
deit_tiny,1.0,43,logistic,0.1,nih,pleural_effusion,21329,2536,18793,0.11889915139012612,0.8781416699720901,0.5104459961083054,0.07666010884889717,0.25327260205829594,0.01697309480118475,0.016648345319135532,0.886435331230284,0.7055286542861704,0.28887175533281934,0.9787406805934893,0.4357433611164954,0.07109118929438486,2248.0,13259.0,5534.0,288.0,False,0.10479318686123498,0.2684628538837269,-0.23099220116948838,0.9202592704806861,-0.1378805572707896
deit_tiny,1.0,43,logistic,0.1,vinbig,cardiomegaly,0,0,0,,,,,,,,,,,,,,,,,,,,,,,
deit_tiny,1.0,43,logistic,0.1,vinbig,pleural_effusion,14998,634,14364,0.04227230297372983,0.9183628761704471,0.6542300412356837,0.024105842043269286,0.10627072479691346,0.031568349858951905,0.026158541964994318,0.8643533123028391,0.8155806182121972,0.17141069752893337,0.9927124819930514,0.28608718350300183,0.07109118929438486,548.0,11715.0,2649.0,86.0,False,0.04553419164022411,0.47059909982074644,0.11044806780096433,1.4893693334912947,-0.6569047751287744
deit_tiny,1.0,43,temperature,0.25,chexpert,cardiomegaly,19255,2034,17221,0.10563490002596729,0.8035981371672566,0.395487342020031,0.09112159023967242,0.3678664939455988,0.08105700564755848,0.08101709837821798,0.7345132743362832,0.7213286104175135,0.23740664230096933,0.9583397623823484,0.3588327128617749,0.014656188970688171,1494.0,12422.0,4799.0,540.0,False,0.1010838392508862,0.09855431971165884,1.0461131190037274,0.7587855814732657,1.8790368504827433
deit_tiny,1.0,43,temperature,0.25,chexpert,pleural_effusion,18933,5642,13291,0.2979982041937358,0.8594792431763121,0.7240547734233624,0.16426522987977293,0.48988366416772716,0.12452543816389189,0.1269158378709478,0.9482453030840128,0.48137837634489505,0.4369843992485502,0.9563527653213751,0.5982667039418507,0.0721783955543227,5350.0,6398.0,6893.0,292.0,False,0.24329855584761897,0.3248409169240841,1.5671509618503041,1.4392249760138274,0.8901411082367575
deit_tiny,1.0,43,temperature,0.25,nih,cardiomegaly,21329,497,20832,0.023301608139153267,0.8848165799713797,0.21538560490919662,0.020341895563250993,0.08383178469017136,0.007237640593286553,0.006640759659750495,0.8229376257545271,0.7836021505376344,0.08318080130160667,0.9946380697050938,0.15108976727004064,0.014656188970688171,409.0,16324.0,4508.0,88.0,False,0.022759736702063146,0.10623326493021246,0.1681561671417873,0.9304964665680824,0.3795599230240306
deit_tiny,1.0,43,temperature,0.25,nih,pleural_effusion,21329,2536,18793,0.11889915139012612,0.8781416699720901,0.5104459961083054,0.07614502652401996,0.25293344969805115,0.014703369690395022,0.013926039922260085,0.8891955835962145,0.7007928484010004,0.2862401624777862,0.9791093598988923,0.4330708661417323,0.0721783955543227,2255.0,13170.0,5623.0,281.0,False,0.10479318686123498,0.27337808110703166,0.21367377463707088,1.108744658123395,0.056923254144042534
deit_tiny,1.0,43,temperature,0.25,vinbig,cardiomegaly,14998,1817,13181,0.12114948659821309,0.8898255302104474,0.5609823692559321,0.10246229625614976,0.3837615586207908,0.09926943309071394,0.09940761764825162,0.8260869565217391,0.7896214247780897,0.35119326158165654,0.9705333830660201,0.4928583155475291,0.014656188970688171,1501.0,10408.0,2773.0,316.0,False,0.11584294874158528,0.11550683602921907,2.709946855897176,1.1167432188461488,2.2884852144706884
deit_tiny,1.0,43,temperature,0.25,vinbig,pleural_effusion,14998,634,14364,0.04227230297372983,0.9183628761704471,0.6542300412356837,0.025005269083919725,0.11100403192414816,0.03629941852884188,0.03334918937437109,0.8675078864353313,0.8094541910331384,0.1673258290234256,0.9928272564255828,0.28054067839836777,0.0721783955543227,550.0,11627.0,2737.0,84.0,False,0.04553419164022411,0.4508463160718438,0.8299399373985276,1.7943289502917028,-0.5675717761818296
deit_tiny,1.0,43,logistic,0.25,chexpert,cardiomegaly,19255,2034,17221,0.10563490002596729,0.8035981371672566,0.395487342020031,0.08744097855273454,0.3686552516999663,0.0748782085050014,0.07464698570596615,0.7345132743362832,0.7213286104175135,0.23740664230096933,0.9583397623823484,0.3588327128617749,0.012177125613705436,1494.0,12422.0,4799.0,540.0,False,0.1010838392508862,0.13496579472303782,0.4606380264011134,0.5931797366765265,1.801290677746126
deit_tiny,1.0,43,logistic,0.25,chexpert,pleural_effusion,18933,5642,13291,0.2979982041937358,0.8594792431763121,0.7240547734233624,0.15439008074161217,0.4666795288558802,0.10466997274895008,0.10624412696034506,0.9482453030840128,0.48137837634489505,0.4369843992485502,0.9563527653213751,0.5982667039418507,0.07219752391764052,5350.0,6398.0,6893.0,292.0,False,0.24329855584761897,0.3654295225726343,1.1531689804466743,1.2772542361387424,0.7648263976686137
deit_tiny,1.0,43,logistic,0.25,nih,cardiomegaly,21329,497,20832,0.023301608139153267,0.8848165799713797,0.21538560490919662,0.020605323559223024,0.08526046489353217,0.008213123396551624,0.007499744009665928,0.8229376257545271,0.7836021505376344,0.08318080130160667,0.9946380697050938,0.15108976727004064,0.012177125613705436,409.0,16324.0,4508.0,88.0,False,0.022759736702063146,0.09465896600837331,-0.550198603185389,0.7272970517130902,0.1823667827066354
deit_tiny,1.0,43,logistic,0.25,nih,pleural_effusion,21329,2536,18793,0.11889915139012612,0.8781416699720901,0.5104459961083054,0.07615056954492438,0.25233483645133975,0.013439677094655069,0.012675636745540687,0.8891955835962145,0.7007928484010004,0.2862401624777862,0.9791093598988923,0.4330708661417323,0.07219752391764052,2255.0,13170.0,5623.0,281.0,False,0.10479318686123498,0.2733251862474473,-0.10548932084851548,0.9838688575563784,-0.08525693127401705
deit_tiny,1.0,43,logistic,0.25,vinbig,cardiomegaly,14998,1817,13181,0.12114948659821309,0.8898255302104474,0.5609823692559321,0.09731707112785172,0.3737229453574799,0.09392755957552036,0.09397327933065333,0.8260869565217391,0.7896214247780897,0.35119326158165654,0.9705333830660201,0.4928583155475291,0.012177125613705436,1501.0,10408.0,2773.0,316.0,False,0.11584294874158528,0.15992235880545347,1.8479598408223052,0.8729345683437212,2.2964201608987436
deit_tiny,1.0,43,logistic,0.25,vinbig,pleural_effusion,14998,634,14364,0.04227230297372983,0.9183628761704471,0.6542300412356837,0.02436764583568928,0.1083436652444882,0.033968823512224244,0.028672870078157893,0.8675078864353313,0.8094541910331384,0.1673258290234256,0.9928272564255828,0.28054067839836777,0.07219752391764052,550.0,11627.0,2737.0,84.0,False,0.04553419164022411,0.4648494909446613,0.3137780010998279,1.5924050764336777,-0.6442662308916514
deit_tiny,1.0,43,temperature,0.5,chexpert,cardiomegaly,19255,2034,17221,0.10563490002596729,0.8035981371672566,0.395487342020031,0.09036088419182058,0.3567633974578589,0.07865991058171262,0.07861438208501764,0.7944936086529006,0.6502525985715115,0.21154601387616181,0.9640151515151515,0.33412591750232606,0.012560882473900198,1616.0,11198.0,6023.0,418.0,False,0.1010838392508862,0.1060798159085713,1.0461201215536384,0.7904823123307567,1.7441413117131832
deit_tiny,1.0,43,temperature,0.5,chexpert,pleural_effusion,18933,5642,13291,0.2979982041937358,0.8594792431763121,0.7240547734233624,0.16512598304959814,0.4928885562347788,0.12810275747201408,0.12976805632715283,0.9532080822403403,0.45782860582348955,0.42736808645899554,0.9584186486060797,0.5901459453527927,0.06434665258489794,5378.0,6085.0,7206.0,264.0,False,0.24329855584761897,0.3213030694969736,1.5671499769169932,1.4034232862323672,0.9303932734346961
deit_tiny,1.0,43,temperature,0.5,nih,cardiomegaly,21329,497,20832,0.023301608139153267,0.8848165799713797,0.21538560490919662,0.020278107566591545,0.0830839616423043,0.005481341763608847,0.0052196107855514455,0.869215291750503,0.7289266513056836,0.07106431978943906,0.9957377049180328,0.13138686131386862,0.012560882473900198,432.0,15185.0,5647.0,65.0,False,0.022759736702063146,0.10903593340983797,0.16796233677180084,0.9692984714495378,0.2584155793175244
deit_tiny,1.0,43,temperature,0.5,nih,pleural_effusion,21329,2536,18793,0.11889915139012612,0.8781416699720901,0.5104459961083054,0.07619878939952678,0.2528276467001457,0.014657777648490411,0.01413180722995212,0.8978706624605678,0.6879689245995849,0.27969536911927284,0.9803609341825902,0.4265243045799382,0.06434665258489794,2277.0,12929.0,5864.0,259.0,False,0.10479318686123498,0.27286504321671534,0.2136670968043698,1.0811773178098456,0.0944840612323137
deit_tiny,1.0,43,temperature,0.5,vinbig,cardiomegaly,14998,1817,13181,0.12114948659821309,0.8898255302104474,0.5609823692559321,0.10145128445276476,0.3715912912730799,0.0971525956630811,0.09733932343677844,0.8855255916345625,0.7286245353159851,0.3102583879676051,0.9788014675907053,0.4595173497072683,0.012560882473900198,1609.0,9604.0,3577.0,208.0,False,0.11584294874158528,0.12423427101225204,2.7100666928851886,1.1634263521945967,2.141631480664322
deit_tiny,1.0,43,temperature,0.5,vinbig,pleural_effusion,14998,634,14364,0.04227230297372983,0.9183628761704471,0.6542300412356837,0.024772258611922945,0.10884680130308094,0.033281945570883896,0.030798925511546327,0.8753943217665615,0.7936507936507936,0.1577152600170503,0.9931178674100531,0.2672766674692993,0.06434665258489794,555.0,11400.0,2964.0,79.0,False,0.04553419164022411,0.4559635799037758,0.8299365906922421,1.7496949826118486,-0.5167833286085793
deit_tiny,1.0,43,logistic,0.5,chexpert,cardiomegaly,19255,2034,17221,0.10563490002596729,0.8035981371672566,0.395487342020031,0.08857285334146096,0.35491816191486886,0.07590017944927474,0.07572973019137934,0.7944936086529006,0.6502525985715115,0.21154601387616181,0.9640151515151515,0.33412591750232606,0.011454575248260598,1616.0,11198.0,6023.0,418.0,False,0.1010838392508862,0.12376840850270288,0.7465293192707165,0.7067321504558197,1.6997998258690727
deit_tiny,1.0,43,logistic,0.5,chexpert,pleural_effusion,18933,5642,13291,0.2979982041937358,0.8594792431763121,0.7240547734233624,0.15695284677134638,0.4734113101958534,0.1119059452124867,0.1130617254280791,0.9532080822403403,0.45782860582348955,0.42736808645899554,0.9584186486060797,0.5901459453527927,0.06460239224937636,5378.0,6085.0,7206.0,264.0,False,0.24329855584761897,0.35489610193309995,1.2367928993242856,1.282038704241496,0.8247149744422537
deit_tiny,1.0,43,logistic,0.5,nih,cardiomegaly,21329,497,20832,0.023301608139153267,0.8848165799713797,0.21538560490919662,0.02030679899280734,0.08318772926719485,0.005041427906939247,0.00411955755305713,0.869215291750503,0.7289266513056836,0.07106431978943906,0.9957377049180328,0.13138686131386862,0.011454575248260598,432.0,15185.0,5647.0,65.0,False,0.022759736702063146,0.10777531134766816,-0.200728568489635,0.8662463467569014,0.17255980244261956
deit_tiny,1.0,43,logistic,0.5,nih,pleural_effusion,21329,2536,18793,0.11889915139012612,0.8781416699720901,0.5104459961083054,0.07605276236766544,0.25207783778534204,0.011798414683970256,0.010527025215570546,0.8978706624605678,0.6879689245995849,0.27969536911927284,0.9803609341825902,0.4265243045799382,0.06460239224937636,2277.0,12929.0,5864.0,259.0,False,0.10479318686123498,0.27425852151654706,-0.04090146913654422,0.9876296457055453,-0.02467748016505754
deit_tiny,1.0,43,logistic,0.5,vinbig,cardiomegaly,14998,1817,13181,0.12114948659821309,0.8898255302104474,0.5609823692559321,0.09897955725274162,0.3649254954893515,0.09472856620999379,0.09485002679603197,0.8855255916345625,0.7286245353159851,0.3102583879676051,0.9788014675907053,0.4595173497072683,0.011454575248260598,1609.0,9604.0,3577.0,208.0,False,0.11584294874158528,0.1455711519089642,2.269087290016752,1.040135616449479,2.13146803449497
deit_tiny,1.0,43,logistic,0.5,vinbig,pleural_effusion,14998,634,14364,0.04227230297372983,0.9183628761704471,0.6542300412356837,0.024249172883073516,0.1070072869262646,0.03200917716117273,0.02752686864164004,0.8753943217665615,0.7936507936507936,0.1577152600170503,0.9931178674100531,0.2672766674692993,0.06460239224937636,555.0,11400.0,2964.0,79.0,False,0.04553419164022411,0.4674513369058644,0.4180180759438447,1.598374511524624,-0.5858494445583223
deit_tiny,1.0,43,temperature,1.0,chexpert,cardiomegaly,19255,2034,17221,0.10563490002596729,0.8035981371672566,0.395487342020031,0.08895635593109844,0.3385936259948871,0.07375122892538648,0.07370856131848327,0.8136676499508357,0.6192439463445792,0.20153433999025816,0.9656796160463642,0.3230528986921726,0.015069371030128422,1655.0,10664.0,6557.0,379.0,False,0.1010838392508862,0.11997450244927688,1.046122121146713,0.8514434313999782,1.5098862742147476
deit_tiny,1.0,43,temperature,1.0,chexpert,pleural_effusion,18933,5642,13291,0.2979982041937358,0.8594792431763121,0.7240547734233624,0.16483763810272886,0.49186589046777873,0.12692800580645222,0.12882851945098286,0.9704005671747608,0.3649085847566022,0.3934320206956022,0.9667131752043053,0.5598731976684732,0.05333722890325599,5475.0,4850.0,8441.0,167.0,False,0.24329855584761897,0.3224882181135148,1.567150221335702,1.4151502002729217,0.9169983126043588
deit_tiny,1.0,43,temperature,1.0,nih,cardiomegaly,21329,497,20832,0.023301608139153267,0.8848165799713797,0.21538560490919662,0.02020097126204787,0.08250798170439758,0.0022466771210731032,0.002813790810078075,0.89738430583501,0.7042530721966206,0.0675041622521568,0.9965357967667436,0.12556306306306306,0.015069371030128422,446.0,14671.0,6161.0,51.0,False,0.022759736702063146,0.11242508968846399,0.16828337127652374,1.0441591615093218,0.045226548312697394
deit_tiny,1.0,43,temperature,1.0,nih,pleural_effusion,21329,2536,18793,0.11889915139012612,0.8781416699720901,0.5104459961083054,0.07617843462670247,0.25284200500785387,0.01489688182707127,0.014022821125431212,0.9215299684542587,0.6398659075187569,0.25667215815485994,0.9837205497382199,0.4015118976032987,0.05333722890325599,2337.0,12025.0,6768.0,199.0,False,0.10479318686123498,0.2730592807757969,0.21387817603795495,1.0903061310173932,0.08202764962569349
deit_tiny,1.0,43,temperature,1.0,vinbig,cardiomegaly,14998,1817,13181,0.12114948659821309,0.8898255302104474,0.5609823692559321,0.09954519935469759,0.3515250127230578,0.09279321740692639,0.09311149326847844,0.9053384700055036,0.7002503603671952,0.29395997140814867,0.9817060199957456,0.4438149197355996,0.015069371030128422,1645.0,9230.0,3951.0,172.0,False,0.11584294874158528,0.14068831606871146,2.709679087298091,1.2530389714467465,1.8871355738949196
deit_tiny,1.0,43,temperature,1.0,vinbig,pleural_effusion,14998,634,14364,0.04227230297372983,0.9183628761704471,0.6542300412356837,0.024846184783347474,0.10954158975606826,0.034273708493272784,0.031627981659707344,0.8990536277602523,0.7160261765524923,0.12260701226070123,0.9938158276161948,0.21578648495173197,0.05333722890325599,570.0,10285.0,4079.0,64.0,False,0.04553419164022411,0.4543400489095586,0.8299382539947107,1.7643147868255535,-0.5336428154640012
deit_tiny,1.0,43,logistic,1.0,chexpert,cardiomegaly,19255,2034,17221,0.10563490002596729,0.8035981371672566,0.395487342020031,0.08668166498078315,0.33589876419890363,0.06983719393747265,0.06977016409529528,0.8136676499508357,0.6192439463445792,0.20153433999025816,0.9656796160463642,0.3230528986921726,0.013358658400206396,1655.0,10664.0,6557.0,379.0,False,0.1010838392508862,0.1424775154647362,0.6580057706146536,0.7370363048984286,1.4509504592113318
deit_tiny,1.0,43,logistic,1.0,chexpert,pleural_effusion,18933,5642,13291,0.2979982041937358,0.8594792431763121,0.7240547734233624,0.15864485761526825,0.4771199898128584,0.11487591150890472,0.11639790257215593,0.9704005671747608,0.3649085847566022,0.3934320206956022,0.9667131752043053,0.5598731976684732,0.05277150637723205,5475.0,4850.0,8441.0,167.0,False,0.24329855584761897,0.34794163877146245,1.3150934848934464,1.3223312450122848,0.8384211644948922
deit_tiny,1.0,43,logistic,1.0,nih,cardiomegaly,21329,497,20832,0.023301608139153267,0.8848165799713797,0.21538560490919662,0.0203266996095486,0.08271313838890379,0.004266642620808866,0.004306164688370524,0.89738430583501,0.7042530721966206,0.0675041622521568,0.9965357967667436,0.12556306306306306,0.013358658400206396,446.0,14671.0,6161.0,51.0,False,0.022759736702063146,0.10690093318583926,-0.3089955937058309,0.9034810060240624,-0.0592766495794042
deit_tiny,1.0,43,logistic,1.0,nih,pleural_effusion,21329,2536,18793,0.11889915139012612,0.8781416699720901,0.5104459961083054,0.07598726570357442,0.252070396405092,0.011472439843784082,0.010120410432588522,0.9215299684542587,0.6398659075187569,0.25667215815485994,0.9837205497382199,0.4015118976032987,0.05277150637723205,2337.0,12025.0,6768.0,199.0,False,0.10479318686123498,0.27488353031771795,0.019449142596500976,1.0186929421978468,-0.005657909658400733
deit_tiny,1.0,43,logistic,1.0,vinbig,cardiomegaly,14998,1817,13181,0.12114948659821309,0.8898255302104474,0.5609823692559321,0.09630769431147515,0.34263515924314464,0.08953830171828571,0.08972572203102518,0.9053384700055036,0.7002503603671952,0.29395997140814867,0.9817060199957456,0.4438149197355996,0.013358658400206396,1645.0,9230.0,3951.0,172.0,False,0.11584294874158528,0.16863567996432882,2.1388904858673317,1.084757397631975,1.8692636468929553
deit_tiny,1.0,43,logistic,1.0,vinbig,pleural_effusion,14998,634,14364,0.04227230297372983,0.9183628761704471,0.6542300412356837,0.024429808310415038,0.10812098650853234,0.033467750875380044,0.029202728737943228,0.8990536277602523,0.7160261765524923,0.12260701226070123,0.9938158276161948,0.21578648495173197,0.05277150637723205,570.0,10285.0,4079.0,64.0,False,0.04553419164022411,0.4634843085951663,0.5156175826573669,1.6486016349233485,-0.5844362342432794
deit_tiny,1.0,43,head_mc,1.0,chexpert,cardiomegaly,19255,2034,17221,0.10563490002596729,0.8035146884817461,0.3956074719555578,0.0906458698305879,0.36034089916231127,0.07952070340730369,0.07948005579021153,0.8048180924287119,0.6353289588293363,0.20677024125299986,0.9649850061739284,0.32901215958195157,0.011076044890187195,1637.0,10941.0,6280.0,397.0,False,0.1010838392508862,0.103260516197764,1.0578036027745188,0.7832620912769006,1.7892846639667344
deit_tiny,1.0,43,head_mc,1.0,chexpert,pleural_effusion,18933,5642,13291,0.2979982041937358,0.8594225873102436,0.7241320665067135,0.16774073479978824,0.5028228512263154,0.1377119081110838,0.1385342863110279,0.9709322935129386,0.36483334587314725,0.3935344827586207,0.9672850588469978,0.5600654329823126,0.042554173117017625,5478.0,4849.0,8442.0,164.0,False,0.24329855584761897,0.3105559783723236,1.569107257138536,1.3097344299987812,1.046679395084809
deit_tiny,1.0,43,head_mc,1.0,nih,cardiomegaly,21329,497,20832,0.023301608139153267,0.8848876670159203,0.21518598592237573,0.020305200983972004,0.0833165286607867,0.006067345711808536,0.005574883470822209,0.8853118712273642,0.716589861751152,0.06935687263556116,0.9961961961961961,0.12863616430346442,0.011076044890187195,440.0,14928.0,5904.0,57.0,False,0.022759736702063146,0.10784552344441845,0.17444997860059036,0.9591209457083985,0.2963377175982313
deit_tiny,1.0,43,head_mc,1.0,nih,pleural_effusion,21329,2536,18793,0.11889915139012612,0.8782510930558245,0.5101666133608054,0.07648425316135704,0.2535381679312361,0.014939175410060282,0.017243293898583117,0.9223186119873817,0.6393337944979514,0.2565536909070966,0.9838683262364887,0.401441688835493,0.042554173117017625,2339.0,12015.0,6778.0,197.0,False,0.10479318686123498,0.2701409752655395,0.21455785930779814,1.0096165844061564,0.19966474782391075
deit_tiny,1.0,43,head_mc,1.0,vinbig,cardiomegaly,14998,1817,13181,0.12114948659821309,0.8890211836996074,0.5603851734473454,0.10182790146553884,0.37587430968900126,0.09786170838734837,0.09803658502839216,0.8915795266923501,0.7142098475077764,0.3007239651011695,0.9795026532098637,0.4497501388117712,0.011076044890187195,1620.0,9414.0,3767.0,197.0,False,0.11584294874158528,0.12098317099394862,2.710750853634147,1.1490678768038283,2.185734674445083
deit_tiny,1.0,43,head_mc,1.0,vinbig,pleural_effusion,14998,634,14364,0.04227230297372983,0.9179232035574391,0.6547163638072968,0.02426691800952509,0.1038136023517408,0.02650221782274095,0.02475758203575479,0.9006309148264984,0.7144249512670565,0.1221913117911406,0.9938983050847457,0.21518748822310158,0.042554173117017625,571.0,10262.0,4102.0,63.0,False,0.04553419164022411,0.4670616269799305,0.8339743293153337,1.6344284801674354,-0.3740106702998123
deit_tiny,1.0,43,head_mc_temperature,1.0,chexpert,cardiomegaly,19255,2034,17221,0.10563490002596729,0.8035146884817461,0.3956074719555578,0.08901156748960101,0.3388751011605046,0.07388597190217094,0.07384175492362624,0.8048180924287119,0.6353289588293363,0.20677024125299986,0.9649850061739284,0.32901215958195157,0.015993937149804467,1637.0,10941.0,6280.0,397.0,False,0.1010838392508862,0.11942830674765204,1.0578116775928128,0.8540779071778235,1.5143276484135186
deit_tiny,1.0,43,head_mc_temperature,1.0,chexpert,pleural_effusion,18933,5642,13291,0.2979982041937358,0.8594225873102436,0.7241320665067135,0.16492170393757943,0.4921402722940707,0.12710576410321842,0.12933016918816476,0.9709322935129386,0.36483334587314725,0.3935344827586207,0.9672850588469978,0.5600654329823126,0.05302227105259526,5478.0,4849.0,8442.0,164.0,False,0.24329855584761897,0.32214269269698415,1.56910610363803,1.414660641284008,0.9186715884620253
deit_tiny,1.0,43,head_mc_temperature,1.0,nih,cardiomegaly,21329,497,20832,0.023301608139153267,0.8848876670159203,0.21518598592237573,0.020209272932249705,0.0825453428929976,0.0020555223925062135,0.0030279712552841237,0.8853118712273642,0.716589861751152,0.06935687263556116,0.9961961961961961,0.12863616430346442,0.015993937149804467,440.0,14928.0,5904.0,57.0,False,0.022759736702063146,0.11206033721744435,0.1745419113035457,1.0458737741413107,0.04657592372240026
deit_tiny,1.0,43,head_mc_temperature,1.0,nih,pleural_effusion,21329,2536,18793,0.11889915139012612,0.8782510930558245,0.5101666133608054,0.07620183577985688,0.2528869087131224,0.015008852197391342,0.014033656351622719,0.9223186119873817,0.6393337944979514,0.2565536909070966,0.9838683262364887,0.401441688835493,0.05302227105259526,2339.0,12015.0,6778.0,197.0,False,0.10479318686123498,0.2728359728122228,0.2147164400766083,1.090578301505085,0.08231231386024489
deit_tiny,1.0,43,head_mc_temperature,1.0,vinbig,cardiomegaly,14998,1817,13181,0.12114948659821309,0.8890211836996074,0.5603851734473454,0.09961861009389977,0.35218347626048124,0.0928427147131099,0.09327101146551682,0.8915795266923501,0.7142098475077764,0.3007239651011695,0.9795026532098637,0.4497501388117712,0.015993937149804467,1620.0,9414.0,3767.0,197.0,False,0.11584294874158528,0.1400546068960803,2.7106688764056703,1.2529335906145118,1.887359204648654
deit_tiny,1.0,43,head_mc_temperature,1.0,vinbig,pleural_effusion,14998,634,14364,0.04227230297372983,0.9179232035574391,0.6547163638072968,0.02484502689106202,0.10958398387151656,0.034292037940761876,0.03194178803230831,0.9006309148264984,0.7144249512670565,0.1221913117911406,0.9938983050847457,0.21518748822310158,0.05302227105259526,571.0,10262.0,4102.0,63.0,False,0.04553419164022411,0.45436547798260785,0.8339965969760347,1.7653513765708266,-0.5334682747789599
deit_tiny,1.0,101,raw,1.0,chexpert,cardiomegaly,19255,2034,17221,0.10563490002596729,0.7917050864643149,0.36032106245439716,0.08552238853602451,0.3448330323873509,0.060987089127313286,0.06074041758114034,0.8411996066863323,0.5486905522327391,0.18042813455657492,0.9669463774048301,0.29712598767040027,0.0073743653082378275,1711.0,9449.0,7772.0,323.0,False,0.1010838392508862,0.15394598019015449,0.03592426339017807,0.5544933861773239,1.2747351131590647
deit_tiny,1.0,101,raw,1.0,chexpert,pleural_effusion,18933,5642,13291,0.2979982041937358,0.8518358354240506,0.7103394257879915,0.17679222684688123,0.5382116434947338,0.15747576754528025,0.15747576754528025,0.9645515774548032,0.38845835527800765,0.4010316875460575,0.9627074398657468,0.5665209244222361,0.028007520605988132,5442.0,5163.0,8128.0,200.0,False,0.24329855584761897,0.273352748720759,1.4987862439909365,1.1074879267796367,1.2977457084844373
deit_tiny,1.0,101,raw,1.0,nih,cardiomegaly,21329,497,20832,0.023301608139153267,0.8925758854200473,0.22181850360584854,0.02076559233840184,0.08321388465339391,0.00836031271503469,0.00829172434764853,0.9235412474849095,0.6720430107526881,0.0629543272527774,0.9972930616896993,0.11787365177195686,0.0073743653082378275,459.0,14000.0,6832.0,38.0,False,0.022759736702063146,0.08761719829037118,-0.756856539190262,0.750372836796049,-0.21113701104569416
deit_tiny,1.0,101,raw,1.0,nih,pleural_effusion,21329,2536,18793,0.11889915139012612,0.8776755255371446,0.508438735465232,0.0761974122408278,0.2558734760886066,0.01967332131920594,0.017971617929747913,0.9136435331230284,0.6286383227797584,0.24924698795180722,0.9818000498628771,0.3916497633536173,0.028007520605988132,2317.0,11814.0,6979.0,219.0,False,0.10479318686123498,0.2728781848983478,0.04325401047206356,0.8391932187569426,0.2731296417032786
deit_tiny,1.0,101,raw,1.0,vinbig,cardiomegaly,14998,1817,13181,0.12114948659821309,0.8596428073513698,0.5089264419598213,0.095825734825582,0.36626725759873896,0.08708847924579903,0.0871314023246247,0.8882773802971932,0.638798270237463,0.2531764705882353,0.9764583091731416,0.39404296875,0.0073743653082378275,1614.0,8420.0,4761.0,203.0,False,0.11584294874158528,0.17279613591895304,1.146803428657735,0.7607239856237888,1.8995665802191115
deit_tiny,1.0,101,raw,1.0,vinbig,pleural_effusion,14998,634,14364,0.04227230297372983,0.9114162355591044,0.6100747215549385,0.02576333046789535,0.10205123247827384,0.013918087847756862,0.014298387493836183,0.8769716088328076,0.753411306042885,0.13567593948267448,0.9928440366972477,0.23499577345731193,0.028007520605988132,556.0,10822.0,3542.0,78.0,False,0.04553419164022411,0.4341981368318292,0.8087395681798754,1.3413445031809228,0.07265079571646134
deit_tiny,1.0,101,temperature,0.1,chexpert,cardiomegaly,19255,2034,17221,0.10563490002596729,0.7917050864643149,0.36032106245439716,0.08427598913555082,0.3243261070674968,0.054164785652819604,0.05394961093983623,0.9321533923303835,0.33859822309970383,0.1427066084600331,0.9768805495057798,0.2475195822454308,0.00387473688983333,1896.0,5831.0,11390.0,138.0,False,0.1010838392508862,0.16627633299145816,0.03600141461048862,0.6131947907719116,1.028740898266548
deit_tiny,1.0,101,temperature,0.1,chexpert,pleural_effusion,18933,5642,13291,0.2979982041937358,0.8518358354240506,0.7103394257879915,0.16805675142494436,0.5001498113740718,0.12939184731580738,0.12939184731580738,0.9680964197093229,0.3690467233466255,0.3944251877527441,0.9646017699115044,0.5604925602873269,0.05098478949924887,5462.0,4905.0,8386.0,180.0,False,0.24329855584761897,0.3092570942747376,1.4987746546391651,1.3708315896730667,0.9291244299433149
deit_tiny,1.0,101,temperature,0.1,nih,cardiomegaly,21329,497,20832,0.023301608139153267,0.8925758854200473,0.22181850360584854,0.02092107859181784,0.0833383125990735,0.008718538660892528,0.009554672024192436,0.9778672032193159,0.49798387096774194,0.044407894736842105,0.9989407799711122,0.0849576086006468,0.00387473688983333,486.0,10374.0,10458.0,11.0,False,0.022759736702063146,0.08078556155171313,-0.7569289015167353,0.8297380824340193,-0.40673336665519244
deit_tiny,1.0,101,temperature,0.1,nih,pleural_effusion,21329,2536,18793,0.11889915139012612,0.8776755255371446,0.508438735465232,0.07577745209911343,0.25121031571978947,0.005624399438148278,0.007383731061615941,0.918769716088328,0.6174639493428404,0.24477361067339007,0.9825571549534293,0.3865615927001244,0.05098478949924887,2330.0,11604.0,7189.0,206.0,False,0.10479318686123498,0.2768856986909235,0.04348554805776526,1.0388451665320488,-0.005070546850621719
deit_tiny,1.0,101,temperature,0.1,vinbig,cardiomegaly,14998,1817,13181,0.12114948659821309,0.8596428073513698,0.5089264419598213,0.09379381406362432,0.34137456434886704,0.08119778485455027,0.08129557055382998,0.9763346175013758,0.43949624459449205,0.19362584588517792,0.9926319396847155,0.32316240094726295,0.00387473688983333,1774.0,5793.0,7388.0,43.0,False,0.11584294874158528,0.19033644185928578,1.1469246971648481,0.8412614746871562,1.6049733006655293
deit_tiny,1.0,101,temperature,0.1,vinbig,pleural_effusion,14998,634,14364,0.04227230297372983,0.9114162355591044,0.6100747215549385,0.026502996105879528,0.1108127302489157,0.029809195863223607,0.028343093853798976,0.8801261829652997,0.7364940128098023,0.1284826157034308,0.9928671984983576,0.22423146473779385,0.05098478949924887,558.0,10579.0,3785.0,76.0,False,0.04553419164022411,0.417953956110923,0.8087406790853693,1.6602870973086872,-0.3961257935401315
deit_tiny,1.0,101,logistic,0.1,chexpert,cardiomegaly,19255,2034,17221,0.10563490002596729,0.7917050864643149,0.36032106245439716,0.09170857221988771,0.33932830299726835,0.07344947539523276,0.07344947539523276,0.9321533923303835,0.33859822309970383,0.1427066084600331,0.9768805495057798,0.2475195822454308,0.008530430000445335,1896.0,5831.0,11390.0,138.0,False,0.1010838392508862,0.09274743718161949,1.4173602023957006,1.0060419367347417,1.398680312329482
deit_tiny,1.0,101,logistic,0.1,chexpert,pleural_effusion,18933,5642,13291,0.2979982041937358,0.8518358354240506,0.7103394257879915,0.16793471345132663,0.499864501752963,0.12917327298539302,0.129173272985393,0.9680964197093229,0.3690467233466255,0.3944251877527441,0.9646017699115044,0.5604925602873269,0.050965090456038156,5462.0,4905.0,8386.0,180.0,False,0.24329855584761897,0.3097586918826337,1.4938861117996862,1.3689690457388473,0.9277024703918427
deit_tiny,1.0,101,logistic,0.1,nih,cardiomegaly,21329,497,20832,0.023301608139153267,0.8925758854200473,0.22181850360584854,0.020337100023168197,0.0825193582336713,0.005478684817400441,0.006397916026727695,0.9778672032193159,0.49798387096774194,0.044407894736842105,0.9989407799711122,0.0849576086006468,0.008530430000445335,486.0,10374.0,10458.0,11.0,False,0.022759736702063146,0.10644396772284892,1.1117652033554561,1.3611639697248965,0.07234721801191915
deit_tiny,1.0,101,logistic,0.1,nih,pleural_effusion,21329,2536,18793,0.11889915139012612,0.8776755255371446,0.508438735465232,0.07577476178831992,0.2512044196818265,0.005651200495683186,0.007380751824607588,0.918769716088328,0.6174639493428404,0.24477361067339007,0.9825571549534293,0.3865615927001244,0.050965090456038156,2330.0,11604.0,7189.0,206.0,False,0.10479318686123498,0.276911371264438,0.03974127341346486,1.0374130555442898,-0.006921458185621687
deit_tiny,1.0,101,logistic,0.1,vinbig,cardiomegaly,14998,1817,13181,0.12114948659821309,0.8596428073513698,0.5089264419598213,0.10483134385867575,0.37372844031503893,0.09462674466842022,0.09515351623132509,0.9763346175013758,0.43949624459449205,0.19362584588517792,0.9926319396847155,0.32316240094726295,0.008530430000445335,1774.0,5793.0,7388.0,43.0,False,0.11584294874158528,0.09505632412270071,3.041838315004985,1.380166480702093,1.8027184503946116
deit_tiny,1.0,101,logistic,0.1,vinbig,pleural_effusion,14998,634,14364,0.04227230297372983,0.9114162355591044,0.6100747215549385,0.02649234939792502,0.11077978427465247,0.029658173877318256,0.028293371582064568,0.8801261829652997,0.7364940128098023,0.1284826157034308,0.9928671984983576,0.22423146473779385,0.050965090456038156,558.0,10579.0,3785.0,76.0,False,0.04553419164022411,0.41818777398647966,0.8028199169944616,1.6580312034913212,-0.39686903994953976
deit_tiny,1.0,101,temperature,0.25,chexpert,cardiomegaly,19255,2034,17221,0.10563490002596729,0.7917050864643149,0.36032106245439716,0.08445229361264601,0.32703647377083905,0.05529822259265099,0.05499915968376753,0.8190757128810227,0.588874049126067,0.19048707980791219,0.9649823960414883,0.3090909090909091,0.013661726107747988,1666.0,10141.0,7080.0,368.0,False,0.1010838392508862,0.16453219190617918,0.03598675788195106,0.6043522701764158,1.0632557159038571
deit_tiny,1.0,101,temperature,0.25,chexpert,pleural_effusion,18933,5642,13291,0.2979982041937358,0.8518358354240506,0.7103394257879915,0.16773697933332773,0.4989998573339991,0.12810799529317918,0.12810799529317915,0.9668557249202411,0.3747648784892032,0.39629495096258627,0.9638157894736842,0.562168289792343,0.0531262956422205,5455.0,4981.0,8310.0,187.0,False,0.24329855584761897,0.31057141400221233,1.4987746954974817,1.3832269581669845,0.9149573699178728
deit_tiny,1.0,101,temperature,0.25,nih,cardiomegaly,21329,497,20832,0.023301608139153267,0.8925758854200473,0.22181850360584854,0.020890717015365948,0.08322611236194959,0.007984237133602105,0.009082406953532627,0.8913480885311871,0.7046850998463902,0.067172100075815,0.9963350074657256,0.12492949802594473,0.013661726107747988,443.0,14680.0,6152.0,54.0,False,0.022759736702063146,0.0821195654046285,-0.7572108872690382,0.8176590531230917,-0.3787968146892983
deit_tiny,1.0,101,temperature,0.25,nih,pleural_effusion,21329,2536,18793,0.11889915139012612,0.8776755255371446,0.508438735465232,0.07578849674591323,0.2512706081768557,0.006542637867762168,0.007876997063033214,0.916403785488959,0.6211355291863991,0.2460821685726387,0.9821623895666807,0.38797996661101836,0.0531262956422205,2324.0,11673.0,7120.0,212.0,False,0.10479318686123498,0.2767803039879795,0.043299004708054686,1.0481455409698128,-0.01644475942215794
deit_tiny,1.0,101,temperature,0.25,vinbig,cardiomegaly,14998,1817,13181,0.12114948659821309,0.8596428073513698,0.5089264419598213,0.09408981614257972,0.3447029724771092,0.08211356980883792,0.08220082337914497,0.8569069895432031,0.677414460207875,0.26803236357376486,0.9717052998149962,0.4083398898505114,0.013661726107747988,1557.0,8929.0,4252.0,260.0,False,0.11584294874158528,0.18778124033713095,1.146803804632417,0.829103024882013,1.646166954538304
deit_tiny,1.0,101,temperature,0.25,vinbig,pleural_effusion,14998,634,14364,0.04227230297372983,0.9114162355591044,0.6100747215549385,0.026564900770587676,0.11141959340845305,0.030219353353501493,0.02913616587931276,0.8785488958990536,0.7416457811194653,0.13050609184629802,0.9928238583410998,0.22725418196654426,0.0531262956422205,557.0,10653.0,3711.0,77.0,False,0.04553419164022411,0.416594435660944,0.8087417983390496,1.6752985357278658,-0.4147967694530817
deit_tiny,1.0,101,logistic,0.25,chexpert,cardiomegaly,19255,2034,17221,0.10563490002596729,0.7917050864643149,0.36032106245439716,0.08668681037037544,0.3281157431795369,0.06322012210552151,0.0632201221055215,0.8190757128810227,0.588874049126067,0.19048707980791219,0.9649823960414883,0.3090909090909091,0.015813050189307763,1666.0,10141.0,7080.0,368.0,False,0.1010838392508862,0.14242661326681394,0.4181190846649234,0.7185611150059419,1.204235064904093
deit_tiny,1.0,101,logistic,0.25,chexpert,pleural_effusion,18933,5642,13291,0.2979982041937358,0.8518358354240506,0.7103394257879915,0.1689924036638789,0.5019269700597415,0.13032175537500074,0.1303217553750007,0.9668557249202411,0.3747648784892032,0.39629495096258627,0.9638157894736842,0.562168289792343,0.053344616705328494,5455.0,4981.0,8310.0,187.0,False,0.24329855584761897,0.3054113984559734,1.5500114557604274,1.4031239736226595,0.9292112616505278
deit_tiny,1.0,101,logistic,0.25,nih,cardiomegaly,21329,497,20832,0.023301608139153267,0.8925758854200473,0.22181850360584854,0.020112114814867892,0.08119745694347566,0.0037711092320588347,0.003909191893514823,0.8913480885311871,0.7046850998463902,0.067172100075815,0.9963350074657256,0.12492949802594473,0.015813050189307763,443.0,14680.0,6152.0,54.0,False,0.022759736702063146,0.11632919667982144,-0.2406492172715694,0.9720420007005347,-0.17358038833359254
deit_tiny,1.0,101,logistic,0.25,nih,pleural_effusion,21329,2536,18793,0.11889915139012612,0.8776755255371446,0.508438735465232,0.07582739778073548,0.25136193377714344,0.0061922033968190545,0.00792407315083991,0.916403785488959,0.6211355291863991,0.2460821685726387,0.9821623895666807,0.38797996661101836,0.053344616705328494,2324.0,11673.0,7120.0,212.0,False,0.10479318686123498,0.27640908677446185,0.08216135102470308,1.0632318109986472,0.00209104520118828
deit_tiny,1.0,101,logistic,0.25,vinbig,cardiomegaly,14998,1817,13181,0.12114948659821309,0.8596428073513698,0.5089264419598213,0.09810273696357082,0.35285513244292654,0.08775247478991473,0.08793292072781746,0.8569069895432031,0.677414460207875,0.26803236357376486,0.9717052998149962,0.4083398898505114,0.015813050189307763,1557.0,8929.0,4252.0,260.0,False,0.11584294874158528,0.1531401951584308,1.671116766740461,0.9858169713429811,1.7143602787364887
deit_tiny,1.0,101,logistic,0.25,vinbig,pleural_effusion,14998,634,14364,0.04227230297372983,0.9114162355591044,0.6100747215549385,0.026677970658989802,0.11178054679264512,0.031017096758824827,0.029666629130665464,0.8785488958990536,0.7416457811194653,0.13050609184629802,0.9928238583410998,0.22725418196654426,0.053344616705328494,557.0,10653.0,3711.0,77.0,False,0.04553419164022411,0.414111249195364,0.8707971238270792,1.6993975435323743,-0.4077243121164511
deit_tiny,1.0,101,temperature,0.5,chexpert,cardiomegaly,19255,2034,17221,0.10563490002596729,0.7917050864643149,0.36032106245439716,0.0842902625657346,0.32454332367139804,0.054252205186569216,0.05403583500307367,0.7979351032448377,0.6259799082515534,0.20126488095238096,0.963274059512108,0.3214497920380273,0.01761761560171856,1623.0,10780.0,6441.0,411.0,False,0.1010838392508862,0.16613512911268224,0.036004340596720544,0.6124717870153429,1.0315345352941663
deit_tiny,1.0,101,temperature,0.5,chexpert,pleural_effusion,18933,5642,13291,0.2979982041937358,0.8518358354240506,0.7103394257879915,0.16778581049676788,0.4991742963793237,0.1283057283694077,0.12830572836940773,0.9776674937965261,0.3017079226544278,0.3727782658647023,0.9695357833655706,0.539752434072117,0.04269757629032326,5516.0,4010.0,9281.0,126.0,False,0.24329855584761897,0.3103707093031234,1.4987746848679342,1.3813152288057597,0.9171271896184006
deit_tiny,1.0,101,temperature,0.5,nih,cardiomegaly,21329,497,20832,0.023301608139153267,0.8925758854200473,0.22181850360584854,0.020918500960200186,0.08332797667078096,0.008658091636417495,0.009516061218551265,0.8752515090543259,0.732910906298003,0.07251208534755793,0.995955642530985,0.13392857142857142,0.01761761560171856,435.0,15268.0,5564.0,62.0,False,0.022759736702063146,0.0808988155691649,-0.7569275258861756,0.8287671774338047,-0.4044659725905628
deit_tiny,1.0,101,temperature,0.5,nih,pleural_effusion,21329,2536,18793,0.11889915139012612,0.8776755255371446,0.508438735465232,0.07578662596350025,0.251260007775336,0.006435558005718015,0.007800916388438228,0.9365141955835962,0.5742031607513436,0.22887154283511613,0.9852994886778671,0.3678463563850383,0.04269757629032326,2375.0,10791.0,8002.0,161.0,False,0.10479318686123498,0.2767981561257855,0.04356286099875942,1.0468394961951262,-0.014699626393509883
deit_tiny,1.0,101,temperature,0.5,vinbig,cardiomegaly,14998,1817,13181,0.12114948659821309,0.8596428073513698,0.5089264419598213,0.09381789653197735,0.34164183887589944,0.08127308976010454,0.08136997954229962,0.8310401761144744,0.7109475760564449,0.28383458646616544,0.9682785699524695,0.4231469805240297,0.01761761560171856,1510.0,9371.0,3810.0,307.0,False,0.11584294874158528,0.19012855291468755,1.1469507708758346,0.8402736162301234,1.6083057798431477
deit_tiny,1.0,101,temperature,0.5,vinbig,pleural_effusion,14998,634,14364,0.04227230297372983,0.9114162355591044,0.6100747215549385,0.02655519241843267,0.11132506618459163,0.03014343852501265,0.029013366556044206,0.9037854889589906,0.6663185742133111,0.10678345136041745,0.9936669435215947,0.191,0.04269757629032326,573.0,9571.0,4793.0,61.0,False,0.04553419164022411,0.41680764581808727,0.8087416022143352,1.6729833371663319,-0.41193380281706293
deit_tiny,1.0,101,logistic,0.5,chexpert,cardiomegaly,19255,2034,17221,0.10563490002596729,0.7917050864643149,0.36032106245439716,0.0865154800605784,0.3259269948949819,0.062348759252857204,0.0623487592528572,0.7979351032448377,0.6259799082515534,0.20126488095238096,0.963274059512108,0.3214497920380273,0.019566859679756188,1623.0,10780.0,6441.0,411.0,False,0.1010838392508862,0.14412154601834715,0.419223968452826,0.7271067880035013,1.174384583692836
deit_tiny,1.0,101,logistic,0.5,chexpert,pleural_effusion,18933,5642,13291,0.2979982041937358,0.8518358354240506,0.7103394257879915,0.17029265912801714,0.5050678576244819,0.13273718452053415,0.13273718452053415,0.9776674937965261,0.3017079226544278,0.3727782658647023,0.9695357833655706,0.539752434072117,0.0432007994978755,5516.0,4010.0,9281.0,126.0,False,0.24329855584761897,0.30006711903923655,1.6001747037677905,1.4195069890811591,0.9462261373726115
deit_tiny,1.0,101,logistic,0.5,nih,cardiomegaly,21329,497,20832,0.023301608139153267,0.8925758854200473,0.22181850360584854,0.020124258175922952,0.08129330809456696,0.004279691671826749,0.004417537460207226,0.8752515090543259,0.732910906298003,0.07251208534755793,0.995955642530985,0.13392857142857142,0.019566859679756188,435.0,15268.0,5564.0,62.0,False,0.022759736702063146,0.11579565091810973,-0.23892376142219524,0.9836848111302837,-0.20010515392823713
deit_tiny,1.0,101,logistic,0.5,nih,pleural_effusion,21329,2536,18793,0.11889915139012612,0.8776755255371446,0.508438735465232,0.07588424115161634,0.2514830256154842,0.006688296501984192,0.007859016399496741,0.9365141955835962,0.5742031607513436,0.22887154283511613,0.9852994886778671,0.3678463563850383,0.0432007994978755,2375.0,10791.0,8002.0,161.0,False,0.10479318686123498,0.27586665293326074,0.12017266621477499,1.0756436696597975,0.022448609550655727
deit_tiny,1.0,101,logistic,0.5,vinbig,cardiomegaly,14998,1817,13181,0.12114948659821309,0.8596428073513698,0.5089264419598213,0.09784152288462783,0.3501450524778386,0.08699343145664651,0.08718951725372681,0.8310401761144744,0.7109475760564449,0.28383458646616544,0.9682785699524695,0.4231469805240297,0.019566859679756188,1510.0,9371.0,3810.0,307.0,False,0.11584294874158528,0.1553950935513031,1.6726089271315736,0.9975340713920112,1.680045810534954
deit_tiny,1.0,101,logistic,0.5,vinbig,pleural_effusion,14998,634,14364,0.04227230297372983,0.9114162355591044,0.6100747215549385,0.026776862855956256,0.11199036241069275,0.03107787272898527,0.029980471139097756,0.9037854889589906,0.6663185742133111,0.10678345136041745,0.9936669435215947,0.191,0.0432007994978755,573.0,9571.0,4793.0,61.0,False,0.04553419164022411,0.41193942636499903,0.9315520864088039,1.719241123902396,-0.3965772487844947
deit_tiny,1.0,101,temperature,1.0,chexpert,cardiomegaly,19255,2034,17221,0.10563490002596729,0.7917050864643149,0.36032106245439716,0.08482454654745886,0.33295892352164635,0.05755901989884408,0.057111393258051715,0.8411996066863323,0.5486905522327391,0.18042813455657492,0.9669463774048301,0.29712598767040027,0.009599739065085777,1711.0,9449.0,7772.0,323.0,False,0.1010838392508862,0.16084957619261375,0.036005464556772344,0.5863117292675362,1.1363017888611062
deit_tiny,1.0,101,temperature,1.0,chexpert,pleural_effusion,18933,5642,13291,0.2979982041937358,0.8518358354240506,0.7103394257879915,0.16807150817829833,0.5002033127387028,0.1294504764259523,0.12945047642595228,0.9645515774548032,0.38845835527800765,0.4010316875460575,0.9627074398657468,0.5665209244222361,0.05382467104576401,5442.0,5163.0,8128.0,200.0,False,0.24329855584761897,0.3091964414142939,1.4987746542611429,1.3702664984994253,0.9297758711695404
deit_tiny,1.0,101,temperature,1.0,nih,cardiomegaly,21329,497,20832,0.023301608139153267,0.8925758854200473,0.22181850360584854,0.020836449040082635,0.08309573284857856,0.008386174984046922,0.008315777128126783,0.9235412474849095,0.6720430107526881,0.0629543272527774,0.9972930616896993,0.11787365177195686,0.009599739065085777,459.0,14000.0,6832.0,38.0,False,0.022759736702063146,0.08450395042602432,-0.7571778784299217,0.793301175680501,-0.3202143885241842
deit_tiny,1.0,101,temperature,1.0,nih,pleural_effusion,21329,2536,18793,0.11889915139012612,0.8776755255371446,0.508438735465232,0.07577700993108662,0.2512080468010887,0.005669649241565553,0.007361245316198348,0.9136435331230284,0.6286383227797584,0.24924698795180722,0.9818000498628771,0.3916497633536173,0.05382467104576401,2317.0,11814.0,6979.0,219.0,False,0.10479318686123498,0.2768899181257938,0.043502789605856934,1.0384261822756786,-0.004549003621280123
deit_tiny,1.0,101,temperature,1.0,vinbig,cardiomegaly,14998,1817,13181,0.12114948659821309,0.8596428073513698,0.5089264419598213,0.09470490586115815,0.35193048285148626,0.08395084208913081,0.0840192794822342,0.8882773802971932,0.638798270237463,0.2531764705882353,0.9764583091731416,0.39404296875,0.009599739065085777,1614.0,8420.0,4761.0,203.0,False,0.11584294874158528,0.18247155403114323,1.1468028309116542,0.804363115587095,1.7335009092632865
deit_tiny,1.0,101,temperature,1.0,vinbig,pleural_effusion,14998,634,14364,0.04227230297372983,0.9114162355591044,0.6100747215549385,0.026500232710836246,0.11078540701136423,0.029771107503973108,0.02830711704732154,0.8769716088328076,0.753411306042885,0.13567593948267448,0.9928440366972477,0.23499577345731193,0.05382467104576401,556.0,10822.0,3542.0,78.0,False,0.04553419164022411,0.4180146444627689,0.8087406367525783,1.659602740191408,-0.3952684821711218
deit_tiny,1.0,101,logistic,1.0,chexpert,cardiomegaly,19255,2034,17221,0.10563490002596729,0.7917050864643149,0.36032106245439716,0.08766920065391556,0.33516717834019394,0.06685910445773333,0.06685910445773331,0.8411996066863323,0.5486905522327391,0.18042813455657492,0.9669463774048301,0.29712598767040027,0.011847319658286198,1711.0,9449.0,7772.0,323.0,False,0.1010838392508862,0.13270804409868142,0.49512337423739333,0.7182798315018752,1.3124524937031108
deit_tiny,1.0,101,logistic,1.0,chexpert,pleural_effusion,18933,5642,13291,0.2979982041937358,0.8518358354240506,0.7103394257879915,0.16678982500733797,0.49719793534132845,0.1271062521024919,0.1271062521024919,0.9645515774548032,0.38845835527800765,0.4010316875460575,0.9627074398657468,0.5665209244222361,0.05369153285863069,5442.0,5163.0,8128.0,200.0,False,0.24329855584761897,0.3144643854285737,1.4480370768185318,1.351334071511826,0.9143424312294692
deit_tiny,1.0,101,logistic,1.0,nih,cardiomegaly,21329,497,20832,0.023301608139153267,0.8925758854200473,0.22181850360584854,0.020042650051256213,0.08093023276000602,0.0017220625201714143,0.0022451353390635833,0.9235412474849095,0.6720430107526881,0.0629543272527774,0.9972930616896993,0.11787365177195686,0.011847319658286198,459.0,14000.0,6832.0,38.0,False,0.022759736702063146,0.11938128662800529,-0.1370077789439655,0.9715672154700766,-0.06547661512480749
deit_tiny,1.0,101,logistic,1.0,nih,pleural_effusion,21329,2536,18793,0.11889915139012612,0.8776755255371446,0.508438735465232,0.07576013976847847,0.2511733516063808,0.005959759746307918,0.007351388871851368,0.9136435331230284,0.6286383227797584,0.24924698795180722,0.9818000498628771,0.3916497633536173,0.05369153285863069,2317.0,11814.0,6979.0,219.0,False,0.10479318686123498,0.2770509034256349,0.004943979203186409,1.0240484957391969,-0.024460077529219103
deit_tiny,1.0,101,logistic,1.0,vinbig,cardiomegaly,14998,1817,13181,0.12114948659821309,0.8596428073513698,0.5089264419598213,0.09956952118404594,0.3625149285572226,0.09066917932267832,0.0908308381769118,0.8882773802971932,0.638798270237463,0.2531764705882353,0.9764583091731416,0.39404296875,0.011847319658286198,1614.0,8420.0,4761.0,203.0,False,0.11584294874158528,0.1404783608697756,1.777050040789556,0.9855142159444591,1.8227288806140602
deit_tiny,1.0,101,logistic,1.0,vinbig,pleural_effusion,14998,634,14364,0.04227230297372983,0.9114162355591044,0.6100747215549385,0.026393280491226682,0.11046622499089663,0.029009884187300057,0.0278113856555828,0.8769716088328076,0.753411306042885,0.13567593948267448,0.9928440366972477,0.23499577345731193,0.05369153285863069,556.0,10822.0,3542.0,78.0,False,0.04553419164022411,0.4203634776309212,0.7472898466727322,1.6366720077272114,-0.4037778255932229
deit_tiny,1.0,101,head_mc,1.0,chexpert,cardiomegaly,19255,2034,17221,0.10563490002596729,0.79134319952024,0.35999090026519637,0.08546280485422592,0.34318500355403553,0.060526648831335,0.06028496273666686,0.8352999016715831,0.5562975436966494,0.18190578158458245,0.9662128088754413,0.2987515385967997,0.008039206000087264,1699.0,9580.0,7641.0,335.0,False,0.1010838392508862,0.15453542833775313,0.03774888889878766,0.5596712617076723,1.2559895538257912
deit_tiny,1.0,101,head_mc,1.0,chexpert,pleural_effusion,18933,5642,13291,0.2979982041937358,0.8517880009903476,0.7102114593802247,0.1766966956892883,0.5374152457811135,0.15704326495151136,0.15704326495151136,0.9659695143566112,0.3849221277556241,0.4,0.9638281838733986,0.5657341568484975,0.028261041324551196,5450.0,5116.0,8175.0,192.0,False,0.24329855584761897,0.27374539863707315,1.5031020667753876,1.1143633027674218,1.2898301524002922
deit_tiny,1.0,101,head_mc,1.0,nih,cardiomegaly,21329,497,20832,0.023301608139153267,0.8927943621792197,0.22540041727919546,0.020751426449982513,0.08306893826011989,0.008502341215059725,0.008414294072738424,0.9175050301810865,0.6784274193548387,0.06373165618448637,0.997107379709327,0.11918452692106639,0.008039206000087264,456.0,14133.0,6699.0,41.0,False,0.022759736702063146,0.08823960832106559,-0.7521948273901778,0.758955573967015,-0.22769355689315404
deit_tiny,1.0,101,head_mc,1.0,nih,pleural_effusion,21329,2536,18793,0.11889915139012612,0.8774420126898046,0.5083741891326612,0.07619588285331125,0.25575488487015885,0.019340236084475722,0.01766683383943685,0.9136435331230284,0.6274676741339861,0.24865851040995923,0.9817667138456415,0.39092289522524043,0.028261041324551196,2317.0,11792.0,7001.0,219.0,False,0.10479318686123498,0.27289277923947197,0.04455397652179436,0.843941527805136,0.26749798783412454
deit_tiny,1.0,101,head_mc,1.0,vinbig,cardiomegaly,14998,1817,13181,0.12114948659821309,0.8590443282861119,0.5081402714588458,0.09567219245970436,0.3642618570545124,0.08658570609508788,0.08659929433208155,0.880022014309301,0.646612548365071,0.2555537797666613,0.9750600617778287,0.39608620262571215,0.008039206000087264,1599.0,8523.0,4658.0,218.0,False,0.11584294874158528,0.174121571498292,1.1442795960751388,0.7672149667248136,1.871822775616463
deit_tiny,1.0,101,head_mc,1.0,vinbig,pleural_effusion,14998,634,14364,0.04227230297372983,0.9114250751308696,0.6103162430593303,0.025771173976751924,0.10214362614702772,0.014232782321479545,0.014561316440968461,0.8738170347003155,0.7506265664160401,0.1339458413926499,0.992634873872215,0.23228511530398324,0.028261041324551196,554.0,10782.0,3582.0,80.0,False,0.04553419164022411,0.43402588146560794,0.8168971645106795,1.351273531532852,0.06103589319438108
deit_tiny,1.0,101,head_mc_temperature,1.0,chexpert,cardiomegaly,19255,2034,17221,0.10563490002596729,0.79134319952024,0.35999090026519637,0.084873426272955,0.3332103188167304,0.05735264783153401,0.057198596072915504,0.8352999016715831,0.5562975436966494,0.18190578158458245,0.9662128088754413,0.2987515385967997,0.010015277360754042,1699.0,9580.0,7641.0,335.0,False,0.1010838392508862,0.16036601991043875,0.03782983415569526,0.5867096290728041,1.1390687406356113
deit_tiny,1.0,101,head_mc_temperature,1.0,chexpert,pleural_effusion,18933,5642,13291,0.2979982041937358,0.8517880009903476,0.7102114593802247,0.1682161685824275,0.5006068369136069,0.12974378272288192,0.12974378272288195,0.9659695143566112,0.3849221277556241,0.4,0.9638281838733986,0.5657341568484975,0.053322733209376284,5450.0,5116.0,8175.0,192.0,False,0.24329855584761897,0.30860186162476255,1.5030789936688262,1.3704231755918905,0.9323794464917075
deit_tiny,1.0,101,head_mc_temperature,1.0,nih,cardiomegaly,21329,497,20832,0.023301608139153267,0.8927943621792197,0.22540041727919546,0.02081382548263558,0.08300321365221545,0.008122318866335253,0.008561660886937059,0.9175050301810865,0.6784274193548387,0.06373165618448637,0.997107379709327,0.11918452692106639,0.010015277360754042,456.0,14133.0,6699.0,41.0,False,0.022759736702063146,0.08549796708549673,-0.7521272968530719,0.7955974526775906,-0.3198907931557791
deit_tiny,1.0,101,head_mc_temperature,1.0,nih,pleural_effusion,21329,2536,18793,0.11889915139012612,0.8774420126898046,0.5083741891326612,0.07578925347342703,0.2513233027562119,0.005273468452913,0.0075515755028578825,0.9136435331230284,0.6274676741339861,0.24865851040995923,0.9817667138456415,0.39092289522524043,0.053322733209376284,2317.0,11792.0,7001.0,219.0,False,0.10479318686123498,0.27677308283614244,0.0448319777092025,1.0380023453458356,-0.0028492045222162925
deit_tiny,1.0,101,head_mc_temperature,1.0,vinbig,cardiomegaly,14998,1817,13181,0.12114948659821309,0.8590443282861119,0.5081402714588458,0.09472537424720323,0.35222210885669936,0.0839099203266984,0.08393059166654497,0.880022014309301,0.646612548365071,0.2555537797666613,0.9750600617778287,0.39608620262571215,0.010015277360754042,1599.0,8523.0,4658.0,218.0,False,0.11584294874158528,0.1822948632073388,1.1442676976220296,0.8042591329536183,1.7317819114332256
deit_tiny,1.0,101,head_mc_temperature,1.0,vinbig,pleural_effusion,14998,634,14364,0.04227230297372983,0.9114250751308696,0.6103162430593303,0.026493425282411952,0.11076496292761921,0.02960828014566801,0.028192877568668735,0.8738170347003155,0.7506265664160401,0.1339458413926499,0.992634873872215,0.23228511530398324,0.053322733209376284,554.0,10782.0,3582.0,80.0,False,0.04553419164022411,0.4181641459292291,0.8168977394892382,1.6617795312101742,-0.3938633380536807
deit_tiny,1.0,ensemble,ensemble,1.0,chexpert,cardiomegaly,19255,2034,17221,0.10563490002596729,0.8155058620489026,0.40727766391778447,0.08467520740242473,0.32366870996968417,0.06581897557683822,0.06579299734358798,0.8495575221238938,0.5961326287672029,0.19900955890821145,0.97105561861521,0.32247830549594103,0.01178504154086113,1728.0,10266.0,6955.0,306.0,False,0.1010838392508862,0.16232695522907348,0.5606990329107063,0.7259530300676417,1.3404954555779764
deit_tiny,1.0,ensemble,ensemble,1.0,chexpert,pleural_effusion,18933,5642,13291,0.2979982041937358,0.8676638588063006,0.7410304335515658,0.1636533804732668,0.48871299413597896,0.13447030087511777,0.1345902347185793,0.967032967032967,0.40598901512301555,0.40865852745112724,0.9666786098172698,0.5745274574843363,0.04634001851081848,5456.0,5396.0,7895.0,186.0,False,0.24329855584761897,0.32735572595932294,1.5998730981576272,1.3727295886988122,1.0084546351043289
deit_tiny,1.0,ensemble,ensemble,1.0,nih,cardiomegaly,21329,497,20832,0.023301608139153267,0.9056348459420116,0.24516696505316693,0.0197522732585714,0.07810256822855939,0.002641579332953988,0.0029383661499293038,0.9235412474849095,0.6976766513056836,0.0679295545360367,0.9973922591270931,0.12655086848635236,0.01178504154086113,459.0,14534.0,6298.0,38.0,False,0.022759736702063146,0.13213964128236688,-0.24756469246757953,0.9430987934452361,-0.11289755114424141
deit_tiny,1.0,ensemble,ensemble,1.0,nih,pleural_effusion,21329,2536,18793,0.11889915139012612,0.885389223469172,0.5279609680970324,0.07441522235583094,0.24572224816071994,0.008972950537235657,0.009694162894545024,0.9258675078864353,0.6460916298621827,0.26091787976441827,0.9847526358475264,0.4071087993064586,0.04634001851081848,2348.0,12142.0,6651.0,188.0,False,0.10479318686123498,0.28988491919450765,0.15681298840603758,1.02793198777234,0.11884046730192523
deit_tiny,1.0,ensemble,ensemble,1.0,vinbig,cardiomegaly,14998,1817,13181,0.12114948659821309,0.8869253483013713,0.5618393710370886,0.09519497360698245,0.33491241130222343,0.08741006547454283,0.08764208708256409,0.9273527793065492,0.6628480388437903,0.27492249959210313,0.9851166986131469,0.4241127611376793,0.01178504154086113,1685.0,8737.0,4444.0,132.0,False,0.11584294874158528,0.1782411045204223,1.891107761269202,1.0400407985736102,1.7705518649701584
deit_tiny,1.0,ensemble,ensemble,1.0,vinbig,pleural_effusion,14998,634,14364,0.04227230297372983,0.9272919417365708,0.6815241964689366,0.023955256079903686,0.10035410606649223,0.027337112141846566,0.02712146100301847,0.9022082018927445,0.75682261208577,0.14071340713407135,0.99432909539925,0.24345605447967653,0.04634001851081848,572.0,10871.0,3493.0,62.0,False,0.04553419164022411,0.47390619626720176,1.0334702615228906,1.7148154900120565,-0.302709644539161
deit_tiny,1.0,ensemble,ensemble_temperature,1.0,chexpert,cardiomegaly,19255,2034,17221,0.10563490002596729,0.8155058620489026,0.40727766391778447,0.08506722324981794,0.32871998457636986,0.06743771233151603,0.06741017399505664,0.8495575221238938,0.5961326287672029,0.19900955890821145,0.97105561861521,0.32247830549594103,0.01058636512607336,1728.0,10266.0,6955.0,306.0,False,0.1010838392508862,0.15844882940502125,0.5607028492396496,0.7085989689079504,1.4067597401578877
deit_tiny,1.0,ensemble,ensemble_temperature,1.0,chexpert,pleural_effusion,18933,5642,13291,0.2979982041937358,0.8676638588063006,0.7410304335515658,0.16201016293754503,0.48272331460107626,0.12802245994836586,0.1286126029079435,0.967032967032967,0.40598901512301555,0.40865852745112724,0.9666786098172698,0.5745274574843363,0.0529693141579628,5456.0,5396.0,7895.0,186.0,False,0.24329855584761897,0.33410964001358856,1.5998737052211922,1.4397004865865985,0.9321457629207552
deit_tiny,1.0,ensemble,ensemble_temperature,1.0,nih,cardiomegaly,21329,497,20832,0.023301608139153267,0.9056348459420115,0.24516696505316693,0.01974953101238786,0.0780872614608874,0.0027960788030682417,0.002527148122838644,0.9235412474849095,0.6976766513056836,0.0679295545360367,0.9973922591270931,0.12655086848635236,0.01058636512607336,459.0,14534.0,6298.0,38.0,False,0.022759736702063146,0.13226012800940778,-0.2481580493463416,0.9204308869107625,-0.056405342818190804
deit_tiny,1.0,ensemble,ensemble_temperature,1.0,nih,pleural_effusion,21329,2536,18793,0.11889915139012612,0.8853892234691723,0.5279609680970325,0.07436093744118227,0.24565008447138878,0.008082044170016654,0.007791118057835229,0.9258675078864353,0.6460916298621827,0.26091787976441827,0.9847526358475264,0.4071087993064586,0.0529693141579628,2348.0,12142.0,6651.0,188.0,False,0.10479318686123498,0.29040293869820444,0.15677420289040828,1.078039450256182,0.05403266315131012
deit_tiny,1.0,ensemble,ensemble_temperature,1.0,vinbig,cardiomegaly,14998,1817,13181,0.12114948659821309,0.8869253483013713,0.5618393710370886,0.09578254831681726,0.340592206345983,0.0888833075820759,0.0890771979587569,0.9273527793065492,0.6628480388437903,0.27492249959210313,0.9851166986131469,0.4241127611376793,0.01058636512607336,1685.0,8737.0,4444.0,132.0,False,0.11584294874158528,0.17316893814156453,1.8910321335309999,1.0151569936553466,1.844410394746868
deit_tiny,1.0,ensemble,ensemble_temperature,1.0,vinbig,pleural_effusion,14998,634,14364,0.04227230297372983,0.9272919417365708,0.6815241964689366,0.024250304906368727,0.10349933439391835,0.03129175646786776,0.031091854608531283,0.9022082018927445,0.75682261208577,0.14071340713407135,0.99432909539925,0.24345605447967653,0.0529693141579628,572.0,10871.0,3493.0,62.0,False,0.04553419164022411,0.46742647595512754,1.03347293779182,1.7984613101544642,-0.40274584294969223
