model,fraction,seed,method,cal_fraction,domain,label,discordance,image_uid,reference_label,predicted_probability,note
resnet18,1.0,ensemble,ensemble_temperature,1.0,chexpert,cardiomegaly,reference_negative_high_probability,chexpert_7aa8b09f22bcd31cab846629,0.0,0.5624775,"Discordance with dataset reference, not adjudicated clinical error."
resnet18,1.0,ensemble,ensemble_temperature,1.0,chexpert,cardiomegaly,reference_negative_high_probability,chexpert_5480b8b8d4cc28e79d843b8a,0.0,0.50086576,"Discordance with dataset reference, not adjudicated clinical error."
resnet18,1.0,ensemble,ensemble_temperature,1.0,chexpert,cardiomegaly,reference_negative_high_probability,chexpert_b2c3fb39a67bbf6a96763dac,0.0,0.48380256,"Discordance with dataset reference, not adjudicated clinical error."
resnet18,1.0,ensemble,ensemble_temperature,1.0,chexpert,cardiomegaly,reference_negative_high_probability,chexpert_91a1ec444e93ce0958466219,0.0,0.4377597,"Discordance with dataset reference, not adjudicated clinical error."
resnet18,1.0,ensemble,ensemble_temperature,1.0,chexpert,cardiomegaly,reference_negative_high_probability,chexpert_1a8e6769ab032f28db835443,0.0,0.43709725,"Discordance with dataset reference, not adjudicated clinical error."
resnet18,1.0,ensemble,ensemble_temperature,1.0,chexpert,cardiomegaly,reference_negative_high_probability,chexpert_4d364297403a1bf6cda0ee20,0.0,0.41195387,"Discordance with dataset reference, not adjudicated clinical error."
resnet18,1.0,ensemble,ensemble_temperature,1.0,chexpert,cardiomegaly,reference_negative_high_probability,chexpert_6cb15270c137d43b488acafc,0.0,0.4027154,"Discordance with dataset reference, not adjudicated clinical error."
resnet18,1.0,ensemble,ensemble_temperature,1.0,chexpert,cardiomegaly,reference_negative_high_probability,chexpert_6133ace68ccaa6f3a32527a8,0.0,0.3946185,"Discordance with dataset reference, not adjudicated clinical error."
resnet18,1.0,ensemble,ensemble_temperature,1.0,chexpert,cardiomegaly,reference_negative_high_probability,chexpert_39484771ef7632f62f7f0a10,0.0,0.39444897,"Discordance with dataset reference, not adjudicated clinical error."
resnet18,1.0,ensemble,ensemble_temperature,1.0,chexpert,cardiomegaly,reference_negative_high_probability,chexpert_cbe8f2374cee31f737dc402c,0.0,0.390469,"Discordance with dataset reference, not adjudicated clinical error."
resnet18,1.0,ensemble,ensemble_temperature,1.0,chexpert,cardiomegaly,reference_negative_high_probability,chexpert_46ae2e32c78fc0beaad39571,0.0,0.3821352,"Discordance with dataset reference, not adjudicated clinical error."
resnet18,1.0,ensemble,ensemble_temperature,1.0,chexpert,cardiomegaly,reference_negative_high_probability,chexpert_6f97e70f59b7533b06f9c928,0.0,0.3549963,"Discordance with dataset reference, not adjudicated clinical error."
resnet18,1.0,ensemble,ensemble_temperature,1.0,chexpert,cardiomegaly,reference_negative_high_probability,chexpert_030470b46d87cf3ddcff8930,0.0,0.34501922,"Discordance with dataset reference, not adjudicated clinical error."
resnet18,1.0,ensemble,ensemble_temperature,1.0,chexpert,cardiomegaly,reference_negative_high_probability,chexpert_4841dffbdac2d7df19213f97,0.0,0.33886006,"Discordance with dataset reference, not adjudicated clinical error."
resnet18,1.0,ensemble,ensemble_temperature,1.0,chexpert,cardiomegaly,reference_negative_high_probability,chexpert_93af2be7d1c9ccd7b1544c69,0.0,0.33603066,"Discordance with dataset reference, not adjudicated clinical error."
resnet18,1.0,ensemble,ensemble_temperature,1.0,chexpert,cardiomegaly,reference_negative_high_probability,chexpert_6a8aa5c3063192c8ca48b138,0.0,0.33294067,"Discordance with dataset reference, not adjudicated clinical error."
resnet18,1.0,ensemble,ensemble_temperature,1.0,chexpert,cardiomegaly,reference_negative_high_probability,chexpert_810013b5f8276c418d519e65,0.0,0.33293954,"Discordance with dataset reference, not adjudicated clinical error."
resnet18,1.0,ensemble,ensemble_temperature,1.0,chexpert,cardiomegaly,reference_negative_high_probability,chexpert_1c642ce0903e42a397df937b,0.0,0.3297675,"Discordance with dataset reference, not adjudicated clinical error."
resnet18,1.0,ensemble,ensemble_temperature,1.0,chexpert,cardiomegaly,reference_negative_high_probability,chexpert_77c975b32dd522d51e3f7fb6,0.0,0.3199276,"Discordance with dataset reference, not adjudicated clinical error."
resnet18,1.0,ensemble,ensemble_temperature,1.0,chexpert,cardiomegaly,reference_negative_high_probability,chexpert_08dbe4a3db378e87eea5cf4a,0.0,0.31626406,"Discordance with dataset reference, not adjudicated clinical error."
resnet18,1.0,ensemble,ensemble_temperature,1.0,chexpert,cardiomegaly,reference_positive_low_probability,chexpert_64b5d6ed3e9dddf0d788ebf6,1.0,7.320975e-05,"Discordance with dataset reference, not adjudicated clinical error."
resnet18,1.0,ensemble,ensemble_temperature,1.0,chexpert,cardiomegaly,reference_positive_low_probability,chexpert_79b97d5da7a9ed2a5f16d095,1.0,0.00010314461,"Discordance with dataset reference, not adjudicated clinical error."
resnet18,1.0,ensemble,ensemble_temperature,1.0,chexpert,cardiomegaly,reference_positive_low_probability,chexpert_4a780f3f3182170ab1e6c2cc,1.0,0.00010429397,"Discordance with dataset reference, not adjudicated clinical error."
resnet18,1.0,ensemble,ensemble_temperature,1.0,chexpert,cardiomegaly,reference_positive_low_probability,chexpert_25ada11d2c3a17ca5ca319ca,1.0,0.000118233824,"Discordance with dataset reference, not adjudicated clinical error."
resnet18,1.0,ensemble,ensemble_temperature,1.0,chexpert,cardiomegaly,reference_positive_low_probability,chexpert_adaa2bdda3535ea2c9d63aba,1.0,0.0001230052,"Discordance with dataset reference, not adjudicated clinical error."
resnet18,1.0,ensemble,ensemble_temperature,1.0,chexpert,cardiomegaly,reference_positive_low_probability,chexpert_1e134eb56ef92713a951ea94,1.0,0.00012870572,"Discordance with dataset reference, not adjudicated clinical error."
resnet18,1.0,ensemble,ensemble_temperature,1.0,chexpert,cardiomegaly,reference_positive_low_probability,chexpert_3b65963cc5c461d4fab9b06f,1.0,0.00012900664,"Discordance with dataset reference, not adjudicated clinical error."
resnet18,1.0,ensemble,ensemble_temperature,1.0,chexpert,cardiomegaly,reference_positive_low_probability,chexpert_bd0e6e9cb6d80b95ce4cd119,1.0,0.00014103469,"Discordance with dataset reference, not adjudicated clinical error."
resnet18,1.0,ensemble,ensemble_temperature,1.0,chexpert,cardiomegaly,reference_positive_low_probability,chexpert_435aa41e7aea766f9cc76e98,1.0,0.00014890038,"Discordance with dataset reference, not adjudicated clinical error."
resnet18,1.0,ensemble,ensemble_temperature,1.0,chexpert,cardiomegaly,reference_positive_low_probability,chexpert_7f5fdca75be808cd6f375e04,1.0,0.0001503291,"Discordance with dataset reference, not adjudicated clinical error."
resnet18,1.0,ensemble,ensemble_temperature,1.0,chexpert,cardiomegaly,reference_positive_low_probability,chexpert_55420c6d8f62e648c08066c7,1.0,0.00018219193,"Discordance with dataset reference, not adjudicated clinical error."
resnet18,1.0,ensemble,ensemble_temperature,1.0,chexpert,cardiomegaly,reference_positive_low_probability,chexpert_8c34e3f818e44e912a6a7214,1.0,0.00019524698,"Discordance with dataset reference, not adjudicated clinical error."
resnet18,1.0,ensemble,ensemble_temperature,1.0,chexpert,cardiomegaly,reference_positive_low_probability,chexpert_f559a616afb19e69136da2f1,1.0,0.00020984575,"Discordance with dataset reference, not adjudicated clinical error."
resnet18,1.0,ensemble,ensemble_temperature,1.0,chexpert,cardiomegaly,reference_positive_low_probability,chexpert_3b0b5080910071563c93a5b5,1.0,0.0002167714,"Discordance with dataset reference, not adjudicated clinical error."
resnet18,1.0,ensemble,ensemble_temperature,1.0,chexpert,cardiomegaly,reference_positive_low_probability,chexpert_f845140507787e04d77794bb,1.0,0.00023919712,"Discordance with dataset reference, not adjudicated clinical error."
resnet18,1.0,ensemble,ensemble_temperature,1.0,chexpert,cardiomegaly,reference_positive_low_probability,chexpert_68641270c2c2700d83e40cd0,1.0,0.00024235205,"Discordance with dataset reference, not adjudicated clinical error."
resnet18,1.0,ensemble,ensemble_temperature,1.0,chexpert,cardiomegaly,reference_positive_low_probability,chexpert_e0b79968eaa9a20e3c056028,1.0,0.0002540185,"Discordance with dataset reference, not adjudicated clinical error."
resnet18,1.0,ensemble,ensemble_temperature,1.0,chexpert,cardiomegaly,reference_positive_low_probability,chexpert_780466d419cae7f87d07b0eb,1.0,0.00029693602,"Discordance with dataset reference, not adjudicated clinical error."
resnet18,1.0,ensemble,ensemble_temperature,1.0,chexpert,cardiomegaly,reference_positive_low_probability,chexpert_58e526287ebb5d017b0a062e,1.0,0.00036131262,"Discordance with dataset reference, not adjudicated clinical error."
resnet18,1.0,ensemble,ensemble_temperature,1.0,chexpert,cardiomegaly,reference_positive_low_probability,chexpert_8f41a953ce9de4aa35dffe40,1.0,0.00037555367,"Discordance with dataset reference, not adjudicated clinical error."
resnet18,1.0,ensemble,ensemble_temperature,1.0,chexpert,pleural_effusion,reference_negative_high_probability,chexpert_eb2370f674f1bb65dd0fec7b,0.0,0.7111602,"Discordance with dataset reference, not adjudicated clinical error."
resnet18,1.0,ensemble,ensemble_temperature,1.0,chexpert,pleural_effusion,reference_negative_high_probability,chexpert_d6e81f87734b51513367e322,0.0,0.6967699,"Discordance with dataset reference, not adjudicated clinical error."
resnet18,1.0,ensemble,ensemble_temperature,1.0,chexpert,pleural_effusion,reference_negative_high_probability,chexpert_95ec7b05c6889f4ca913c9b6,0.0,0.666777,"Discordance with dataset reference, not adjudicated clinical error."
resnet18,1.0,ensemble,ensemble_temperature,1.0,chexpert,pleural_effusion,reference_negative_high_probability,chexpert_3e144680b877aa15714d9bd2,0.0,0.6611543,"Discordance with dataset reference, not adjudicated clinical error."
resnet18,1.0,ensemble,ensemble_temperature,1.0,chexpert,pleural_effusion,reference_negative_high_probability,chexpert_c2141e8c7e5f1bc1955144da,0.0,0.6578193,"Discordance with dataset reference, not adjudicated clinical error."
resnet18,1.0,ensemble,ensemble_temperature,1.0,chexpert,pleural_effusion,reference_negative_high_probability,chexpert_e00dbc1a27d9a6541da3c558,0.0,0.6488639,"Discordance with dataset reference, not adjudicated clinical error."
resnet18,1.0,ensemble,ensemble_temperature,1.0,chexpert,pleural_effusion,reference_negative_high_probability,chexpert_adbed060923277148c29cd22,0.0,0.63345575,"Discordance with dataset reference, not adjudicated clinical error."
resnet18,1.0,ensemble,ensemble_temperature,1.0,chexpert,pleural_effusion,reference_negative_high_probability,chexpert_904e1ebbafa2db87da8aef89,0.0,0.63060886,"Discordance with dataset reference, not adjudicated clinical error."
resnet18,1.0,ensemble,ensemble_temperature,1.0,chexpert,pleural_effusion,reference_negative_high_probability,chexpert_ba6d2404b41b3ff7e8a83aa7,0.0,0.61792266,"Discordance with dataset reference, not adjudicated clinical error."
resnet18,1.0,ensemble,ensemble_temperature,1.0,chexpert,pleural_effusion,reference_negative_high_probability,chexpert_b0ffa8c8bba188dca1d58811,0.0,0.6114116,"Discordance with dataset reference, not adjudicated clinical error."
resnet18,1.0,ensemble,ensemble_temperature,1.0,chexpert,pleural_effusion,reference_negative_high_probability,chexpert_7ffcf1cdb34efe37ac418fad,0.0,0.60664713,"Discordance with dataset reference, not adjudicated clinical error."
resnet18,1.0,ensemble,ensemble_temperature,1.0,chexpert,pleural_effusion,reference_negative_high_probability,chexpert_da8516d506a331513ed55f5c,0.0,0.60477465,"Discordance with dataset reference, not adjudicated clinical error."
resnet18,1.0,ensemble,ensemble_temperature,1.0,chexpert,pleural_effusion,reference_negative_high_probability,chexpert_5b1935a5eb3232e7c4020362,0.0,0.5926569,"Discordance with dataset reference, not adjudicated clinical error."
resnet18,1.0,ensemble,ensemble_temperature,1.0,chexpert,pleural_effusion,reference_negative_high_probability,chexpert_8def6e82fbc7a7db4a7a599c,0.0,0.5923373,"Discordance with dataset reference, not adjudicated clinical error."
resnet18,1.0,ensemble,ensemble_temperature,1.0,chexpert,pleural_effusion,reference_negative_high_probability,chexpert_2626e564738149f710692e5e,0.0,0.58983815,"Discordance with dataset reference, not adjudicated clinical error."
resnet18,1.0,ensemble,ensemble_temperature,1.0,chexpert,pleural_effusion,reference_negative_high_probability,chexpert_e4eefbe63d3de674e0dc1048,0.0,0.5851345,"Discordance with dataset reference, not adjudicated clinical error."
resnet18,1.0,ensemble,ensemble_temperature,1.0,chexpert,pleural_effusion,reference_negative_high_probability,chexpert_850507b09939781b06aa864c,0.0,0.5844181,"Discordance with dataset reference, not adjudicated clinical error."
resnet18,1.0,ensemble,ensemble_temperature,1.0,chexpert,pleural_effusion,reference_negative_high_probability,chexpert_ae0552dbf69f83786f45f0a5,0.0,0.5815203,"Discordance with dataset reference, not adjudicated clinical error."
resnet18,1.0,ensemble,ensemble_temperature,1.0,chexpert,pleural_effusion,reference_negative_high_probability,chexpert_2f5603df36df13592018e1e5,0.0,0.5782004,"Discordance with dataset reference, not adjudicated clinical error."
resnet18,1.0,ensemble,ensemble_temperature,1.0,chexpert,pleural_effusion,reference_negative_high_probability,chexpert_0c74545cfd117c110b579ccd,0.0,0.5744063,"Discordance with dataset reference, not adjudicated clinical error."
resnet18,1.0,ensemble,ensemble_temperature,1.0,chexpert,pleural_effusion,reference_positive_low_probability,chexpert_f3ee389d56891db476e4f919,1.0,0.0028503605,"Discordance with dataset reference, not adjudicated clinical error."
resnet18,1.0,ensemble,ensemble_temperature,1.0,chexpert,pleural_effusion,reference_positive_low_probability,chexpert_2ded9dde1da04ee3a5e6b955,1.0,0.0030858791,"Discordance with dataset reference, not adjudicated clinical error."
resnet18,1.0,ensemble,ensemble_temperature,1.0,chexpert,pleural_effusion,reference_positive_low_probability,chexpert_d7248d9eee3ef34ecf180303,1.0,0.0033517692,"Discordance with dataset reference, not adjudicated clinical error."
resnet18,1.0,ensemble,ensemble_temperature,1.0,chexpert,pleural_effusion,reference_positive_low_probability,chexpert_446a3380a53863009c51cecd,1.0,0.0033559164,"Discordance with dataset reference, not adjudicated clinical error."
resnet18,1.0,ensemble,ensemble_temperature,1.0,chexpert,pleural_effusion,reference_positive_low_probability,chexpert_3528e364372f5e1ffa302fe3,1.0,0.0033582712,"Discordance with dataset reference, not adjudicated clinical error."
resnet18,1.0,ensemble,ensemble_temperature,1.0,chexpert,pleural_effusion,reference_positive_low_probability,chexpert_51da3c9aa5c16972edbf554c,1.0,0.0040190965,"Discordance with dataset reference, not adjudicated clinical error."
resnet18,1.0,ensemble,ensemble_temperature,1.0,chexpert,pleural_effusion,reference_positive_low_probability,chexpert_db05be72937f10953425aa54,1.0,0.00480626,"Discordance with dataset reference, not adjudicated clinical error."
resnet18,1.0,ensemble,ensemble_temperature,1.0,chexpert,pleural_effusion,reference_positive_low_probability,chexpert_65b0303565af6f169d00b3b4,1.0,0.0048279855,"Discordance with dataset reference, not adjudicated clinical error."
resnet18,1.0,ensemble,ensemble_temperature,1.0,chexpert,pleural_effusion,reference_positive_low_probability,chexpert_cde14594e8e935ba0d49919e,1.0,0.0053043114,"Discordance with dataset reference, not adjudicated clinical error."
resnet18,1.0,ensemble,ensemble_temperature,1.0,chexpert,pleural_effusion,reference_positive_low_probability,chexpert_53a5b1f778089e425e152d88,1.0,0.0053100786,"Discordance with dataset reference, not adjudicated clinical error."
resnet18,1.0,ensemble,ensemble_temperature,1.0,chexpert,pleural_effusion,reference_positive_low_probability,chexpert_b99ff956db6a936445a92e11,1.0,0.005597074,"Discordance with dataset reference, not adjudicated clinical error."
resnet18,1.0,ensemble,ensemble_temperature,1.0,chexpert,pleural_effusion,reference_positive_low_probability,chexpert_7e7758c4f34a205d912083b2,1.0,0.006214578,"Discordance with dataset reference, not adjudicated clinical error."
resnet18,1.0,ensemble,ensemble_temperature,1.0,chexpert,pleural_effusion,reference_positive_low_probability,chexpert_ed1886fe1bab5e7d45979821,1.0,0.0063970685,"Discordance with dataset reference, not adjudicated clinical error."
resnet18,1.0,ensemble,ensemble_temperature,1.0,chexpert,pleural_effusion,reference_positive_low_probability,chexpert_565d7bf51dd69f1b4856ebac,1.0,0.0067658066,"Discordance with dataset reference, not adjudicated clinical error."
resnet18,1.0,ensemble,ensemble_temperature,1.0,chexpert,pleural_effusion,reference_positive_low_probability,chexpert_9ad6dd1c7176ba2e7b40547e,1.0,0.00734476,"Discordance with dataset reference, not adjudicated clinical error."
resnet18,1.0,ensemble,ensemble_temperature,1.0,chexpert,pleural_effusion,reference_positive_low_probability,chexpert_dde471983aea10582bfb764e,1.0,0.0073853317,"Discordance with dataset reference, not adjudicated clinical error."
resnet18,1.0,ensemble,ensemble_temperature,1.0,chexpert,pleural_effusion,reference_positive_low_probability,chexpert_54438c40dc6994b2a19a0659,1.0,0.008098846,"Discordance with dataset reference, not adjudicated clinical error."
resnet18,1.0,ensemble,ensemble_temperature,1.0,chexpert,pleural_effusion,reference_positive_low_probability,chexpert_06df46f2dd199b2dc5e53f44,1.0,0.008850116,"Discordance with dataset reference, not adjudicated clinical error."
resnet18,1.0,ensemble,ensemble_temperature,1.0,chexpert,pleural_effusion,reference_positive_low_probability,chexpert_c86881595f6446dc3b048430,1.0,0.009194837,"Discordance with dataset reference, not adjudicated clinical error."
resnet18,1.0,ensemble,ensemble_temperature,1.0,chexpert,pleural_effusion,reference_positive_low_probability,chexpert_5923ec3475f0e0f427b06d72,1.0,0.009262845,"Discordance with dataset reference, not adjudicated clinical error."
resnet18,1.0,ensemble,ensemble_temperature,1.0,nih,cardiomegaly,reference_negative_high_probability,nih_00004000_000.png,0.0,0.72501254,"Discordance with dataset reference, not adjudicated clinical error."
resnet18,1.0,ensemble,ensemble_temperature,1.0,nih,cardiomegaly,reference_negative_high_probability,nih_00021860_007.png,0.0,0.6807273,"Discordance with dataset reference, not adjudicated clinical error."
resnet18,1.0,ensemble,ensemble_temperature,1.0,nih,cardiomegaly,reference_negative_high_probability,nih_00000211_030.png,0.0,0.6777314,"Discordance with dataset reference, not adjudicated clinical error."
resnet18,1.0,ensemble,ensemble_temperature,1.0,nih,cardiomegaly,reference_negative_high_probability,nih_00000211_003.png,0.0,0.6726836,"Discordance with dataset reference, not adjudicated clinical error."
resnet18,1.0,ensemble,ensemble_temperature,1.0,nih,cardiomegaly,reference_negative_high_probability,nih_00012250_000.png,0.0,0.6551241,"Discordance with dataset reference, not adjudicated clinical error."
resnet18,1.0,ensemble,ensemble_temperature,1.0,nih,cardiomegaly,reference_negative_high_probability,nih_00002799_000.png,0.0,0.65319496,"Discordance with dataset reference, not adjudicated clinical error."
resnet18,1.0,ensemble,ensemble_temperature,1.0,nih,cardiomegaly,reference_negative_high_probability,nih_00021860_009.png,0.0,0.6510907,"Discordance with dataset reference, not adjudicated clinical error."
resnet18,1.0,ensemble,ensemble_temperature,1.0,nih,cardiomegaly,reference_negative_high_probability,nih_00009636_000.png,0.0,0.6367723,"Discordance with dataset reference, not adjudicated clinical error."
resnet18,1.0,ensemble,ensemble_temperature,1.0,nih,cardiomegaly,reference_negative_high_probability,nih_00000211_028.png,0.0,0.6321133,"Discordance with dataset reference, not adjudicated clinical error."
resnet18,1.0,ensemble,ensemble_temperature,1.0,nih,cardiomegaly,reference_negative_high_probability,nih_00006443_000.png,0.0,0.61209244,"Discordance with dataset reference, not adjudicated clinical error."
resnet18,1.0,ensemble,ensemble_temperature,1.0,nih,cardiomegaly,reference_negative_high_probability,nih_00002763_012.png,0.0,0.61036724,"Discordance with dataset reference, not adjudicated clinical error."
resnet18,1.0,ensemble,ensemble_temperature,1.0,nih,cardiomegaly,reference_negative_high_probability,nih_00002439_008.png,0.0,0.6088902,"Discordance with dataset reference, not adjudicated clinical error."
resnet18,1.0,ensemble,ensemble_temperature,1.0,nih,cardiomegaly,reference_negative_high_probability,nih_00000211_031.png,0.0,0.5933862,"Discordance with dataset reference, not adjudicated clinical error."
resnet18,1.0,ensemble,ensemble_temperature,1.0,nih,cardiomegaly,reference_negative_high_probability,nih_00000211_023.png,0.0,0.5701893,"Discordance with dataset reference, not adjudicated clinical error."
resnet18,1.0,ensemble,ensemble_temperature,1.0,nih,cardiomegaly,reference_negative_high_probability,nih_00000587_000.png,0.0,0.56236464,"Discordance with dataset reference, not adjudicated clinical error."
resnet18,1.0,ensemble,ensemble_temperature,1.0,nih,cardiomegaly,reference_negative_high_probability,nih_00000211_029.png,0.0,0.55748194,"Discordance with dataset reference, not adjudicated clinical error."
resnet18,1.0,ensemble,ensemble_temperature,1.0,nih,cardiomegaly,reference_negative_high_probability,nih_00009323_002.png,0.0,0.55404013,"Discordance with dataset reference, not adjudicated clinical error."
resnet18,1.0,ensemble,ensemble_temperature,1.0,nih,cardiomegaly,reference_negative_high_probability,nih_00000162_000.png,0.0,0.54836446,"Discordance with dataset reference, not adjudicated clinical error."
resnet18,1.0,ensemble,ensemble_temperature,1.0,nih,cardiomegaly,reference_negative_high_probability,nih_00010388_000.png,0.0,0.54373276,"Discordance with dataset reference, not adjudicated clinical error."
resnet18,1.0,ensemble,ensemble_temperature,1.0,nih,cardiomegaly,reference_negative_high_probability,nih_00021860_008.png,0.0,0.53698826,"Discordance with dataset reference, not adjudicated clinical error."
resnet18,1.0,ensemble,ensemble_temperature,1.0,nih,cardiomegaly,reference_positive_low_probability,nih_00007948_001.png,1.0,0.00014452153,"Discordance with dataset reference, not adjudicated clinical error."
resnet18,1.0,ensemble,ensemble_temperature,1.0,nih,cardiomegaly,reference_positive_low_probability,nih_00008096_000.png,1.0,0.00035511912,"Discordance with dataset reference, not adjudicated clinical error."
resnet18,1.0,ensemble,ensemble_temperature,1.0,nih,cardiomegaly,reference_positive_low_probability,nih_00023271_010.png,1.0,0.0023476833,"Discordance with dataset reference, not adjudicated clinical error."
resnet18,1.0,ensemble,ensemble_temperature,1.0,nih,cardiomegaly,reference_positive_low_probability,nih_00015646_026.png,1.0,0.0026572307,"Discordance with dataset reference, not adjudicated clinical error."
resnet18,1.0,ensemble,ensemble_temperature,1.0,nih,cardiomegaly,reference_positive_low_probability,nih_00009642_000.png,1.0,0.002780973,"Discordance with dataset reference, not adjudicated clinical error."
resnet18,1.0,ensemble,ensemble_temperature,1.0,nih,cardiomegaly,reference_positive_low_probability,nih_00008342_025.png,1.0,0.003377984,"Discordance with dataset reference, not adjudicated clinical error."
resnet18,1.0,ensemble,ensemble_temperature,1.0,nih,cardiomegaly,reference_positive_low_probability,nih_00004857_013.png,1.0,0.0035937547,"Discordance with dataset reference, not adjudicated clinical error."
resnet18,1.0,ensemble,ensemble_temperature,1.0,nih,cardiomegaly,reference_positive_low_probability,nih_00015414_019.png,1.0,0.0044423295,"Discordance with dataset reference, not adjudicated clinical error."
resnet18,1.0,ensemble,ensemble_temperature,1.0,nih,cardiomegaly,reference_positive_low_probability,nih_00028611_004.png,1.0,0.005425721,"Discordance with dataset reference, not adjudicated clinical error."
resnet18,1.0,ensemble,ensemble_temperature,1.0,nih,cardiomegaly,reference_positive_low_probability,nih_00001534_006.png,1.0,0.0054900497,"Discordance with dataset reference, not adjudicated clinical error."
resnet18,1.0,ensemble,ensemble_temperature,1.0,nih,cardiomegaly,reference_positive_low_probability,nih_00011139_000.png,1.0,0.005620753,"Discordance with dataset reference, not adjudicated clinical error."
resnet18,1.0,ensemble,ensemble_temperature,1.0,nih,cardiomegaly,reference_positive_low_probability,nih_00005689_000.png,1.0,0.0056207967,"Discordance with dataset reference, not adjudicated clinical error."
resnet18,1.0,ensemble,ensemble_temperature,1.0,nih,cardiomegaly,reference_positive_low_probability,nih_00029373_000.png,1.0,0.0059472085,"Discordance with dataset reference, not adjudicated clinical error."
resnet18,1.0,ensemble,ensemble_temperature,1.0,nih,cardiomegaly,reference_positive_low_probability,nih_00018724_016.png,1.0,0.005963774,"Discordance with dataset reference, not adjudicated clinical error."
resnet18,1.0,ensemble,ensemble_temperature,1.0,nih,cardiomegaly,reference_positive_low_probability,nih_00018724_031.png,1.0,0.00669659,"Discordance with dataset reference, not adjudicated clinical error."
resnet18,1.0,ensemble,ensemble_temperature,1.0,nih,cardiomegaly,reference_positive_low_probability,nih_00000498_003.png,1.0,0.006965724,"Discordance with dataset reference, not adjudicated clinical error."
resnet18,1.0,ensemble,ensemble_temperature,1.0,nih,cardiomegaly,reference_positive_low_probability,nih_00018450_000.png,1.0,0.0075114467,"Discordance with dataset reference, not adjudicated clinical error."
resnet18,1.0,ensemble,ensemble_temperature,1.0,nih,cardiomegaly,reference_positive_low_probability,nih_00027935_002.png,1.0,0.0077325394,"Discordance with dataset reference, not adjudicated clinical error."
resnet18,1.0,ensemble,ensemble_temperature,1.0,nih,cardiomegaly,reference_positive_low_probability,nih_00006537_000.png,1.0,0.007823995,"Discordance with dataset reference, not adjudicated clinical error."
resnet18,1.0,ensemble,ensemble_temperature,1.0,nih,cardiomegaly,reference_positive_low_probability,nih_00020077_001.png,1.0,0.007828523,"Discordance with dataset reference, not adjudicated clinical error."
resnet18,1.0,ensemble,ensemble_temperature,1.0,nih,pleural_effusion,reference_negative_high_probability,nih_00020501_006.png,0.0,0.84899974,"Discordance with dataset reference, not adjudicated clinical error."
resnet18,1.0,ensemble,ensemble_temperature,1.0,nih,pleural_effusion,reference_negative_high_probability,nih_00011144_013.png,0.0,0.8432927,"Discordance with dataset reference, not adjudicated clinical error."
resnet18,1.0,ensemble,ensemble_temperature,1.0,nih,pleural_effusion,reference_negative_high_probability,nih_00020501_004.png,0.0,0.8318008,"Discordance with dataset reference, not adjudicated clinical error."
resnet18,1.0,ensemble,ensemble_temperature,1.0,nih,pleural_effusion,reference_negative_high_probability,nih_00009358_004.png,0.0,0.8094388,"Discordance with dataset reference, not adjudicated clinical error."
resnet18,1.0,ensemble,ensemble_temperature,1.0,nih,pleural_effusion,reference_negative_high_probability,nih_00019673_001.png,0.0,0.8052299,"Discordance with dataset reference, not adjudicated clinical error."
resnet18,1.0,ensemble,ensemble_temperature,1.0,nih,pleural_effusion,reference_negative_high_probability,nih_00026399_012.png,0.0,0.7953943,"Discordance with dataset reference, not adjudicated clinical error."
resnet18,1.0,ensemble,ensemble_temperature,1.0,nih,pleural_effusion,reference_negative_high_probability,nih_00005895_026.png,0.0,0.7947503,"Discordance with dataset reference, not adjudicated clinical error."
resnet18,1.0,ensemble,ensemble_temperature,1.0,nih,pleural_effusion,reference_negative_high_probability,nih_00022526_014.png,0.0,0.78612185,"Discordance with dataset reference, not adjudicated clinical error."
resnet18,1.0,ensemble,ensemble_temperature,1.0,nih,pleural_effusion,reference_negative_high_probability,nih_00004088_000.png,0.0,0.782801,"Discordance with dataset reference, not adjudicated clinical error."
resnet18,1.0,ensemble,ensemble_temperature,1.0,nih,pleural_effusion,reference_negative_high_probability,nih_00007557_008.png,0.0,0.78215665,"Discordance with dataset reference, not adjudicated clinical error."
resnet18,1.0,ensemble,ensemble_temperature,1.0,nih,pleural_effusion,reference_negative_high_probability,nih_00011404_002.png,0.0,0.7784092,"Discordance with dataset reference, not adjudicated clinical error."
resnet18,1.0,ensemble,ensemble_temperature,1.0,nih,pleural_effusion,reference_negative_high_probability,nih_00013765_004.png,0.0,0.7779218,"Discordance with dataset reference, not adjudicated clinical error."
resnet18,1.0,ensemble,ensemble_temperature,1.0,nih,pleural_effusion,reference_negative_high_probability,nih_00019673_000.png,0.0,0.77769053,"Discordance with dataset reference, not adjudicated clinical error."
resnet18,1.0,ensemble,ensemble_temperature,1.0,nih,pleural_effusion,reference_negative_high_probability,nih_00013471_017.png,0.0,0.7604015,"Discordance with dataset reference, not adjudicated clinical error."
resnet18,1.0,ensemble,ensemble_temperature,1.0,nih,pleural_effusion,reference_negative_high_probability,nih_00022416_046.png,0.0,0.7504618,"Discordance with dataset reference, not adjudicated clinical error."
resnet18,1.0,ensemble,ensemble_temperature,1.0,nih,pleural_effusion,reference_negative_high_probability,nih_00021303_003.png,0.0,0.7486558,"Discordance with dataset reference, not adjudicated clinical error."
resnet18,1.0,ensemble,ensemble_temperature,1.0,nih,pleural_effusion,reference_negative_high_probability,nih_00011144_015.png,0.0,0.74754333,"Discordance with dataset reference, not adjudicated clinical error."
resnet18,1.0,ensemble,ensemble_temperature,1.0,nih,pleural_effusion,reference_negative_high_probability,nih_00009140_002.png,0.0,0.7439045,"Discordance with dataset reference, not adjudicated clinical error."
resnet18,1.0,ensemble,ensemble_temperature,1.0,nih,pleural_effusion,reference_negative_high_probability,nih_00027466_010.png,0.0,0.73824173,"Discordance with dataset reference, not adjudicated clinical error."
resnet18,1.0,ensemble,ensemble_temperature,1.0,nih,pleural_effusion,reference_negative_high_probability,nih_00018864_001.png,0.0,0.7338667,"Discordance with dataset reference, not adjudicated clinical error."
resnet18,1.0,ensemble,ensemble_temperature,1.0,nih,pleural_effusion,reference_positive_low_probability,nih_00021255_000.png,1.0,0.0016958611,"Discordance with dataset reference, not adjudicated clinical error."
resnet18,1.0,ensemble,ensemble_temperature,1.0,nih,pleural_effusion,reference_positive_low_probability,nih_00003439_003.png,1.0,0.0022919087,"Discordance with dataset reference, not adjudicated clinical error."
resnet18,1.0,ensemble,ensemble_temperature,1.0,nih,pleural_effusion,reference_positive_low_probability,nih_00013765_008.png,1.0,0.0023729517,"Discordance with dataset reference, not adjudicated clinical error."
resnet18,1.0,ensemble,ensemble_temperature,1.0,nih,pleural_effusion,reference_positive_low_probability,nih_00005592_002.png,1.0,0.0028625152,"Discordance with dataset reference, not adjudicated clinical error."
resnet18,1.0,ensemble,ensemble_temperature,1.0,nih,pleural_effusion,reference_positive_low_probability,nih_00009889_008.png,1.0,0.0030621674,"Discordance with dataset reference, not adjudicated clinical error."
resnet18,1.0,ensemble,ensemble_temperature,1.0,nih,pleural_effusion,reference_positive_low_probability,nih_00014971_008.png,1.0,0.0033452394,"Discordance with dataset reference, not adjudicated clinical error."
resnet18,1.0,ensemble,ensemble_temperature,1.0,nih,pleural_effusion,reference_positive_low_probability,nih_00012796_003.png,1.0,0.0043194657,"Discordance with dataset reference, not adjudicated clinical error."
resnet18,1.0,ensemble,ensemble_temperature,1.0,nih,pleural_effusion,reference_positive_low_probability,nih_00014760_004.png,1.0,0.0045681186,"Discordance with dataset reference, not adjudicated clinical error."
resnet18,1.0,ensemble,ensemble_temperature,1.0,nih,pleural_effusion,reference_positive_low_probability,nih_00015193_000.png,1.0,0.0047244374,"Discordance with dataset reference, not adjudicated clinical error."
resnet18,1.0,ensemble,ensemble_temperature,1.0,nih,pleural_effusion,reference_positive_low_probability,nih_00023168_012.png,1.0,0.0057082563,"Discordance with dataset reference, not adjudicated clinical error."
resnet18,1.0,ensemble,ensemble_temperature,1.0,nih,pleural_effusion,reference_positive_low_probability,nih_00011679_003.png,1.0,0.006110787,"Discordance with dataset reference, not adjudicated clinical error."
resnet18,1.0,ensemble,ensemble_temperature,1.0,nih,pleural_effusion,reference_positive_low_probability,nih_00010752_014.png,1.0,0.006479035,"Discordance with dataset reference, not adjudicated clinical error."
resnet18,1.0,ensemble,ensemble_temperature,1.0,nih,pleural_effusion,reference_positive_low_probability,nih_00016280_003.png,1.0,0.0066604265,"Discordance with dataset reference, not adjudicated clinical error."
resnet18,1.0,ensemble,ensemble_temperature,1.0,nih,pleural_effusion,reference_positive_low_probability,nih_00006102_026.png,1.0,0.007314837,"Discordance with dataset reference, not adjudicated clinical error."
resnet18,1.0,ensemble,ensemble_temperature,1.0,nih,pleural_effusion,reference_positive_low_probability,nih_00025124_004.png,1.0,0.0077007688,"Discordance with dataset reference, not adjudicated clinical error."
resnet18,1.0,ensemble,ensemble_temperature,1.0,nih,pleural_effusion,reference_positive_low_probability,nih_00022189_000.png,1.0,0.008139685,"Discordance with dataset reference, not adjudicated clinical error."
resnet18,1.0,ensemble,ensemble_temperature,1.0,nih,pleural_effusion,reference_positive_low_probability,nih_00003439_002.png,1.0,0.008314904,"Discordance with dataset reference, not adjudicated clinical error."
resnet18,1.0,ensemble,ensemble_temperature,1.0,nih,pleural_effusion,reference_positive_low_probability,nih_00018735_000.png,1.0,0.008501311,"Discordance with dataset reference, not adjudicated clinical error."
resnet18,1.0,ensemble,ensemble_temperature,1.0,nih,pleural_effusion,reference_positive_low_probability,nih_00022215_013.png,1.0,0.008522288,"Discordance with dataset reference, not adjudicated clinical error."
resnet18,1.0,ensemble,ensemble_temperature,1.0,nih,pleural_effusion,reference_positive_low_probability,nih_00016937_019.png,1.0,0.008657074,"Discordance with dataset reference, not adjudicated clinical error."
resnet18,1.0,ensemble,ensemble_temperature,1.0,vinbig,cardiomegaly,reference_negative_high_probability,vinbig_35e38672875ff60d5a131d91b4db5a6d,0.0,0.5362247,"Discordance with dataset reference, not adjudicated clinical error."
resnet18,1.0,ensemble,ensemble_temperature,1.0,vinbig,cardiomegaly,reference_negative_high_probability,vinbig_a93a2b354e912c534d6677362e45b3b0,0.0,0.5139576,"Discordance with dataset reference, not adjudicated clinical error."
resnet18,1.0,ensemble,ensemble_temperature,1.0,vinbig,cardiomegaly,reference_negative_high_probability,vinbig_ac712d8f66878f5c7b836c0f481237a9,0.0,0.49374244,"Discordance with dataset reference, not adjudicated clinical error."
resnet18,1.0,ensemble,ensemble_temperature,1.0,vinbig,cardiomegaly,reference_negative_high_probability,vinbig_d53cb4358bb03d09abfc099826e54eb9,0.0,0.4733182,"Discordance with dataset reference, not adjudicated clinical error."
resnet18,1.0,ensemble,ensemble_temperature,1.0,vinbig,cardiomegaly,reference_negative_high_probability,vinbig_657c6ba19c798af84b07bb22b8141b83,0.0,0.46737882,"Discordance with dataset reference, not adjudicated clinical error."
resnet18,1.0,ensemble,ensemble_temperature,1.0,vinbig,cardiomegaly,reference_negative_high_probability,vinbig_0a75c2f2e7bc1090077b8ef4aeeeacce,0.0,0.4583312,"Discordance with dataset reference, not adjudicated clinical error."
resnet18,1.0,ensemble,ensemble_temperature,1.0,vinbig,cardiomegaly,reference_negative_high_probability,vinbig_5f842d19dfff1ffa372c9320e77acf80,0.0,0.43306717,"Discordance with dataset reference, not adjudicated clinical error."
resnet18,1.0,ensemble,ensemble_temperature,1.0,vinbig,cardiomegaly,reference_negative_high_probability,vinbig_19e10a7d79e4a8803fae795e5ac4222a,0.0,0.40521064,"Discordance with dataset reference, not adjudicated clinical error."
resnet18,1.0,ensemble,ensemble_temperature,1.0,vinbig,cardiomegaly,reference_negative_high_probability,vinbig_0e5734a5483002be04b734d7c88058be,0.0,0.38925943,"Discordance with dataset reference, not adjudicated clinical error."
resnet18,1.0,ensemble,ensemble_temperature,1.0,vinbig,cardiomegaly,reference_negative_high_probability,vinbig_0c7bf87c0c415d3226451214c5b382b1,0.0,0.3853529,"Discordance with dataset reference, not adjudicated clinical error."
resnet18,1.0,ensemble,ensemble_temperature,1.0,vinbig,cardiomegaly,reference_negative_high_probability,vinbig_fe9e2c89c75a48f88d5d7274ff939b31,0.0,0.3810738,"Discordance with dataset reference, not adjudicated clinical error."
resnet18,1.0,ensemble,ensemble_temperature,1.0,vinbig,cardiomegaly,reference_negative_high_probability,vinbig_d19b822e1f1cb392d172d1ee4fa73005,0.0,0.37201333,"Discordance with dataset reference, not adjudicated clinical error."
resnet18,1.0,ensemble,ensemble_temperature,1.0,vinbig,cardiomegaly,reference_negative_high_probability,vinbig_e76134f2517c0d19200343670afb1c3f,0.0,0.3673168,"Discordance with dataset reference, not adjudicated clinical error."
resnet18,1.0,ensemble,ensemble_temperature,1.0,vinbig,cardiomegaly,reference_negative_high_probability,vinbig_2cef6674b94ed9b9e24bbf9d280545d6,0.0,0.36091134,"Discordance with dataset reference, not adjudicated clinical error."
resnet18,1.0,ensemble,ensemble_temperature,1.0,vinbig,cardiomegaly,reference_negative_high_probability,vinbig_99cb0ed6b63c75966bf4714c1ff4c7cf,0.0,0.3468489,"Discordance with dataset reference, not adjudicated clinical error."
resnet18,1.0,ensemble,ensemble_temperature,1.0,vinbig,cardiomegaly,reference_negative_high_probability,vinbig_62fad4135a04319bc5e499828b05ac70,0.0,0.3358568,"Discordance with dataset reference, not adjudicated clinical error."
resnet18,1.0,ensemble,ensemble_temperature,1.0,vinbig,cardiomegaly,reference_negative_high_probability,vinbig_8845010681f45c2c6f2271ac8bebdfbc,0.0,0.3317303,"Discordance with dataset reference, not adjudicated clinical error."
resnet18,1.0,ensemble,ensemble_temperature,1.0,vinbig,cardiomegaly,reference_negative_high_probability,vinbig_7e1dfef82f07c334200f6bc1564fdb3a,0.0,0.32871026,"Discordance with dataset reference, not adjudicated clinical error."
resnet18,1.0,ensemble,ensemble_temperature,1.0,vinbig,cardiomegaly,reference_negative_high_probability,vinbig_6a39d0181e330fae49e2fe5398e049f1,0.0,0.3257859,"Discordance with dataset reference, not adjudicated clinical error."
resnet18,1.0,ensemble,ensemble_temperature,1.0,vinbig,cardiomegaly,reference_negative_high_probability,vinbig_5e194561328ca9c3336e33297698d21f,0.0,0.32485816,"Discordance with dataset reference, not adjudicated clinical error."
resnet18,1.0,ensemble,ensemble_temperature,1.0,vinbig,cardiomegaly,reference_positive_low_probability,vinbig_9d66132dc1a3e262df38c3ad25626a00,1.0,0.0006115955,"Discordance with dataset reference, not adjudicated clinical error."
resnet18,1.0,ensemble,ensemble_temperature,1.0,vinbig,cardiomegaly,reference_positive_low_probability,vinbig_fd810298e165ef0b9a88bb25fda7a34b,1.0,0.0008148366,"Discordance with dataset reference, not adjudicated clinical error."
resnet18,1.0,ensemble,ensemble_temperature,1.0,vinbig,cardiomegaly,reference_positive_low_probability,vinbig_852ec6a0bcb9608ffee9b3fda0867f91,1.0,0.0008202366,"Discordance with dataset reference, not adjudicated clinical error."
resnet18,1.0,ensemble,ensemble_temperature,1.0,vinbig,cardiomegaly,reference_positive_low_probability,vinbig_116c19c289e285a60ab20cf72090c9fa,1.0,0.0009547386,"Discordance with dataset reference, not adjudicated clinical error."
resnet18,1.0,ensemble,ensemble_temperature,1.0,vinbig,cardiomegaly,reference_positive_low_probability,vinbig_de7de41f2a0c21dc5fa8c1b3e05f469d,1.0,0.001242527,"Discordance with dataset reference, not adjudicated clinical error."
resnet18,1.0,ensemble,ensemble_temperature,1.0,vinbig,cardiomegaly,reference_positive_low_probability,vinbig_5de91fab780d937e6cba46c4e807bb12,1.0,0.0014267389,"Discordance with dataset reference, not adjudicated clinical error."
resnet18,1.0,ensemble,ensemble_temperature,1.0,vinbig,cardiomegaly,reference_positive_low_probability,vinbig_d20563eda118661e39a855fa825539fe,1.0,0.0015430672,"Discordance with dataset reference, not adjudicated clinical error."
resnet18,1.0,ensemble,ensemble_temperature,1.0,vinbig,cardiomegaly,reference_positive_low_probability,vinbig_d15440be54e5314679b36d0e7c9c0da1,1.0,0.0016853665,"Discordance with dataset reference, not adjudicated clinical error."
resnet18,1.0,ensemble,ensemble_temperature,1.0,vinbig,cardiomegaly,reference_positive_low_probability,vinbig_b8df1b270c5447fdac022ab51540f949,1.0,0.0018321684,"Discordance with dataset reference, not adjudicated clinical error."
resnet18,1.0,ensemble,ensemble_temperature,1.0,vinbig,cardiomegaly,reference_positive_low_probability,vinbig_b482f72073e73cea73cc82ea02b353da,1.0,0.0018720097,"Discordance with dataset reference, not adjudicated clinical error."
resnet18,1.0,ensemble,ensemble_temperature,1.0,vinbig,cardiomegaly,reference_positive_low_probability,vinbig_52c85584532b1c23d447ab91ac1787ef,1.0,0.0019308429,"Discordance with dataset reference, not adjudicated clinical error."
resnet18,1.0,ensemble,ensemble_temperature,1.0,vinbig,cardiomegaly,reference_positive_low_probability,vinbig_ffe6f9fe648a7ec29a50feb92d6c15a4,1.0,0.0019493469,"Discordance with dataset reference, not adjudicated clinical error."
resnet18,1.0,ensemble,ensemble_temperature,1.0,vinbig,cardiomegaly,reference_positive_low_probability,vinbig_fbd7d287fcf514d7c8c1d8b08eee47c6,1.0,0.0020717217,"Discordance with dataset reference, not adjudicated clinical error."
resnet18,1.0,ensemble,ensemble_temperature,1.0,vinbig,cardiomegaly,reference_positive_low_probability,vinbig_70dc4cdf5377a5daa9628a456390ed93,1.0,0.0020863109,"Discordance with dataset reference, not adjudicated clinical error."
resnet18,1.0,ensemble,ensemble_temperature,1.0,vinbig,cardiomegaly,reference_positive_low_probability,vinbig_dadb809c6e432781996add21a4543cd3,1.0,0.0022262891,"Discordance with dataset reference, not adjudicated clinical error."
resnet18,1.0,ensemble,ensemble_temperature,1.0,vinbig,cardiomegaly,reference_positive_low_probability,vinbig_299057220a9508923d271ac70bff843b,1.0,0.002296262,"Discordance with dataset reference, not adjudicated clinical error."
resnet18,1.0,ensemble,ensemble_temperature,1.0,vinbig,cardiomegaly,reference_positive_low_probability,vinbig_61dd944679b8bfd6d5f5a84c9e7738e3,1.0,0.0022990124,"Discordance with dataset reference, not adjudicated clinical error."
resnet18,1.0,ensemble,ensemble_temperature,1.0,vinbig,cardiomegaly,reference_positive_low_probability,vinbig_80566fdc49f6da7e1a3e5f69bda6d299,1.0,0.0025494006,"Discordance with dataset reference, not adjudicated clinical error."
resnet18,1.0,ensemble,ensemble_temperature,1.0,vinbig,cardiomegaly,reference_positive_low_probability,vinbig_a1099e200fda2e6dc8c80d691fc6e70d,1.0,0.0026499776,"Discordance with dataset reference, not adjudicated clinical error."
resnet18,1.0,ensemble,ensemble_temperature,1.0,vinbig,cardiomegaly,reference_positive_low_probability,vinbig_b4db27f83c152fb40adc9bd6a4e742d8,1.0,0.0030064813,"Discordance with dataset reference, not adjudicated clinical error."
resnet18,1.0,ensemble,ensemble_temperature,1.0,vinbig,pleural_effusion,reference_negative_high_probability,vinbig_fb8e11c6b2886b2d41b379e0598669b9,0.0,0.6550567,"Discordance with dataset reference, not adjudicated clinical error."
resnet18,1.0,ensemble,ensemble_temperature,1.0,vinbig,pleural_effusion,reference_negative_high_probability,vinbig_151a8ce59aa6e414ee8a9c9d711cee61,0.0,0.65214205,"Discordance with dataset reference, not adjudicated clinical error."
resnet18,1.0,ensemble,ensemble_temperature,1.0,vinbig,pleural_effusion,reference_negative_high_probability,vinbig_5ffa2d8c4717aa06a6cdec9f74e775c9,0.0,0.63359827,"Discordance with dataset reference, not adjudicated clinical error."
resnet18,1.0,ensemble,ensemble_temperature,1.0,vinbig,pleural_effusion,reference_negative_high_probability,vinbig_4c8b34b2b49560459f55016cc28a9b4e,0.0,0.61841923,"Discordance with dataset reference, not adjudicated clinical error."
resnet18,1.0,ensemble,ensemble_temperature,1.0,vinbig,pleural_effusion,reference_negative_high_probability,vinbig_bb3d26414a85af5edf485b330607860d,0.0,0.60627836,"Discordance with dataset reference, not adjudicated clinical error."
resnet18,1.0,ensemble,ensemble_temperature,1.0,vinbig,pleural_effusion,reference_negative_high_probability,vinbig_328a03f1cf631960207c6f6f3026bdb1,0.0,0.5893479,"Discordance with dataset reference, not adjudicated clinical error."
resnet18,1.0,ensemble,ensemble_temperature,1.0,vinbig,pleural_effusion,reference_negative_high_probability,vinbig_9caa401125b89c4cc372cc2169d340f2,0.0,0.5871874,"Discordance with dataset reference, not adjudicated clinical error."
resnet18,1.0,ensemble,ensemble_temperature,1.0,vinbig,pleural_effusion,reference_negative_high_probability,vinbig_2ce046da31101c578df3349c36f325a1,0.0,0.5772003,"Discordance with dataset reference, not adjudicated clinical error."
resnet18,1.0,ensemble,ensemble_temperature,1.0,vinbig,pleural_effusion,reference_negative_high_probability,vinbig_51cce256c4d5b81a6b65a24cfe7b3ba2,0.0,0.55179673,"Discordance with dataset reference, not adjudicated clinical error."
resnet18,1.0,ensemble,ensemble_temperature,1.0,vinbig,pleural_effusion,reference_negative_high_probability,vinbig_efc7bc78ce88e95191fdab525f974c24,0.0,0.55125785,"Discordance with dataset reference, not adjudicated clinical error."
resnet18,1.0,ensemble,ensemble_temperature,1.0,vinbig,pleural_effusion,reference_negative_high_probability,vinbig_678219cc34c08e4b184dbe73ef52a680,0.0,0.5434086,"Discordance with dataset reference, not adjudicated clinical error."
resnet18,1.0,ensemble,ensemble_temperature,1.0,vinbig,pleural_effusion,reference_negative_high_probability,vinbig_57f40b4dd5c69465630945efc03e9be9,0.0,0.5156982,"Discordance with dataset reference, not adjudicated clinical error."
resnet18,1.0,ensemble,ensemble_temperature,1.0,vinbig,pleural_effusion,reference_negative_high_probability,vinbig_3fd5a48543be08bc92fbcaa0971cf50e,0.0,0.51486665,"Discordance with dataset reference, not adjudicated clinical error."
resnet18,1.0,ensemble,ensemble_temperature,1.0,vinbig,pleural_effusion,reference_negative_high_probability,vinbig_40b51daeb48afacaaa3efca42bcaaf9c,0.0,0.5113323,"Discordance with dataset reference, not adjudicated clinical error."
resnet18,1.0,ensemble,ensemble_temperature,1.0,vinbig,pleural_effusion,reference_negative_high_probability,vinbig_26cff5d4eedc6c89172888ea18b09893,0.0,0.5068842,"Discordance with dataset reference, not adjudicated clinical error."
resnet18,1.0,ensemble,ensemble_temperature,1.0,vinbig,pleural_effusion,reference_negative_high_probability,vinbig_f2a85cc12635e8e4ec9dbe2716e800a0,0.0,0.50534064,"Discordance with dataset reference, not adjudicated clinical error."
resnet18,1.0,ensemble,ensemble_temperature,1.0,vinbig,pleural_effusion,reference_negative_high_probability,vinbig_b5fa2fc3b3e2a3bbf93884481fb08b74,0.0,0.5030868,"Discordance with dataset reference, not adjudicated clinical error."
resnet18,1.0,ensemble,ensemble_temperature,1.0,vinbig,pleural_effusion,reference_negative_high_probability,vinbig_20c912c5a00f426f19d54272bd2b4fcd,0.0,0.49576187,"Discordance with dataset reference, not adjudicated clinical error."
resnet18,1.0,ensemble,ensemble_temperature,1.0,vinbig,pleural_effusion,reference_negative_high_probability,vinbig_8f98e3e6e86e573a6bd32403086b3707,0.0,0.4936998,"Discordance with dataset reference, not adjudicated clinical error."
resnet18,1.0,ensemble,ensemble_temperature,1.0,vinbig,pleural_effusion,reference_negative_high_probability,vinbig_0dc7b1615100b4f5d3ae294bae0d5d43,0.0,0.49175656,"Discordance with dataset reference, not adjudicated clinical error."
resnet18,1.0,ensemble,ensemble_temperature,1.0,vinbig,pleural_effusion,reference_positive_low_probability,vinbig_2d063af5457785f5c76ae1e6c06c0037,1.0,0.005937339,"Discordance with dataset reference, not adjudicated clinical error."
resnet18,1.0,ensemble,ensemble_temperature,1.0,vinbig,pleural_effusion,reference_positive_low_probability,vinbig_1071b3b85121012c5061894bf3b8704b,1.0,0.008744528,"Discordance with dataset reference, not adjudicated clinical error."
resnet18,1.0,ensemble,ensemble_temperature,1.0,vinbig,pleural_effusion,reference_positive_low_probability,vinbig_f77548b76082f9b45c05764493005039,1.0,0.015043561,"Discordance with dataset reference, not adjudicated clinical error."
resnet18,1.0,ensemble,ensemble_temperature,1.0,vinbig,pleural_effusion,reference_positive_low_probability,vinbig_43a9edf6cea5fec0b63f8a6d9e2a50d7,1.0,0.015116311,"Discordance with dataset reference, not adjudicated clinical error."
resnet18,1.0,ensemble,ensemble_temperature,1.0,vinbig,pleural_effusion,reference_positive_low_probability,vinbig_49ded6fae1ab18e9200f9d9cbf26e884,1.0,0.015254286,"Discordance with dataset reference, not adjudicated clinical error."
resnet18,1.0,ensemble,ensemble_temperature,1.0,vinbig,pleural_effusion,reference_positive_low_probability,vinbig_a3138b15692cfedc5a35d1bf5314616e,1.0,0.015408454,"Discordance with dataset reference, not adjudicated clinical error."
resnet18,1.0,ensemble,ensemble_temperature,1.0,vinbig,pleural_effusion,reference_positive_low_probability,vinbig_a330d6606525415c5e462b9e13ca8452,1.0,0.015822167,"Discordance with dataset reference, not adjudicated clinical error."
resnet18,1.0,ensemble,ensemble_temperature,1.0,vinbig,pleural_effusion,reference_positive_low_probability,vinbig_929cadd9346edbd600e909ce306ebfb6,1.0,0.016040053,"Discordance with dataset reference, not adjudicated clinical error."
resnet18,1.0,ensemble,ensemble_temperature,1.0,vinbig,pleural_effusion,reference_positive_low_probability,vinbig_2954986a6bc846398d3cc9bc2297ed84,1.0,0.016353577,"Discordance with dataset reference, not adjudicated clinical error."
resnet18,1.0,ensemble,ensemble_temperature,1.0,vinbig,pleural_effusion,reference_positive_low_probability,vinbig_e45bf032d966f8d3e6fdd0f03a7fdec4,1.0,0.017326586,"Discordance with dataset reference, not adjudicated clinical error."
resnet18,1.0,ensemble,ensemble_temperature,1.0,vinbig,pleural_effusion,reference_positive_low_probability,vinbig_26d1d5a0ef2e692c6340e74859ffdc53,1.0,0.017772589,"Discordance with dataset reference, not adjudicated clinical error."
resnet18,1.0,ensemble,ensemble_temperature,1.0,vinbig,pleural_effusion,reference_positive_low_probability,vinbig_16b02dc3b4e8deb6c1cc686c9ef911dd,1.0,0.01859558,"Discordance with dataset reference, not adjudicated clinical error."
resnet18,1.0,ensemble,ensemble_temperature,1.0,vinbig,pleural_effusion,reference_positive_low_probability,vinbig_e76af44f2856bf89d69d00d43536cf8c,1.0,0.019600062,"Discordance with dataset reference, not adjudicated clinical error."
resnet18,1.0,ensemble,ensemble_temperature,1.0,vinbig,pleural_effusion,reference_positive_low_probability,vinbig_23b8b9881d7effc2a5aa2b7372f01d7f,1.0,0.019864805,"Discordance with dataset reference, not adjudicated clinical error."
resnet18,1.0,ensemble,ensemble_temperature,1.0,vinbig,pleural_effusion,reference_positive_low_probability,vinbig_cbc971fb918adb51914a165519ba121a,1.0,0.020151917,"Discordance with dataset reference, not adjudicated clinical error."
resnet18,1.0,ensemble,ensemble_temperature,1.0,vinbig,pleural_effusion,reference_positive_low_probability,vinbig_f58ecf974a05d2f5ece85aa9393cf9d6,1.0,0.021477552,"Discordance with dataset reference, not adjudicated clinical error."
resnet18,1.0,ensemble,ensemble_temperature,1.0,vinbig,pleural_effusion,reference_positive_low_probability,vinbig_ff60d1425ffd67d12aa61e3eb3b45040,1.0,0.021715106,"Discordance with dataset reference, not adjudicated clinical error."
resnet18,1.0,ensemble,ensemble_temperature,1.0,vinbig,pleural_effusion,reference_positive_low_probability,vinbig_492c436c00725c4c909ec6fbc9223b92,1.0,0.022330187,"Discordance with dataset reference, not adjudicated clinical error."
resnet18,1.0,ensemble,ensemble_temperature,1.0,vinbig,pleural_effusion,reference_positive_low_probability,vinbig_2c892bb46e4187bddce8fe179d7225dc,1.0,0.02304076,"Discordance with dataset reference, not adjudicated clinical error."
resnet18,1.0,ensemble,ensemble_temperature,1.0,vinbig,pleural_effusion,reference_positive_low_probability,vinbig_a2480b9f63cc65e052dc0b9ad19c866e,1.0,0.027143417,"Discordance with dataset reference, not adjudicated clinical error."
densenet121,1.0,ensemble,ensemble_temperature,1.0,chexpert,cardiomegaly,reference_negative_high_probability,chexpert_1a8e6769ab032f28db835443,0.0,0.6363733,"Discordance with dataset reference, not adjudicated clinical error."
densenet121,1.0,ensemble,ensemble_temperature,1.0,chexpert,cardiomegaly,reference_negative_high_probability,chexpert_39484771ef7632f62f7f0a10,0.0,0.59452236,"Discordance with dataset reference, not adjudicated clinical error."
densenet121,1.0,ensemble,ensemble_temperature,1.0,chexpert,cardiomegaly,reference_negative_high_probability,chexpert_4c5be94f312466c7786f20c7,0.0,0.55456376,"Discordance with dataset reference, not adjudicated clinical error."
densenet121,1.0,ensemble,ensemble_temperature,1.0,chexpert,cardiomegaly,reference_negative_high_probability,chexpert_647d39bbe60834e47319516e,0.0,0.54414153,"Discordance with dataset reference, not adjudicated clinical error."
densenet121,1.0,ensemble,ensemble_temperature,1.0,chexpert,cardiomegaly,reference_negative_high_probability,chexpert_39cc5ea112c1c0f4eff7e588,0.0,0.5422856,"Discordance with dataset reference, not adjudicated clinical error."
densenet121,1.0,ensemble,ensemble_temperature,1.0,chexpert,cardiomegaly,reference_negative_high_probability,chexpert_99f60d92dba6f49df5faa39d,0.0,0.53707314,"Discordance with dataset reference, not adjudicated clinical error."
densenet121,1.0,ensemble,ensemble_temperature,1.0,chexpert,cardiomegaly,reference_negative_high_probability,chexpert_f39f7685929d764042075403,0.0,0.5353303,"Discordance with dataset reference, not adjudicated clinical error."
densenet121,1.0,ensemble,ensemble_temperature,1.0,chexpert,cardiomegaly,reference_negative_high_probability,chexpert_4d364297403a1bf6cda0ee20,0.0,0.5321188,"Discordance with dataset reference, not adjudicated clinical error."
densenet121,1.0,ensemble,ensemble_temperature,1.0,chexpert,cardiomegaly,reference_negative_high_probability,chexpert_58cc3039ef024610e1c9a5bd,0.0,0.531203,"Discordance with dataset reference, not adjudicated clinical error."
densenet121,1.0,ensemble,ensemble_temperature,1.0,chexpert,cardiomegaly,reference_negative_high_probability,chexpert_0e05749916daa79ca05f3f74,0.0,0.5257293,"Discordance with dataset reference, not adjudicated clinical error."
densenet121,1.0,ensemble,ensemble_temperature,1.0,chexpert,cardiomegaly,reference_negative_high_probability,chexpert_7b50a429b3be244d504efb83,0.0,0.52407134,"Discordance with dataset reference, not adjudicated clinical error."
densenet121,1.0,ensemble,ensemble_temperature,1.0,chexpert,cardiomegaly,reference_negative_high_probability,chexpert_7aa8b09f22bcd31cab846629,0.0,0.51808214,"Discordance with dataset reference, not adjudicated clinical error."
densenet121,1.0,ensemble,ensemble_temperature,1.0,chexpert,cardiomegaly,reference_negative_high_probability,chexpert_77c975b32dd522d51e3f7fb6,0.0,0.49563384,"Discordance with dataset reference, not adjudicated clinical error."
densenet121,1.0,ensemble,ensemble_temperature,1.0,chexpert,cardiomegaly,reference_negative_high_probability,chexpert_b2c3fb39a67bbf6a96763dac,0.0,0.48486394,"Discordance with dataset reference, not adjudicated clinical error."
densenet121,1.0,ensemble,ensemble_temperature,1.0,chexpert,cardiomegaly,reference_negative_high_probability,chexpert_e3364e63240f7b14fb836946,0.0,0.47559386,"Discordance with dataset reference, not adjudicated clinical error."
densenet121,1.0,ensemble,ensemble_temperature,1.0,chexpert,cardiomegaly,reference_negative_high_probability,chexpert_01258d12dd9531aca058173e,0.0,0.46841866,"Discordance with dataset reference, not adjudicated clinical error."
densenet121,1.0,ensemble,ensemble_temperature,1.0,chexpert,cardiomegaly,reference_negative_high_probability,chexpert_91a1ec444e93ce0958466219,0.0,0.46829328,"Discordance with dataset reference, not adjudicated clinical error."
densenet121,1.0,ensemble,ensemble_temperature,1.0,chexpert,cardiomegaly,reference_negative_high_probability,chexpert_d206ce612e0710dd4f59bd54,0.0,0.46806997,"Discordance with dataset reference, not adjudicated clinical error."
densenet121,1.0,ensemble,ensemble_temperature,1.0,chexpert,cardiomegaly,reference_negative_high_probability,chexpert_03ae040a8edc20816611eb5d,0.0,0.46633893,"Discordance with dataset reference, not adjudicated clinical error."
densenet121,1.0,ensemble,ensemble_temperature,1.0,chexpert,cardiomegaly,reference_negative_high_probability,chexpert_e16e6a1fc510320b50d7f32f,0.0,0.46369928,"Discordance with dataset reference, not adjudicated clinical error."
densenet121,1.0,ensemble,ensemble_temperature,1.0,chexpert,cardiomegaly,reference_positive_low_probability,chexpert_64b5d6ed3e9dddf0d788ebf6,1.0,1.6108463e-06,"Discordance with dataset reference, not adjudicated clinical error."
densenet121,1.0,ensemble,ensemble_temperature,1.0,chexpert,cardiomegaly,reference_positive_low_probability,chexpert_bd0e6e9cb6d80b95ce4cd119,1.0,4.295224e-06,"Discordance with dataset reference, not adjudicated clinical error."
densenet121,1.0,ensemble,ensemble_temperature,1.0,chexpert,cardiomegaly,reference_positive_low_probability,chexpert_adaa2bdda3535ea2c9d63aba,1.0,4.7355516e-06,"Discordance with dataset reference, not adjudicated clinical error."
densenet121,1.0,ensemble,ensemble_temperature,1.0,chexpert,cardiomegaly,reference_positive_low_probability,chexpert_79b97d5da7a9ed2a5f16d095,1.0,4.8202587e-06,"Discordance with dataset reference, not adjudicated clinical error."
densenet121,1.0,ensemble,ensemble_temperature,1.0,chexpert,cardiomegaly,reference_positive_low_probability,chexpert_3b0b5080910071563c93a5b5,1.0,6.356513e-06,"Discordance with dataset reference, not adjudicated clinical error."
densenet121,1.0,ensemble,ensemble_temperature,1.0,chexpert,cardiomegaly,reference_positive_low_probability,chexpert_f845140507787e04d77794bb,1.0,1.3587628e-05,"Discordance with dataset reference, not adjudicated clinical error."
densenet121,1.0,ensemble,ensemble_temperature,1.0,chexpert,cardiomegaly,reference_positive_low_probability,chexpert_116f564119ce01be2ca5a22f,1.0,2.0716452e-05,"Discordance with dataset reference, not adjudicated clinical error."
densenet121,1.0,ensemble,ensemble_temperature,1.0,chexpert,cardiomegaly,reference_positive_low_probability,chexpert_25ada11d2c3a17ca5ca319ca,1.0,2.5434745e-05,"Discordance with dataset reference, not adjudicated clinical error."
densenet121,1.0,ensemble,ensemble_temperature,1.0,chexpert,cardiomegaly,reference_positive_low_probability,chexpert_1f48f5a11d9912f8c1239a4f,1.0,2.8926946e-05,"Discordance with dataset reference, not adjudicated clinical error."
densenet121,1.0,ensemble,ensemble_temperature,1.0,chexpert,cardiomegaly,reference_positive_low_probability,chexpert_b5b691df15f482fd0d6fab8a,1.0,2.994963e-05,"Discordance with dataset reference, not adjudicated clinical error."
densenet121,1.0,ensemble,ensemble_temperature,1.0,chexpert,cardiomegaly,reference_positive_low_probability,chexpert_435aa41e7aea766f9cc76e98,1.0,3.0752835e-05,"Discordance with dataset reference, not adjudicated clinical error."
densenet121,1.0,ensemble,ensemble_temperature,1.0,chexpert,cardiomegaly,reference_positive_low_probability,chexpert_7df7d59aa83429211196d5a2,1.0,3.5238e-05,"Discordance with dataset reference, not adjudicated clinical error."
densenet121,1.0,ensemble,ensemble_temperature,1.0,chexpert,cardiomegaly,reference_positive_low_probability,chexpert_68641270c2c2700d83e40cd0,1.0,3.9988256e-05,"Discordance with dataset reference, not adjudicated clinical error."
densenet121,1.0,ensemble,ensemble_temperature,1.0,chexpert,cardiomegaly,reference_positive_low_probability,chexpert_58e526287ebb5d017b0a062e,1.0,4.6429253e-05,"Discordance with dataset reference, not adjudicated clinical error."
densenet121,1.0,ensemble,ensemble_temperature,1.0,chexpert,cardiomegaly,reference_positive_low_probability,chexpert_860ce4ff857ce607184c5fdd,1.0,5.5382687e-05,"Discordance with dataset reference, not adjudicated clinical error."
densenet121,1.0,ensemble,ensemble_temperature,1.0,chexpert,cardiomegaly,reference_positive_low_probability,chexpert_fb7424295efbb5f1ed697dbf,1.0,6.287274e-05,"Discordance with dataset reference, not adjudicated clinical error."
densenet121,1.0,ensemble,ensemble_temperature,1.0,chexpert,cardiomegaly,reference_positive_low_probability,chexpert_30f2ae04f295e3304a0e2507,1.0,8.1294434e-05,"Discordance with dataset reference, not adjudicated clinical error."
densenet121,1.0,ensemble,ensemble_temperature,1.0,chexpert,cardiomegaly,reference_positive_low_probability,chexpert_f559a616afb19e69136da2f1,1.0,9.457073e-05,"Discordance with dataset reference, not adjudicated clinical error."
densenet121,1.0,ensemble,ensemble_temperature,1.0,chexpert,cardiomegaly,reference_positive_low_probability,chexpert_4a780f3f3182170ab1e6c2cc,1.0,0.00010772004,"Discordance with dataset reference, not adjudicated clinical error."
densenet121,1.0,ensemble,ensemble_temperature,1.0,chexpert,cardiomegaly,reference_positive_low_probability,chexpert_4110fd3fbe8ff8311496e6b0,1.0,0.00011166745,"Discordance with dataset reference, not adjudicated clinical error."
densenet121,1.0,ensemble,ensemble_temperature,1.0,chexpert,pleural_effusion,reference_negative_high_probability,chexpert_47bdf2a51efe7c202b0b1bb2,0.0,0.7651209,"Discordance with dataset reference, not adjudicated clinical error."
densenet121,1.0,ensemble,ensemble_temperature,1.0,chexpert,pleural_effusion,reference_negative_high_probability,chexpert_440b44bddcb4092e99c5a3c9,0.0,0.7442564,"Discordance with dataset reference, not adjudicated clinical error."
densenet121,1.0,ensemble,ensemble_temperature,1.0,chexpert,pleural_effusion,reference_negative_high_probability,chexpert_d6e81f87734b51513367e322,0.0,0.73668003,"Discordance with dataset reference, not adjudicated clinical error."
densenet121,1.0,ensemble,ensemble_temperature,1.0,chexpert,pleural_effusion,reference_negative_high_probability,chexpert_5b1935a5eb3232e7c4020362,0.0,0.72922385,"Discordance with dataset reference, not adjudicated clinical error."
densenet121,1.0,ensemble,ensemble_temperature,1.0,chexpert,pleural_effusion,reference_negative_high_probability,chexpert_904e1ebbafa2db87da8aef89,0.0,0.7157723,"Discordance with dataset reference, not adjudicated clinical error."
densenet121,1.0,ensemble,ensemble_temperature,1.0,chexpert,pleural_effusion,reference_negative_high_probability,chexpert_da8516d506a331513ed55f5c,0.0,0.71552455,"Discordance with dataset reference, not adjudicated clinical error."
densenet121,1.0,ensemble,ensemble_temperature,1.0,chexpert,pleural_effusion,reference_negative_high_probability,chexpert_6becb9d8494df626446569b5,0.0,0.71019006,"Discordance with dataset reference, not adjudicated clinical error."
densenet121,1.0,ensemble,ensemble_temperature,1.0,chexpert,pleural_effusion,reference_negative_high_probability,chexpert_0c74545cfd117c110b579ccd,0.0,0.70394766,"Discordance with dataset reference, not adjudicated clinical error."
densenet121,1.0,ensemble,ensemble_temperature,1.0,chexpert,pleural_effusion,reference_negative_high_probability,chexpert_4e54093d15a142614e2f7321,0.0,0.70391095,"Discordance with dataset reference, not adjudicated clinical error."
densenet121,1.0,ensemble,ensemble_temperature,1.0,chexpert,pleural_effusion,reference_negative_high_probability,chexpert_850507b09939781b06aa864c,0.0,0.6978225,"Discordance with dataset reference, not adjudicated clinical error."
densenet121,1.0,ensemble,ensemble_temperature,1.0,chexpert,pleural_effusion,reference_negative_high_probability,chexpert_95ec7b05c6889f4ca913c9b6,0.0,0.69684136,"Discordance with dataset reference, not adjudicated clinical error."
densenet121,1.0,ensemble,ensemble_temperature,1.0,chexpert,pleural_effusion,reference_negative_high_probability,chexpert_2626e564738149f710692e5e,0.0,0.6887389,"Discordance with dataset reference, not adjudicated clinical error."
densenet121,1.0,ensemble,ensemble_temperature,1.0,chexpert,pleural_effusion,reference_negative_high_probability,chexpert_1efa616b51e4dd23211f3c89,0.0,0.6868114,"Discordance with dataset reference, not adjudicated clinical error."
densenet121,1.0,ensemble,ensemble_temperature,1.0,chexpert,pleural_effusion,reference_negative_high_probability,chexpert_d00194a75eb0b046fec26069,0.0,0.6855647,"Discordance with dataset reference, not adjudicated clinical error."
densenet121,1.0,ensemble,ensemble_temperature,1.0,chexpert,pleural_effusion,reference_negative_high_probability,chexpert_2d0ea972257f12c1005bbae3,0.0,0.6738676,"Discordance with dataset reference, not adjudicated clinical error."
densenet121,1.0,ensemble,ensemble_temperature,1.0,chexpert,pleural_effusion,reference_negative_high_probability,chexpert_68172b0fc54922eb8d700b15,0.0,0.67206115,"Discordance with dataset reference, not adjudicated clinical error."
densenet121,1.0,ensemble,ensemble_temperature,1.0,chexpert,pleural_effusion,reference_negative_high_probability,chexpert_1eb871b43fadad6c2b9818c3,0.0,0.6698012,"Discordance with dataset reference, not adjudicated clinical error."
densenet121,1.0,ensemble,ensemble_temperature,1.0,chexpert,pleural_effusion,reference_negative_high_probability,chexpert_2f5603df36df13592018e1e5,0.0,0.66520375,"Discordance with dataset reference, not adjudicated clinical error."
densenet121,1.0,ensemble,ensemble_temperature,1.0,chexpert,pleural_effusion,reference_negative_high_probability,chexpert_ba6d2404b41b3ff7e8a83aa7,0.0,0.6634179,"Discordance with dataset reference, not adjudicated clinical error."
densenet121,1.0,ensemble,ensemble_temperature,1.0,chexpert,pleural_effusion,reference_negative_high_probability,chexpert_12347dc65c685f976161b929,0.0,0.6630083,"Discordance with dataset reference, not adjudicated clinical error."
densenet121,1.0,ensemble,ensemble_temperature,1.0,chexpert,pleural_effusion,reference_positive_low_probability,chexpert_3528e364372f5e1ffa302fe3,1.0,0.00027681948,"Discordance with dataset reference, not adjudicated clinical error."
densenet121,1.0,ensemble,ensemble_temperature,1.0,chexpert,pleural_effusion,reference_positive_low_probability,chexpert_565d7bf51dd69f1b4856ebac,1.0,0.0008467797,"Discordance with dataset reference, not adjudicated clinical error."
densenet121,1.0,ensemble,ensemble_temperature,1.0,chexpert,pleural_effusion,reference_positive_low_probability,chexpert_c86881595f6446dc3b048430,1.0,0.0017045691,"Discordance with dataset reference, not adjudicated clinical error."
densenet121,1.0,ensemble,ensemble_temperature,1.0,chexpert,pleural_effusion,reference_positive_low_probability,chexpert_51da3c9aa5c16972edbf554c,1.0,0.0019942208,"Discordance with dataset reference, not adjudicated clinical error."
densenet121,1.0,ensemble,ensemble_temperature,1.0,chexpert,pleural_effusion,reference_positive_low_probability,chexpert_cde14594e8e935ba0d49919e,1.0,0.0020373405,"Discordance with dataset reference, not adjudicated clinical error."
densenet121,1.0,ensemble,ensemble_temperature,1.0,chexpert,pleural_effusion,reference_positive_low_probability,chexpert_446a3380a53863009c51cecd,1.0,0.002194942,"Discordance with dataset reference, not adjudicated clinical error."
densenet121,1.0,ensemble,ensemble_temperature,1.0,chexpert,pleural_effusion,reference_positive_low_probability,chexpert_f3ee389d56891db476e4f919,1.0,0.002448825,"Discordance with dataset reference, not adjudicated clinical error."
densenet121,1.0,ensemble,ensemble_temperature,1.0,chexpert,pleural_effusion,reference_positive_low_probability,chexpert_bbb7dabdc91f99eda68c667e,1.0,0.0025451286,"Discordance with dataset reference, not adjudicated clinical error."
densenet121,1.0,ensemble,ensemble_temperature,1.0,chexpert,pleural_effusion,reference_positive_low_probability,chexpert_5f59a0cb65704863ebd61047,1.0,0.0027325912,"Discordance with dataset reference, not adjudicated clinical error."
densenet121,1.0,ensemble,ensemble_temperature,1.0,chexpert,pleural_effusion,reference_positive_low_probability,chexpert_4f030dfb7804a61be631382f,1.0,0.0031170796,"Discordance with dataset reference, not adjudicated clinical error."
densenet121,1.0,ensemble,ensemble_temperature,1.0,chexpert,pleural_effusion,reference_positive_low_probability,chexpert_1de04d579916a400afbd9815,1.0,0.0031460072,"Discordance with dataset reference, not adjudicated clinical error."
densenet121,1.0,ensemble,ensemble_temperature,1.0,chexpert,pleural_effusion,reference_positive_low_probability,chexpert_db05be72937f10953425aa54,1.0,0.0031499313,"Discordance with dataset reference, not adjudicated clinical error."
densenet121,1.0,ensemble,ensemble_temperature,1.0,chexpert,pleural_effusion,reference_positive_low_probability,chexpert_14544af11b078d8103f97d8f,1.0,0.0036387094,"Discordance with dataset reference, not adjudicated clinical error."
densenet121,1.0,ensemble,ensemble_temperature,1.0,chexpert,pleural_effusion,reference_positive_low_probability,chexpert_65b0303565af6f169d00b3b4,1.0,0.004132597,"Discordance with dataset reference, not adjudicated clinical error."
densenet121,1.0,ensemble,ensemble_temperature,1.0,chexpert,pleural_effusion,reference_positive_low_probability,chexpert_bbf1cff6b0520f5cea489e3f,1.0,0.0047890553,"Discordance with dataset reference, not adjudicated clinical error."
densenet121,1.0,ensemble,ensemble_temperature,1.0,chexpert,pleural_effusion,reference_positive_low_probability,chexpert_9ad6dd1c7176ba2e7b40547e,1.0,0.0047971853,"Discordance with dataset reference, not adjudicated clinical error."
densenet121,1.0,ensemble,ensemble_temperature,1.0,chexpert,pleural_effusion,reference_positive_low_probability,chexpert_54438c40dc6994b2a19a0659,1.0,0.004845521,"Discordance with dataset reference, not adjudicated clinical error."
densenet121,1.0,ensemble,ensemble_temperature,1.0,chexpert,pleural_effusion,reference_positive_low_probability,chexpert_18819be6b095559b88800f43,1.0,0.005495347,"Discordance with dataset reference, not adjudicated clinical error."
densenet121,1.0,ensemble,ensemble_temperature,1.0,chexpert,pleural_effusion,reference_positive_low_probability,chexpert_e496da3516c736d6eb530f56,1.0,0.0059508444,"Discordance with dataset reference, not adjudicated clinical error."
densenet121,1.0,ensemble,ensemble_temperature,1.0,chexpert,pleural_effusion,reference_positive_low_probability,chexpert_bd0481f29f0408659991f8e6,1.0,0.0060381633,"Discordance with dataset reference, not adjudicated clinical error."
densenet121,1.0,ensemble,ensemble_temperature,1.0,nih,cardiomegaly,reference_negative_high_probability,nih_00000162_000.png,0.0,0.75642085,"Discordance with dataset reference, not adjudicated clinical error."
densenet121,1.0,ensemble,ensemble_temperature,1.0,nih,cardiomegaly,reference_negative_high_probability,nih_00000211_003.png,0.0,0.7515869,"Discordance with dataset reference, not adjudicated clinical error."
densenet121,1.0,ensemble,ensemble_temperature,1.0,nih,cardiomegaly,reference_negative_high_probability,nih_00000211_030.png,0.0,0.7237286,"Discordance with dataset reference, not adjudicated clinical error."
densenet121,1.0,ensemble,ensemble_temperature,1.0,nih,cardiomegaly,reference_negative_high_probability,nih_00000211_023.png,0.0,0.7227473,"Discordance with dataset reference, not adjudicated clinical error."
densenet121,1.0,ensemble,ensemble_temperature,1.0,nih,cardiomegaly,reference_negative_high_probability,nih_00000211_032.png,0.0,0.719955,"Discordance with dataset reference, not adjudicated clinical error."
densenet121,1.0,ensemble,ensemble_temperature,1.0,nih,cardiomegaly,reference_negative_high_probability,nih_00000211_028.png,0.0,0.71984273,"Discordance with dataset reference, not adjudicated clinical error."
densenet121,1.0,ensemble,ensemble_temperature,1.0,nih,cardiomegaly,reference_negative_high_probability,nih_00004000_000.png,0.0,0.7194009,"Discordance with dataset reference, not adjudicated clinical error."
densenet121,1.0,ensemble,ensemble_temperature,1.0,nih,cardiomegaly,reference_negative_high_probability,nih_00002799_000.png,0.0,0.7149531,"Discordance with dataset reference, not adjudicated clinical error."
densenet121,1.0,ensemble,ensemble_temperature,1.0,nih,cardiomegaly,reference_negative_high_probability,nih_00029991_009.png,0.0,0.7026768,"Discordance with dataset reference, not adjudicated clinical error."
densenet121,1.0,ensemble,ensemble_temperature,1.0,nih,cardiomegaly,reference_negative_high_probability,nih_00029991_008.png,0.0,0.6867411,"Discordance with dataset reference, not adjudicated clinical error."
densenet121,1.0,ensemble,ensemble_temperature,1.0,nih,cardiomegaly,reference_negative_high_probability,nih_00021860_007.png,0.0,0.67502844,"Discordance with dataset reference, not adjudicated clinical error."
densenet121,1.0,ensemble,ensemble_temperature,1.0,nih,cardiomegaly,reference_negative_high_probability,nih_00000211_031.png,0.0,0.67215586,"Discordance with dataset reference, not adjudicated clinical error."
densenet121,1.0,ensemble,ensemble_temperature,1.0,nih,cardiomegaly,reference_negative_high_probability,nih_00010388_000.png,0.0,0.67091924,"Discordance with dataset reference, not adjudicated clinical error."
densenet121,1.0,ensemble,ensemble_temperature,1.0,nih,cardiomegaly,reference_negative_high_probability,nih_00000235_000.png,0.0,0.63746476,"Discordance with dataset reference, not adjudicated clinical error."
densenet121,1.0,ensemble,ensemble_temperature,1.0,nih,cardiomegaly,reference_negative_high_probability,nih_00017980_008.png,0.0,0.6329683,"Discordance with dataset reference, not adjudicated clinical error."
densenet121,1.0,ensemble,ensemble_temperature,1.0,nih,cardiomegaly,reference_negative_high_probability,nih_00000211_027.png,0.0,0.62659425,"Discordance with dataset reference, not adjudicated clinical error."
densenet121,1.0,ensemble,ensemble_temperature,1.0,nih,cardiomegaly,reference_negative_high_probability,nih_00000211_026.png,0.0,0.61858577,"Discordance with dataset reference, not adjudicated clinical error."
densenet121,1.0,ensemble,ensemble_temperature,1.0,nih,cardiomegaly,reference_negative_high_probability,nih_00000211_029.png,0.0,0.6184938,"Discordance with dataset reference, not adjudicated clinical error."
densenet121,1.0,ensemble,ensemble_temperature,1.0,nih,cardiomegaly,reference_negative_high_probability,nih_00000211_033.png,0.0,0.60727996,"Discordance with dataset reference, not adjudicated clinical error."
densenet121,1.0,ensemble,ensemble_temperature,1.0,nih,cardiomegaly,reference_negative_high_probability,nih_00002763_012.png,0.0,0.6016291,"Discordance with dataset reference, not adjudicated clinical error."
densenet121,1.0,ensemble,ensemble_temperature,1.0,nih,cardiomegaly,reference_positive_low_probability,nih_00008096_000.png,1.0,0.0003398566,"Discordance with dataset reference, not adjudicated clinical error."
densenet121,1.0,ensemble,ensemble_temperature,1.0,nih,cardiomegaly,reference_positive_low_probability,nih_00007948_001.png,1.0,0.00044441465,"Discordance with dataset reference, not adjudicated clinical error."
densenet121,1.0,ensemble,ensemble_temperature,1.0,nih,cardiomegaly,reference_positive_low_probability,nih_00023271_010.png,1.0,0.00067979813,"Discordance with dataset reference, not adjudicated clinical error."
densenet121,1.0,ensemble,ensemble_temperature,1.0,nih,cardiomegaly,reference_positive_low_probability,nih_00005689_000.png,1.0,0.0008671449,"Discordance with dataset reference, not adjudicated clinical error."
densenet121,1.0,ensemble,ensemble_temperature,1.0,nih,cardiomegaly,reference_positive_low_probability,nih_00015646_026.png,1.0,0.001014975,"Discordance with dataset reference, not adjudicated clinical error."
densenet121,1.0,ensemble,ensemble_temperature,1.0,nih,cardiomegaly,reference_positive_low_probability,nih_00005610_000.png,1.0,0.001429996,"Discordance with dataset reference, not adjudicated clinical error."
densenet121,1.0,ensemble,ensemble_temperature,1.0,nih,cardiomegaly,reference_positive_low_probability,nih_00019176_057.png,1.0,0.0019306975,"Discordance with dataset reference, not adjudicated clinical error."
densenet121,1.0,ensemble,ensemble_temperature,1.0,nih,cardiomegaly,reference_positive_low_probability,nih_00013774_057.png,1.0,0.002134373,"Discordance with dataset reference, not adjudicated clinical error."
densenet121,1.0,ensemble,ensemble_temperature,1.0,nih,cardiomegaly,reference_positive_low_probability,nih_00009642_000.png,1.0,0.0022458583,"Discordance with dataset reference, not adjudicated clinical error."
densenet121,1.0,ensemble,ensemble_temperature,1.0,nih,cardiomegaly,reference_positive_low_probability,nih_00019176_104.png,1.0,0.0027005381,"Discordance with dataset reference, not adjudicated clinical error."
densenet121,1.0,ensemble,ensemble_temperature,1.0,nih,cardiomegaly,reference_positive_low_probability,nih_00005401_000.png,1.0,0.0027489173,"Discordance with dataset reference, not adjudicated clinical error."
densenet121,1.0,ensemble,ensemble_temperature,1.0,nih,cardiomegaly,reference_positive_low_probability,nih_00018224_007.png,1.0,0.0030611379,"Discordance with dataset reference, not adjudicated clinical error."
densenet121,1.0,ensemble,ensemble_temperature,1.0,nih,cardiomegaly,reference_positive_low_probability,nih_00000761_006.png,1.0,0.0033703982,"Discordance with dataset reference, not adjudicated clinical error."
densenet121,1.0,ensemble,ensemble_temperature,1.0,nih,cardiomegaly,reference_positive_low_probability,nih_00011139_000.png,1.0,0.0036113716,"Discordance with dataset reference, not adjudicated clinical error."
densenet121,1.0,ensemble,ensemble_temperature,1.0,nih,cardiomegaly,reference_positive_low_probability,nih_00018972_042.png,1.0,0.0039356854,"Discordance with dataset reference, not adjudicated clinical error."
densenet121,1.0,ensemble,ensemble_temperature,1.0,nih,cardiomegaly,reference_positive_low_probability,nih_00021772_008.png,1.0,0.004121912,"Discordance with dataset reference, not adjudicated clinical error."
densenet121,1.0,ensemble,ensemble_temperature,1.0,nih,cardiomegaly,reference_positive_low_probability,nih_00021182_000.png,1.0,0.0046175933,"Discordance with dataset reference, not adjudicated clinical error."
densenet121,1.0,ensemble,ensemble_temperature,1.0,nih,cardiomegaly,reference_positive_low_probability,nih_00008342_025.png,1.0,0.005094234,"Discordance with dataset reference, not adjudicated clinical error."
densenet121,1.0,ensemble,ensemble_temperature,1.0,nih,cardiomegaly,reference_positive_low_probability,nih_00027935_002.png,1.0,0.0051952815,"Discordance with dataset reference, not adjudicated clinical error."
densenet121,1.0,ensemble,ensemble_temperature,1.0,nih,cardiomegaly,reference_positive_low_probability,nih_00018187_027.png,1.0,0.005476514,"Discordance with dataset reference, not adjudicated clinical error."
densenet121,1.0,ensemble,ensemble_temperature,1.0,nih,pleural_effusion,reference_negative_high_probability,nih_00013765_004.png,0.0,0.8642328,"Discordance with dataset reference, not adjudicated clinical error."
densenet121,1.0,ensemble,ensemble_temperature,1.0,nih,pleural_effusion,reference_negative_high_probability,nih_00022526_014.png,0.0,0.83872974,"Discordance with dataset reference, not adjudicated clinical error."
densenet121,1.0,ensemble,ensemble_temperature,1.0,nih,pleural_effusion,reference_negative_high_probability,nih_00011144_013.png,0.0,0.8319608,"Discordance with dataset reference, not adjudicated clinical error."
densenet121,1.0,ensemble,ensemble_temperature,1.0,nih,pleural_effusion,reference_negative_high_probability,nih_00026713_013.png,0.0,0.8281965,"Discordance with dataset reference, not adjudicated clinical error."
densenet121,1.0,ensemble,ensemble_temperature,1.0,nih,pleural_effusion,reference_negative_high_probability,nih_00019673_000.png,0.0,0.8267329,"Discordance with dataset reference, not adjudicated clinical error."
densenet121,1.0,ensemble,ensemble_temperature,1.0,nih,pleural_effusion,reference_negative_high_probability,nih_00005895_004.png,0.0,0.8240633,"Discordance with dataset reference, not adjudicated clinical error."
densenet121,1.0,ensemble,ensemble_temperature,1.0,nih,pleural_effusion,reference_negative_high_probability,nih_00022526_001.png,0.0,0.82357544,"Discordance with dataset reference, not adjudicated clinical error."
densenet121,1.0,ensemble,ensemble_temperature,1.0,nih,pleural_effusion,reference_negative_high_probability,nih_00019673_001.png,0.0,0.8224289,"Discordance with dataset reference, not adjudicated clinical error."
densenet121,1.0,ensemble,ensemble_temperature,1.0,nih,pleural_effusion,reference_negative_high_probability,nih_00010772_014.png,0.0,0.8197138,"Discordance with dataset reference, not adjudicated clinical error."
densenet121,1.0,ensemble,ensemble_temperature,1.0,nih,pleural_effusion,reference_negative_high_probability,nih_00009358_004.png,0.0,0.8180516,"Discordance with dataset reference, not adjudicated clinical error."
densenet121,1.0,ensemble,ensemble_temperature,1.0,nih,pleural_effusion,reference_negative_high_probability,nih_00020501_006.png,0.0,0.8174179,"Discordance with dataset reference, not adjudicated clinical error."
densenet121,1.0,ensemble,ensemble_temperature,1.0,nih,pleural_effusion,reference_negative_high_probability,nih_00011404_002.png,0.0,0.8169412,"Discordance with dataset reference, not adjudicated clinical error."
densenet121,1.0,ensemble,ensemble_temperature,1.0,nih,pleural_effusion,reference_negative_high_probability,nih_00011269_020.png,0.0,0.80857813,"Discordance with dataset reference, not adjudicated clinical error."
densenet121,1.0,ensemble,ensemble_temperature,1.0,nih,pleural_effusion,reference_negative_high_probability,nih_00021222_000.png,0.0,0.8070424,"Discordance with dataset reference, not adjudicated clinical error."
densenet121,1.0,ensemble,ensemble_temperature,1.0,nih,pleural_effusion,reference_negative_high_probability,nih_00011495_004.png,0.0,0.80554426,"Discordance with dataset reference, not adjudicated clinical error."
densenet121,1.0,ensemble,ensemble_temperature,1.0,nih,pleural_effusion,reference_negative_high_probability,nih_00022416_030.png,0.0,0.8050133,"Discordance with dataset reference, not adjudicated clinical error."
densenet121,1.0,ensemble,ensemble_temperature,1.0,nih,pleural_effusion,reference_negative_high_probability,nih_00019707_003.png,0.0,0.802751,"Discordance with dataset reference, not adjudicated clinical error."
densenet121,1.0,ensemble,ensemble_temperature,1.0,nih,pleural_effusion,reference_negative_high_probability,nih_00020501_001.png,0.0,0.8001514,"Discordance with dataset reference, not adjudicated clinical error."
densenet121,1.0,ensemble,ensemble_temperature,1.0,nih,pleural_effusion,reference_negative_high_probability,nih_00007557_008.png,0.0,0.7919184,"Discordance with dataset reference, not adjudicated clinical error."
densenet121,1.0,ensemble,ensemble_temperature,1.0,nih,pleural_effusion,reference_negative_high_probability,nih_00005895_026.png,0.0,0.7918907,"Discordance with dataset reference, not adjudicated clinical error."
densenet121,1.0,ensemble,ensemble_temperature,1.0,nih,pleural_effusion,reference_positive_low_probability,nih_00015193_000.png,1.0,0.0008895797,"Discordance with dataset reference, not adjudicated clinical error."
densenet121,1.0,ensemble,ensemble_temperature,1.0,nih,pleural_effusion,reference_positive_low_probability,nih_00022189_000.png,1.0,0.00093176623,"Discordance with dataset reference, not adjudicated clinical error."
densenet121,1.0,ensemble,ensemble_temperature,1.0,nih,pleural_effusion,reference_positive_low_probability,nih_00012796_003.png,1.0,0.0010625807,"Discordance with dataset reference, not adjudicated clinical error."
densenet121,1.0,ensemble,ensemble_temperature,1.0,nih,pleural_effusion,reference_positive_low_probability,nih_00005592_002.png,1.0,0.0010657953,"Discordance with dataset reference, not adjudicated clinical error."
densenet121,1.0,ensemble,ensemble_temperature,1.0,nih,pleural_effusion,reference_positive_low_probability,nih_00013765_008.png,1.0,0.0014970405,"Discordance with dataset reference, not adjudicated clinical error."
densenet121,1.0,ensemble,ensemble_temperature,1.0,nih,pleural_effusion,reference_positive_low_probability,nih_00016937_019.png,1.0,0.001653915,"Discordance with dataset reference, not adjudicated clinical error."
densenet121,1.0,ensemble,ensemble_temperature,1.0,nih,pleural_effusion,reference_positive_low_probability,nih_00021255_000.png,1.0,0.0017806189,"Discordance with dataset reference, not adjudicated clinical error."
densenet121,1.0,ensemble,ensemble_temperature,1.0,nih,pleural_effusion,reference_positive_low_probability,nih_00011679_003.png,1.0,0.0020069105,"Discordance with dataset reference, not adjudicated clinical error."
densenet121,1.0,ensemble,ensemble_temperature,1.0,nih,pleural_effusion,reference_positive_low_probability,nih_00014355_012.png,1.0,0.002042592,"Discordance with dataset reference, not adjudicated clinical error."
densenet121,1.0,ensemble,ensemble_temperature,1.0,nih,pleural_effusion,reference_positive_low_probability,nih_00003439_003.png,1.0,0.0024399748,"Discordance with dataset reference, not adjudicated clinical error."
densenet121,1.0,ensemble,ensemble_temperature,1.0,nih,pleural_effusion,reference_positive_low_probability,nih_00018680_014.png,1.0,0.0034378127,"Discordance with dataset reference, not adjudicated clinical error."
densenet121,1.0,ensemble,ensemble_temperature,1.0,nih,pleural_effusion,reference_positive_low_probability,nih_00005644_000.png,1.0,0.0035553703,"Discordance with dataset reference, not adjudicated clinical error."
densenet121,1.0,ensemble,ensemble_temperature,1.0,nih,pleural_effusion,reference_positive_low_probability,nih_00014760_004.png,1.0,0.003615222,"Discordance with dataset reference, not adjudicated clinical error."
densenet121,1.0,ensemble,ensemble_temperature,1.0,nih,pleural_effusion,reference_positive_low_probability,nih_00022215_013.png,1.0,0.0038032709,"Discordance with dataset reference, not adjudicated clinical error."
densenet121,1.0,ensemble,ensemble_temperature,1.0,nih,pleural_effusion,reference_positive_low_probability,nih_00025124_004.png,1.0,0.0042665224,"Discordance with dataset reference, not adjudicated clinical error."
densenet121,1.0,ensemble,ensemble_temperature,1.0,nih,pleural_effusion,reference_positive_low_probability,nih_00014153_002.png,1.0,0.0042799884,"Discordance with dataset reference, not adjudicated clinical error."
densenet121,1.0,ensemble,ensemble_temperature,1.0,nih,pleural_effusion,reference_positive_low_probability,nih_00018070_001.png,1.0,0.0043747085,"Discordance with dataset reference, not adjudicated clinical error."
densenet121,1.0,ensemble,ensemble_temperature,1.0,nih,pleural_effusion,reference_positive_low_probability,nih_00000877_030.png,1.0,0.0044852193,"Discordance with dataset reference, not adjudicated clinical error."
densenet121,1.0,ensemble,ensemble_temperature,1.0,nih,pleural_effusion,reference_positive_low_probability,nih_00014971_008.png,1.0,0.0045437696,"Discordance with dataset reference, not adjudicated clinical error."
densenet121,1.0,ensemble,ensemble_temperature,1.0,nih,pleural_effusion,reference_positive_low_probability,nih_00016280_003.png,1.0,0.0052648825,"Discordance with dataset reference, not adjudicated clinical error."
densenet121,1.0,ensemble,ensemble_temperature,1.0,vinbig,cardiomegaly,reference_negative_high_probability,vinbig_f0612b759b3b7f38573ff9bc6297b7aa,0.0,0.47308987,"Discordance with dataset reference, not adjudicated clinical error."
densenet121,1.0,ensemble,ensemble_temperature,1.0,vinbig,cardiomegaly,reference_negative_high_probability,vinbig_19e10a7d79e4a8803fae795e5ac4222a,0.0,0.4547071,"Discordance with dataset reference, not adjudicated clinical error."
densenet121,1.0,ensemble,ensemble_temperature,1.0,vinbig,cardiomegaly,reference_negative_high_probability,vinbig_0c7bf87c0c415d3226451214c5b382b1,0.0,0.42078668,"Discordance with dataset reference, not adjudicated clinical error."
densenet121,1.0,ensemble,ensemble_temperature,1.0,vinbig,cardiomegaly,reference_negative_high_probability,vinbig_7b6c00f300b0aa2c2c2bd0b51edea43a,0.0,0.40466946,"Discordance with dataset reference, not adjudicated clinical error."
densenet121,1.0,ensemble,ensemble_temperature,1.0,vinbig,cardiomegaly,reference_negative_high_probability,vinbig_a93a2b354e912c534d6677362e45b3b0,0.0,0.40331602,"Discordance with dataset reference, not adjudicated clinical error."
densenet121,1.0,ensemble,ensemble_temperature,1.0,vinbig,cardiomegaly,reference_negative_high_probability,vinbig_168545c5937c58f7b7ed7cdd5ed15ef7,0.0,0.39881897,"Discordance with dataset reference, not adjudicated clinical error."
densenet121,1.0,ensemble,ensemble_temperature,1.0,vinbig,cardiomegaly,reference_negative_high_probability,vinbig_837cd0d7ea14a468fbd24f63d2d9c0c6,0.0,0.3983704,"Discordance with dataset reference, not adjudicated clinical error."
densenet121,1.0,ensemble,ensemble_temperature,1.0,vinbig,cardiomegaly,reference_negative_high_probability,vinbig_99cb0ed6b63c75966bf4714c1ff4c7cf,0.0,0.3952678,"Discordance with dataset reference, not adjudicated clinical error."
densenet121,1.0,ensemble,ensemble_temperature,1.0,vinbig,cardiomegaly,reference_negative_high_probability,vinbig_3b5d47335b76a13a78ea88e06883e9a9,0.0,0.3880321,"Discordance with dataset reference, not adjudicated clinical error."
densenet121,1.0,ensemble,ensemble_temperature,1.0,vinbig,cardiomegaly,reference_negative_high_probability,vinbig_4dd58e524414390db1636117f1281554,0.0,0.36955562,"Discordance with dataset reference, not adjudicated clinical error."
densenet121,1.0,ensemble,ensemble_temperature,1.0,vinbig,cardiomegaly,reference_negative_high_probability,vinbig_7ffe83778375bb8229b12c2ad4570c0e,0.0,0.36002687,"Discordance with dataset reference, not adjudicated clinical error."
densenet121,1.0,ensemble,ensemble_temperature,1.0,vinbig,cardiomegaly,reference_negative_high_probability,vinbig_e4d552e0ccc55cd65ed27729e1be30d5,0.0,0.3560307,"Discordance with dataset reference, not adjudicated clinical error."
densenet121,1.0,ensemble,ensemble_temperature,1.0,vinbig,cardiomegaly,reference_negative_high_probability,vinbig_e76134f2517c0d19200343670afb1c3f,0.0,0.35224798,"Discordance with dataset reference, not adjudicated clinical error."
densenet121,1.0,ensemble,ensemble_temperature,1.0,vinbig,cardiomegaly,reference_negative_high_probability,vinbig_ba21bf09e567083678ffd9fbdc40bbfd,0.0,0.35041684,"Discordance with dataset reference, not adjudicated clinical error."
densenet121,1.0,ensemble,ensemble_temperature,1.0,vinbig,cardiomegaly,reference_negative_high_probability,vinbig_604ce8a56fd0539880b17f999ad10468,0.0,0.34858388,"Discordance with dataset reference, not adjudicated clinical error."
densenet121,1.0,ensemble,ensemble_temperature,1.0,vinbig,cardiomegaly,reference_negative_high_probability,vinbig_7e753b828cf177df57781bd13aa6120d,0.0,0.34112653,"Discordance with dataset reference, not adjudicated clinical error."
densenet121,1.0,ensemble,ensemble_temperature,1.0,vinbig,cardiomegaly,reference_negative_high_probability,vinbig_d609889a8598d271b2dd179ad4c58cbd,0.0,0.34087208,"Discordance with dataset reference, not adjudicated clinical error."
densenet121,1.0,ensemble,ensemble_temperature,1.0,vinbig,cardiomegaly,reference_negative_high_probability,vinbig_d53cb4358bb03d09abfc099826e54eb9,0.0,0.34027836,"Discordance with dataset reference, not adjudicated clinical error."
densenet121,1.0,ensemble,ensemble_temperature,1.0,vinbig,cardiomegaly,reference_negative_high_probability,vinbig_97dd3aff199f6be7eea5acf9e3c9a22d,0.0,0.33520564,"Discordance with dataset reference, not adjudicated clinical error."
densenet121,1.0,ensemble,ensemble_temperature,1.0,vinbig,cardiomegaly,reference_negative_high_probability,vinbig_eafabce713e83112f3951b7ed8f6bed8,0.0,0.33430427,"Discordance with dataset reference, not adjudicated clinical error."
densenet121,1.0,ensemble,ensemble_temperature,1.0,vinbig,cardiomegaly,reference_positive_low_probability,vinbig_852ec6a0bcb9608ffee9b3fda0867f91,1.0,0.00012162648,"Discordance with dataset reference, not adjudicated clinical error."
densenet121,1.0,ensemble,ensemble_temperature,1.0,vinbig,cardiomegaly,reference_positive_low_probability,vinbig_fd810298e165ef0b9a88bb25fda7a34b,1.0,0.00034903665,"Discordance with dataset reference, not adjudicated clinical error."
densenet121,1.0,ensemble,ensemble_temperature,1.0,vinbig,cardiomegaly,reference_positive_low_probability,vinbig_54122627c6aeed581fde506562a73b2e,1.0,0.00048782112,"Discordance with dataset reference, not adjudicated clinical error."
densenet121,1.0,ensemble,ensemble_temperature,1.0,vinbig,cardiomegaly,reference_positive_low_probability,vinbig_1a6380efb810f2c8fbae25143ab93773,1.0,0.000534635,"Discordance with dataset reference, not adjudicated clinical error."
densenet121,1.0,ensemble,ensemble_temperature,1.0,vinbig,cardiomegaly,reference_positive_low_probability,vinbig_7db70125d7739e6cd0c442e7b7592d4c,1.0,0.0006531843,"Discordance with dataset reference, not adjudicated clinical error."
densenet121,1.0,ensemble,ensemble_temperature,1.0,vinbig,cardiomegaly,reference_positive_low_probability,vinbig_d15440be54e5314679b36d0e7c9c0da1,1.0,0.00068791915,"Discordance with dataset reference, not adjudicated clinical error."
densenet121,1.0,ensemble,ensemble_temperature,1.0,vinbig,cardiomegaly,reference_positive_low_probability,vinbig_fbd7d287fcf514d7c8c1d8b08eee47c6,1.0,0.000781792,"Discordance with dataset reference, not adjudicated clinical error."
densenet121,1.0,ensemble,ensemble_temperature,1.0,vinbig,cardiomegaly,reference_positive_low_probability,vinbig_01cbbeab94b4d2bfd5cd8a467fee46a7,1.0,0.0012422925,"Discordance with dataset reference, not adjudicated clinical error."
densenet121,1.0,ensemble,ensemble_temperature,1.0,vinbig,cardiomegaly,reference_positive_low_probability,vinbig_d280f2ad03ad22e2fdcdcd0d26869e47,1.0,0.0013591538,"Discordance with dataset reference, not adjudicated clinical error."
densenet121,1.0,ensemble,ensemble_temperature,1.0,vinbig,cardiomegaly,reference_positive_low_probability,vinbig_8788745c121bcbce59873c943afa0ebd,1.0,0.0014417811,"Discordance with dataset reference, not adjudicated clinical error."
densenet121,1.0,ensemble,ensemble_temperature,1.0,vinbig,cardiomegaly,reference_positive_low_probability,vinbig_ec0d8eda3ff0b4fe8d3a7a7b795fed21,1.0,0.0014574737,"Discordance with dataset reference, not adjudicated clinical error."
densenet121,1.0,ensemble,ensemble_temperature,1.0,vinbig,cardiomegaly,reference_positive_low_probability,vinbig_16bd4511e7391b3e3d7da90b6c2653d0,1.0,0.0014867866,"Discordance with dataset reference, not adjudicated clinical error."
densenet121,1.0,ensemble,ensemble_temperature,1.0,vinbig,cardiomegaly,reference_positive_low_probability,vinbig_129a1e7753432edd052a2cdbfbaee00e,1.0,0.0014893739,"Discordance with dataset reference, not adjudicated clinical error."
densenet121,1.0,ensemble,ensemble_temperature,1.0,vinbig,cardiomegaly,reference_positive_low_probability,vinbig_b4db27f83c152fb40adc9bd6a4e742d8,1.0,0.0015226739,"Discordance with dataset reference, not adjudicated clinical error."
densenet121,1.0,ensemble,ensemble_temperature,1.0,vinbig,cardiomegaly,reference_positive_low_probability,vinbig_098d7923f09b8f6f163143ad97dacc12,1.0,0.0015419838,"Discordance with dataset reference, not adjudicated clinical error."
densenet121,1.0,ensemble,ensemble_temperature,1.0,vinbig,cardiomegaly,reference_positive_low_probability,vinbig_2a3def0aa2b27bea4235348e5d4cf345,1.0,0.0015782069,"Discordance with dataset reference, not adjudicated clinical error."
densenet121,1.0,ensemble,ensemble_temperature,1.0,vinbig,cardiomegaly,reference_positive_low_probability,vinbig_91c5f8decf441bfaf7c89e7c3dd06fd9,1.0,0.001591773,"Discordance with dataset reference, not adjudicated clinical error."
densenet121,1.0,ensemble,ensemble_temperature,1.0,vinbig,cardiomegaly,reference_positive_low_probability,vinbig_9fed2e6b4943fd575a7a91456c8c899e,1.0,0.001653439,"Discordance with dataset reference, not adjudicated clinical error."
densenet121,1.0,ensemble,ensemble_temperature,1.0,vinbig,cardiomegaly,reference_positive_low_probability,vinbig_9d66132dc1a3e262df38c3ad25626a00,1.0,0.0016541424,"Discordance with dataset reference, not adjudicated clinical error."
densenet121,1.0,ensemble,ensemble_temperature,1.0,vinbig,cardiomegaly,reference_positive_low_probability,vinbig_a9d588e278a7f8a681c1160a32e1673a,1.0,0.0019132857,"Discordance with dataset reference, not adjudicated clinical error."
densenet121,1.0,ensemble,ensemble_temperature,1.0,vinbig,pleural_effusion,reference_negative_high_probability,vinbig_4c8b34b2b49560459f55016cc28a9b4e,0.0,0.7301621,"Discordance with dataset reference, not adjudicated clinical error."
densenet121,1.0,ensemble,ensemble_temperature,1.0,vinbig,pleural_effusion,reference_negative_high_probability,vinbig_151a8ce59aa6e414ee8a9c9d711cee61,0.0,0.6576587,"Discordance with dataset reference, not adjudicated clinical error."
densenet121,1.0,ensemble,ensemble_temperature,1.0,vinbig,pleural_effusion,reference_negative_high_probability,vinbig_2ce046da31101c578df3349c36f325a1,0.0,0.63279724,"Discordance with dataset reference, not adjudicated clinical error."
densenet121,1.0,ensemble,ensemble_temperature,1.0,vinbig,pleural_effusion,reference_negative_high_probability,vinbig_51cce256c4d5b81a6b65a24cfe7b3ba2,0.0,0.6204375,"Discordance with dataset reference, not adjudicated clinical error."
densenet121,1.0,ensemble,ensemble_temperature,1.0,vinbig,pleural_effusion,reference_negative_high_probability,vinbig_5ffa2d8c4717aa06a6cdec9f74e775c9,0.0,0.5974301,"Discordance with dataset reference, not adjudicated clinical error."
densenet121,1.0,ensemble,ensemble_temperature,1.0,vinbig,pleural_effusion,reference_negative_high_probability,vinbig_0f76d35a022a7188cad9a83e283fdc8f,0.0,0.59000546,"Discordance with dataset reference, not adjudicated clinical error."
densenet121,1.0,ensemble,ensemble_temperature,1.0,vinbig,pleural_effusion,reference_negative_high_probability,vinbig_3fd5a48543be08bc92fbcaa0971cf50e,0.0,0.5877563,"Discordance with dataset reference, not adjudicated clinical error."
densenet121,1.0,ensemble,ensemble_temperature,1.0,vinbig,pleural_effusion,reference_negative_high_probability,vinbig_20c912c5a00f426f19d54272bd2b4fcd,0.0,0.58022296,"Discordance with dataset reference, not adjudicated clinical error."
densenet121,1.0,ensemble,ensemble_temperature,1.0,vinbig,pleural_effusion,reference_negative_high_probability,vinbig_5448e1c9dcfbf590e62b7e862754fbac,0.0,0.5610391,"Discordance with dataset reference, not adjudicated clinical error."
densenet121,1.0,ensemble,ensemble_temperature,1.0,vinbig,pleural_effusion,reference_negative_high_probability,vinbig_678219cc34c08e4b184dbe73ef52a680,0.0,0.5608269,"Discordance with dataset reference, not adjudicated clinical error."
densenet121,1.0,ensemble,ensemble_temperature,1.0,vinbig,pleural_effusion,reference_negative_high_probability,vinbig_ef63342a9d28339d09338c16573066c6,0.0,0.5564807,"Discordance with dataset reference, not adjudicated clinical error."
densenet121,1.0,ensemble,ensemble_temperature,1.0,vinbig,pleural_effusion,reference_negative_high_probability,vinbig_54fa20d07ac42e467ab67a87cf8563a3,0.0,0.5544362,"Discordance with dataset reference, not adjudicated clinical error."
densenet121,1.0,ensemble,ensemble_temperature,1.0,vinbig,pleural_effusion,reference_negative_high_probability,vinbig_fb8e11c6b2886b2d41b379e0598669b9,0.0,0.55178344,"Discordance with dataset reference, not adjudicated clinical error."
densenet121,1.0,ensemble,ensemble_temperature,1.0,vinbig,pleural_effusion,reference_negative_high_probability,vinbig_458a8766b1f96850e9f893e382058988,0.0,0.5444507,"Discordance with dataset reference, not adjudicated clinical error."
densenet121,1.0,ensemble,ensemble_temperature,1.0,vinbig,pleural_effusion,reference_negative_high_probability,vinbig_b8de83edc69e3eb2e8837f74ff988557,0.0,0.5417811,"Discordance with dataset reference, not adjudicated clinical error."
densenet121,1.0,ensemble,ensemble_temperature,1.0,vinbig,pleural_effusion,reference_negative_high_probability,vinbig_4d76b4f48e8408ae0a1f32d287a0b9b8,0.0,0.53393793,"Discordance with dataset reference, not adjudicated clinical error."
densenet121,1.0,ensemble,ensemble_temperature,1.0,vinbig,pleural_effusion,reference_negative_high_probability,vinbig_0be45114544283beb4f6d371f946e889,0.0,0.53266644,"Discordance with dataset reference, not adjudicated clinical error."
densenet121,1.0,ensemble,ensemble_temperature,1.0,vinbig,pleural_effusion,reference_negative_high_probability,vinbig_9c83d9f88170cd38f7bca54fe27dc48a,0.0,0.5321081,"Discordance with dataset reference, not adjudicated clinical error."
densenet121,1.0,ensemble,ensemble_temperature,1.0,vinbig,pleural_effusion,reference_negative_high_probability,vinbig_3a250bb0e3cc59b014e2e2bb6c860fb3,0.0,0.529107,"Discordance with dataset reference, not adjudicated clinical error."
densenet121,1.0,ensemble,ensemble_temperature,1.0,vinbig,pleural_effusion,reference_negative_high_probability,vinbig_bb3d26414a85af5edf485b330607860d,0.0,0.52400446,"Discordance with dataset reference, not adjudicated clinical error."
densenet121,1.0,ensemble,ensemble_temperature,1.0,vinbig,pleural_effusion,reference_positive_low_probability,vinbig_f58ecf974a05d2f5ece85aa9393cf9d6,1.0,0.0016647178,"Discordance with dataset reference, not adjudicated clinical error."
densenet121,1.0,ensemble,ensemble_temperature,1.0,vinbig,pleural_effusion,reference_positive_low_probability,vinbig_2d063af5457785f5c76ae1e6c06c0037,1.0,0.001963117,"Discordance with dataset reference, not adjudicated clinical error."
densenet121,1.0,ensemble,ensemble_temperature,1.0,vinbig,pleural_effusion,reference_positive_low_probability,vinbig_492c436c00725c4c909ec6fbc9223b92,1.0,0.0026638866,"Discordance with dataset reference, not adjudicated clinical error."
densenet121,1.0,ensemble,ensemble_temperature,1.0,vinbig,pleural_effusion,reference_positive_low_probability,vinbig_c85587ddf15dbf7ab134208647cb9856,1.0,0.0031935102,"Discordance with dataset reference, not adjudicated clinical error."
densenet121,1.0,ensemble,ensemble_temperature,1.0,vinbig,pleural_effusion,reference_positive_low_probability,vinbig_44999de3c6dd3312011578cdbfc7116e,1.0,0.0061789043,"Discordance with dataset reference, not adjudicated clinical error."
densenet121,1.0,ensemble,ensemble_temperature,1.0,vinbig,pleural_effusion,reference_positive_low_probability,vinbig_19850eb0ba7a72faf4b329254ab42828,1.0,0.006270431,"Discordance with dataset reference, not adjudicated clinical error."
densenet121,1.0,ensemble,ensemble_temperature,1.0,vinbig,pleural_effusion,reference_positive_low_probability,vinbig_1071b3b85121012c5061894bf3b8704b,1.0,0.007055619,"Discordance with dataset reference, not adjudicated clinical error."
densenet121,1.0,ensemble,ensemble_temperature,1.0,vinbig,pleural_effusion,reference_positive_low_probability,vinbig_bdd7f0b920e6c5ea82526986ffb63001,1.0,0.007865381,"Discordance with dataset reference, not adjudicated clinical error."
densenet121,1.0,ensemble,ensemble_temperature,1.0,vinbig,pleural_effusion,reference_positive_low_probability,vinbig_43a9edf6cea5fec0b63f8a6d9e2a50d7,1.0,0.008567877,"Discordance with dataset reference, not adjudicated clinical error."
densenet121,1.0,ensemble,ensemble_temperature,1.0,vinbig,pleural_effusion,reference_positive_low_probability,vinbig_a330d6606525415c5e462b9e13ca8452,1.0,0.010003307,"Discordance with dataset reference, not adjudicated clinical error."
densenet121,1.0,ensemble,ensemble_temperature,1.0,vinbig,pleural_effusion,reference_positive_low_probability,vinbig_e76af44f2856bf89d69d00d43536cf8c,1.0,0.012234161,"Discordance with dataset reference, not adjudicated clinical error."
densenet121,1.0,ensemble,ensemble_temperature,1.0,vinbig,pleural_effusion,reference_positive_low_probability,vinbig_e0a078144e3167316fa44673aa5e3aab,1.0,0.012825131,"Discordance with dataset reference, not adjudicated clinical error."
densenet121,1.0,ensemble,ensemble_temperature,1.0,vinbig,pleural_effusion,reference_positive_low_probability,vinbig_49ded6fae1ab18e9200f9d9cbf26e884,1.0,0.013453381,"Discordance with dataset reference, not adjudicated clinical error."
densenet121,1.0,ensemble,ensemble_temperature,1.0,vinbig,pleural_effusion,reference_positive_low_probability,vinbig_96f334aaa1d7d9cad160e710c9965615,1.0,0.01467363,"Discordance with dataset reference, not adjudicated clinical error."
densenet121,1.0,ensemble,ensemble_temperature,1.0,vinbig,pleural_effusion,reference_positive_low_probability,vinbig_23b8b9881d7effc2a5aa2b7372f01d7f,1.0,0.015226622,"Discordance with dataset reference, not adjudicated clinical error."
densenet121,1.0,ensemble,ensemble_temperature,1.0,vinbig,pleural_effusion,reference_positive_low_probability,vinbig_a3138b15692cfedc5a35d1bf5314616e,1.0,0.018372787,"Discordance with dataset reference, not adjudicated clinical error."
densenet121,1.0,ensemble,ensemble_temperature,1.0,vinbig,pleural_effusion,reference_positive_low_probability,vinbig_b305ccbbf99b1f59b9a7edffd46659f1,1.0,0.018539215,"Discordance with dataset reference, not adjudicated clinical error."
densenet121,1.0,ensemble,ensemble_temperature,1.0,vinbig,pleural_effusion,reference_positive_low_probability,vinbig_ff60d1425ffd67d12aa61e3eb3b45040,1.0,0.018729145,"Discordance with dataset reference, not adjudicated clinical error."
densenet121,1.0,ensemble,ensemble_temperature,1.0,vinbig,pleural_effusion,reference_positive_low_probability,vinbig_b73a869bb8f8397e10c6910a0bd8072f,1.0,0.020031733,"Discordance with dataset reference, not adjudicated clinical error."
densenet121,1.0,ensemble,ensemble_temperature,1.0,vinbig,pleural_effusion,reference_positive_low_probability,vinbig_f7dd175ca0962155ec39311b997a5288,1.0,0.020054316,"Discordance with dataset reference, not adjudicated clinical error."
deit_tiny,1.0,ensemble,ensemble_temperature,1.0,chexpert,cardiomegaly,reference_negative_high_probability,chexpert_0e05749916daa79ca05f3f74,0.0,0.74356824,"Discordance with dataset reference, not adjudicated clinical error."
deit_tiny,1.0,ensemble,ensemble_temperature,1.0,chexpert,cardiomegaly,reference_negative_high_probability,chexpert_a96ba9e19efdc5cd8a8eb3b2,0.0,0.6880793,"Discordance with dataset reference, not adjudicated clinical error."
deit_tiny,1.0,ensemble,ensemble_temperature,1.0,chexpert,cardiomegaly,reference_negative_high_probability,chexpert_6133ace68ccaa6f3a32527a8,0.0,0.6621563,"Discordance with dataset reference, not adjudicated clinical error."
deit_tiny,1.0,ensemble,ensemble_temperature,1.0,chexpert,cardiomegaly,reference_negative_high_probability,chexpert_91a1ec444e93ce0958466219,0.0,0.58508813,"Discordance with dataset reference, not adjudicated clinical error."
deit_tiny,1.0,ensemble,ensemble_temperature,1.0,chexpert,cardiomegaly,reference_negative_high_probability,chexpert_b2c3fb39a67bbf6a96763dac,0.0,0.58462495,"Discordance with dataset reference, not adjudicated clinical error."
deit_tiny,1.0,ensemble,ensemble_temperature,1.0,chexpert,cardiomegaly,reference_negative_high_probability,chexpert_b4b19e2a9b9e335871a86a00,0.0,0.5705648,"Discordance with dataset reference, not adjudicated clinical error."
deit_tiny,1.0,ensemble,ensemble_temperature,1.0,chexpert,cardiomegaly,reference_negative_high_probability,chexpert_e885b9e2f57189f006df4dfe,0.0,0.56797916,"Discordance with dataset reference, not adjudicated clinical error."
deit_tiny,1.0,ensemble,ensemble_temperature,1.0,chexpert,cardiomegaly,reference_negative_high_probability,chexpert_7eb2ed7781f934f5257c264d,0.0,0.56756014,"Discordance with dataset reference, not adjudicated clinical error."
deit_tiny,1.0,ensemble,ensemble_temperature,1.0,chexpert,cardiomegaly,reference_negative_high_probability,chexpert_647d39bbe60834e47319516e,0.0,0.5662608,"Discordance with dataset reference, not adjudicated clinical error."
deit_tiny,1.0,ensemble,ensemble_temperature,1.0,chexpert,cardiomegaly,reference_negative_high_probability,chexpert_6cb15270c137d43b488acafc,0.0,0.5595953,"Discordance with dataset reference, not adjudicated clinical error."
deit_tiny,1.0,ensemble,ensemble_temperature,1.0,chexpert,cardiomegaly,reference_negative_high_probability,chexpert_4a6871bb49dbf106444f0d66,0.0,0.5530931,"Discordance with dataset reference, not adjudicated clinical error."
deit_tiny,1.0,ensemble,ensemble_temperature,1.0,chexpert,cardiomegaly,reference_negative_high_probability,chexpert_5480b8b8d4cc28e79d843b8a,0.0,0.5428969,"Discordance with dataset reference, not adjudicated clinical error."
deit_tiny,1.0,ensemble,ensemble_temperature,1.0,chexpert,cardiomegaly,reference_negative_high_probability,chexpert_2ae91900fe406c6f34addbc3,0.0,0.5417682,"Discordance with dataset reference, not adjudicated clinical error."
deit_tiny,1.0,ensemble,ensemble_temperature,1.0,chexpert,cardiomegaly,reference_negative_high_probability,chexpert_39484771ef7632f62f7f0a10,0.0,0.54121923,"Discordance with dataset reference, not adjudicated clinical error."
deit_tiny,1.0,ensemble,ensemble_temperature,1.0,chexpert,cardiomegaly,reference_negative_high_probability,chexpert_cbe8f2374cee31f737dc402c,0.0,0.537228,"Discordance with dataset reference, not adjudicated clinical error."
deit_tiny,1.0,ensemble,ensemble_temperature,1.0,chexpert,cardiomegaly,reference_negative_high_probability,chexpert_140a59752cbb3948f676f7b1,0.0,0.53469986,"Discordance with dataset reference, not adjudicated clinical error."
deit_tiny,1.0,ensemble,ensemble_temperature,1.0,chexpert,cardiomegaly,reference_negative_high_probability,chexpert_5f3292f814f1c80b2215b5aa,0.0,0.52959204,"Discordance with dataset reference, not adjudicated clinical error."
deit_tiny,1.0,ensemble,ensemble_temperature,1.0,chexpert,cardiomegaly,reference_negative_high_probability,chexpert_c5b77a15ef8a9243e0ba57b5,0.0,0.5271059,"Discordance with dataset reference, not adjudicated clinical error."
deit_tiny,1.0,ensemble,ensemble_temperature,1.0,chexpert,cardiomegaly,reference_negative_high_probability,chexpert_8bad49468d31ce03ac37d465,0.0,0.5228445,"Discordance with dataset reference, not adjudicated clinical error."
deit_tiny,1.0,ensemble,ensemble_temperature,1.0,chexpert,cardiomegaly,reference_negative_high_probability,chexpert_b248c0e62c43e3f48965299d,0.0,0.5189126,"Discordance with dataset reference, not adjudicated clinical error."
deit_tiny,1.0,ensemble,ensemble_temperature,1.0,chexpert,cardiomegaly,reference_positive_low_probability,chexpert_f845140507787e04d77794bb,1.0,8.436804e-05,"Discordance with dataset reference, not adjudicated clinical error."
deit_tiny,1.0,ensemble,ensemble_temperature,1.0,chexpert,cardiomegaly,reference_positive_low_probability,chexpert_68641270c2c2700d83e40cd0,1.0,0.000117795935,"Discordance with dataset reference, not adjudicated clinical error."
deit_tiny,1.0,ensemble,ensemble_temperature,1.0,chexpert,cardiomegaly,reference_positive_low_probability,chexpert_64b5d6ed3e9dddf0d788ebf6,1.0,0.00011953071,"Discordance with dataset reference, not adjudicated clinical error."
deit_tiny,1.0,ensemble,ensemble_temperature,1.0,chexpert,cardiomegaly,reference_positive_low_probability,chexpert_bd0e6e9cb6d80b95ce4cd119,1.0,0.00013223573,"Discordance with dataset reference, not adjudicated clinical error."
deit_tiny,1.0,ensemble,ensemble_temperature,1.0,chexpert,cardiomegaly,reference_positive_low_probability,chexpert_435aa41e7aea766f9cc76e98,1.0,0.00015887781,"Discordance with dataset reference, not adjudicated clinical error."
deit_tiny,1.0,ensemble,ensemble_temperature,1.0,chexpert,cardiomegaly,reference_positive_low_probability,chexpert_7f5fdca75be808cd6f375e04,1.0,0.00016235885,"Discordance with dataset reference, not adjudicated clinical error."
deit_tiny,1.0,ensemble,ensemble_temperature,1.0,chexpert,cardiomegaly,reference_positive_low_probability,chexpert_79b97d5da7a9ed2a5f16d095,1.0,0.00022783002,"Discordance with dataset reference, not adjudicated clinical error."
deit_tiny,1.0,ensemble,ensemble_temperature,1.0,chexpert,cardiomegaly,reference_positive_low_probability,chexpert_d7a440ab3b8bca0b7ea5f8f9,1.0,0.00024936322,"Discordance with dataset reference, not adjudicated clinical error."
deit_tiny,1.0,ensemble,ensemble_temperature,1.0,chexpert,cardiomegaly,reference_positive_low_probability,chexpert_25ada11d2c3a17ca5ca319ca,1.0,0.00029460783,"Discordance with dataset reference, not adjudicated clinical error."
deit_tiny,1.0,ensemble,ensemble_temperature,1.0,chexpert,cardiomegaly,reference_positive_low_probability,chexpert_b3e298132ca5f1f142762ba3,1.0,0.00029959413,"Discordance with dataset reference, not adjudicated clinical error."
deit_tiny,1.0,ensemble,ensemble_temperature,1.0,chexpert,cardiomegaly,reference_positive_low_probability,chexpert_7df7d59aa83429211196d5a2,1.0,0.00030068375,"Discordance with dataset reference, not adjudicated clinical error."
deit_tiny,1.0,ensemble,ensemble_temperature,1.0,chexpert,cardiomegaly,reference_positive_low_probability,chexpert_1f48f5a11d9912f8c1239a4f,1.0,0.00031725786,"Discordance with dataset reference, not adjudicated clinical error."
deit_tiny,1.0,ensemble,ensemble_temperature,1.0,chexpert,cardiomegaly,reference_positive_low_probability,chexpert_116f564119ce01be2ca5a22f,1.0,0.0003613964,"Discordance with dataset reference, not adjudicated clinical error."
deit_tiny,1.0,ensemble,ensemble_temperature,1.0,chexpert,cardiomegaly,reference_positive_low_probability,chexpert_3b0b5080910071563c93a5b5,1.0,0.0003756582,"Discordance with dataset reference, not adjudicated clinical error."
deit_tiny,1.0,ensemble,ensemble_temperature,1.0,chexpert,cardiomegaly,reference_positive_low_probability,chexpert_3b65963cc5c461d4fab9b06f,1.0,0.00038207768,"Discordance with dataset reference, not adjudicated clinical error."
deit_tiny,1.0,ensemble,ensemble_temperature,1.0,chexpert,cardiomegaly,reference_positive_low_probability,chexpert_fca927355ee6cee25eb8c82c,1.0,0.0004157173,"Discordance with dataset reference, not adjudicated clinical error."
deit_tiny,1.0,ensemble,ensemble_temperature,1.0,chexpert,cardiomegaly,reference_positive_low_probability,chexpert_7c670f529f0c14d6ac41bc2a,1.0,0.0004393555,"Discordance with dataset reference, not adjudicated clinical error."
deit_tiny,1.0,ensemble,ensemble_temperature,1.0,chexpert,cardiomegaly,reference_positive_low_probability,chexpert_851a8f2023f2c0d1a00ce40d,1.0,0.00047038894,"Discordance with dataset reference, not adjudicated clinical error."
deit_tiny,1.0,ensemble,ensemble_temperature,1.0,chexpert,cardiomegaly,reference_positive_low_probability,chexpert_ef7c8d4dfc9e0f64beb1e59f,1.0,0.00050418806,"Discordance with dataset reference, not adjudicated clinical error."
deit_tiny,1.0,ensemble,ensemble_temperature,1.0,chexpert,cardiomegaly,reference_positive_low_probability,chexpert_adaa2bdda3535ea2c9d63aba,1.0,0.0005196768,"Discordance with dataset reference, not adjudicated clinical error."
deit_tiny,1.0,ensemble,ensemble_temperature,1.0,chexpert,pleural_effusion,reference_negative_high_probability,chexpert_e00dbc1a27d9a6541da3c558,0.0,0.7600275,"Discordance with dataset reference, not adjudicated clinical error."
deit_tiny,1.0,ensemble,ensemble_temperature,1.0,chexpert,pleural_effusion,reference_negative_high_probability,chexpert_2c845e0f4b745cab4fadd0dc,0.0,0.75343317,"Discordance with dataset reference, not adjudicated clinical error."
deit_tiny,1.0,ensemble,ensemble_temperature,1.0,chexpert,pleural_effusion,reference_negative_high_probability,chexpert_da8516d506a331513ed55f5c,0.0,0.7510538,"Discordance with dataset reference, not adjudicated clinical error."
deit_tiny,1.0,ensemble,ensemble_temperature,1.0,chexpert,pleural_effusion,reference_negative_high_probability,chexpert_95ec7b05c6889f4ca913c9b6,0.0,0.73316973,"Discordance with dataset reference, not adjudicated clinical error."
deit_tiny,1.0,ensemble,ensemble_temperature,1.0,chexpert,pleural_effusion,reference_negative_high_probability,chexpert_5b1935a5eb3232e7c4020362,0.0,0.72618145,"Discordance with dataset reference, not adjudicated clinical error."
deit_tiny,1.0,ensemble,ensemble_temperature,1.0,chexpert,pleural_effusion,reference_negative_high_probability,chexpert_eb2370f674f1bb65dd0fec7b,0.0,0.71530914,"Discordance with dataset reference, not adjudicated clinical error."
deit_tiny,1.0,ensemble,ensemble_temperature,1.0,chexpert,pleural_effusion,reference_negative_high_probability,chexpert_0c74545cfd117c110b579ccd,0.0,0.7094596,"Discordance with dataset reference, not adjudicated clinical error."
deit_tiny,1.0,ensemble,ensemble_temperature,1.0,chexpert,pleural_effusion,reference_negative_high_probability,chexpert_43c358c25993060e05c12787,0.0,0.70293504,"Discordance with dataset reference, not adjudicated clinical error."
deit_tiny,1.0,ensemble,ensemble_temperature,1.0,chexpert,pleural_effusion,reference_negative_high_probability,chexpert_2f5603df36df13592018e1e5,0.0,0.69392526,"Discordance with dataset reference, not adjudicated clinical error."
deit_tiny,1.0,ensemble,ensemble_temperature,1.0,chexpert,pleural_effusion,reference_negative_high_probability,chexpert_7e92d0d7737612811b9cee5b,0.0,0.69074017,"Discordance with dataset reference, not adjudicated clinical error."
deit_tiny,1.0,ensemble,ensemble_temperature,1.0,chexpert,pleural_effusion,reference_negative_high_probability,chexpert_d75b2a734c6bcdf367be3468,0.0,0.68769366,"Discordance with dataset reference, not adjudicated clinical error."
deit_tiny,1.0,ensemble,ensemble_temperature,1.0,chexpert,pleural_effusion,reference_negative_high_probability,chexpert_47bdf2a51efe7c202b0b1bb2,0.0,0.66148007,"Discordance with dataset reference, not adjudicated clinical error."
deit_tiny,1.0,ensemble,ensemble_temperature,1.0,chexpert,pleural_effusion,reference_negative_high_probability,chexpert_ba6d2404b41b3ff7e8a83aa7,0.0,0.6560312,"Discordance with dataset reference, not adjudicated clinical error."
deit_tiny,1.0,ensemble,ensemble_temperature,1.0,chexpert,pleural_effusion,reference_negative_high_probability,chexpert_12ec42d81801eb99a08b983e,0.0,0.64700973,"Discordance with dataset reference, not adjudicated clinical error."
deit_tiny,1.0,ensemble,ensemble_temperature,1.0,chexpert,pleural_effusion,reference_negative_high_probability,chexpert_7ffcf1cdb34efe37ac418fad,0.0,0.64588493,"Discordance with dataset reference, not adjudicated clinical error."
deit_tiny,1.0,ensemble,ensemble_temperature,1.0,chexpert,pleural_effusion,reference_negative_high_probability,chexpert_904e1ebbafa2db87da8aef89,0.0,0.6421066,"Discordance with dataset reference, not adjudicated clinical error."
deit_tiny,1.0,ensemble,ensemble_temperature,1.0,chexpert,pleural_effusion,reference_negative_high_probability,chexpert_05ea88781e8d9a06c971d40a,0.0,0.64153796,"Discordance with dataset reference, not adjudicated clinical error."
deit_tiny,1.0,ensemble,ensemble_temperature,1.0,chexpert,pleural_effusion,reference_negative_high_probability,chexpert_88f0034eb0916a890cb1f0a9,0.0,0.64149415,"Discordance with dataset reference, not adjudicated clinical error."
deit_tiny,1.0,ensemble,ensemble_temperature,1.0,chexpert,pleural_effusion,reference_negative_high_probability,chexpert_1eb871b43fadad6c2b9818c3,0.0,0.6404719,"Discordance with dataset reference, not adjudicated clinical error."
deit_tiny,1.0,ensemble,ensemble_temperature,1.0,chexpert,pleural_effusion,reference_negative_high_probability,chexpert_a20897764215fe610f8bd6e0,0.0,0.6402844,"Discordance with dataset reference, not adjudicated clinical error."
deit_tiny,1.0,ensemble,ensemble_temperature,1.0,chexpert,pleural_effusion,reference_positive_low_probability,chexpert_3528e364372f5e1ffa302fe3,1.0,0.0039544785,"Discordance with dataset reference, not adjudicated clinical error."
deit_tiny,1.0,ensemble,ensemble_temperature,1.0,chexpert,pleural_effusion,reference_positive_low_probability,chexpert_446a3380a53863009c51cecd,1.0,0.00453842,"Discordance with dataset reference, not adjudicated clinical error."
deit_tiny,1.0,ensemble,ensemble_temperature,1.0,chexpert,pleural_effusion,reference_positive_low_probability,chexpert_f3ee389d56891db476e4f919,1.0,0.0053360257,"Discordance with dataset reference, not adjudicated clinical error."
deit_tiny,1.0,ensemble,ensemble_temperature,1.0,chexpert,pleural_effusion,reference_positive_low_probability,chexpert_c86881595f6446dc3b048430,1.0,0.005413991,"Discordance with dataset reference, not adjudicated clinical error."
deit_tiny,1.0,ensemble,ensemble_temperature,1.0,chexpert,pleural_effusion,reference_positive_low_probability,chexpert_db05be72937f10953425aa54,1.0,0.005745742,"Discordance with dataset reference, not adjudicated clinical error."
deit_tiny,1.0,ensemble,ensemble_temperature,1.0,chexpert,pleural_effusion,reference_positive_low_probability,chexpert_d7248d9eee3ef34ecf180303,1.0,0.008813604,"Discordance with dataset reference, not adjudicated clinical error."
deit_tiny,1.0,ensemble,ensemble_temperature,1.0,chexpert,pleural_effusion,reference_positive_low_probability,chexpert_2ded9dde1da04ee3a5e6b955,1.0,0.009062215,"Discordance with dataset reference, not adjudicated clinical error."
deit_tiny,1.0,ensemble,ensemble_temperature,1.0,chexpert,pleural_effusion,reference_positive_low_probability,chexpert_5923ec3475f0e0f427b06d72,1.0,0.009632354,"Discordance with dataset reference, not adjudicated clinical error."
deit_tiny,1.0,ensemble,ensemble_temperature,1.0,chexpert,pleural_effusion,reference_positive_low_probability,chexpert_565d7bf51dd69f1b4856ebac,1.0,0.010031495,"Discordance with dataset reference, not adjudicated clinical error."
deit_tiny,1.0,ensemble,ensemble_temperature,1.0,chexpert,pleural_effusion,reference_positive_low_probability,chexpert_6606384999cc0995ae53fe1d,1.0,0.0105452165,"Discordance with dataset reference, not adjudicated clinical error."
deit_tiny,1.0,ensemble,ensemble_temperature,1.0,chexpert,pleural_effusion,reference_positive_low_probability,chexpert_901688ed9d4d38a36df0dc8f,1.0,0.0112094,"Discordance with dataset reference, not adjudicated clinical error."
deit_tiny,1.0,ensemble,ensemble_temperature,1.0,chexpert,pleural_effusion,reference_positive_low_probability,chexpert_1d8e5e56a6802a606f6417d6,1.0,0.011500926,"Discordance with dataset reference, not adjudicated clinical error."
deit_tiny,1.0,ensemble,ensemble_temperature,1.0,chexpert,pleural_effusion,reference_positive_low_probability,chexpert_53a5b1f778089e425e152d88,1.0,0.011841416,"Discordance with dataset reference, not adjudicated clinical error."
deit_tiny,1.0,ensemble,ensemble_temperature,1.0,chexpert,pleural_effusion,reference_positive_low_probability,chexpert_7e7758c4f34a205d912083b2,1.0,0.011865712,"Discordance with dataset reference, not adjudicated clinical error."
deit_tiny,1.0,ensemble,ensemble_temperature,1.0,chexpert,pleural_effusion,reference_positive_low_probability,chexpert_54438c40dc6994b2a19a0659,1.0,0.012133798,"Discordance with dataset reference, not adjudicated clinical error."
deit_tiny,1.0,ensemble,ensemble_temperature,1.0,chexpert,pleural_effusion,reference_positive_low_probability,chexpert_5e5c3f49a30bf5736eb66ef0,1.0,0.012781086,"Discordance with dataset reference, not adjudicated clinical error."
deit_tiny,1.0,ensemble,ensemble_temperature,1.0,chexpert,pleural_effusion,reference_positive_low_probability,chexpert_4f030dfb7804a61be631382f,1.0,0.012909339,"Discordance with dataset reference, not adjudicated clinical error."
deit_tiny,1.0,ensemble,ensemble_temperature,1.0,chexpert,pleural_effusion,reference_positive_low_probability,chexpert_28ea4cfb06cbec34831ce815,1.0,0.012966322,"Discordance with dataset reference, not adjudicated clinical error."
deit_tiny,1.0,ensemble,ensemble_temperature,1.0,chexpert,pleural_effusion,reference_positive_low_probability,chexpert_1299dd0afa33a5c53ce3e000,1.0,0.013063884,"Discordance with dataset reference, not adjudicated clinical error."
deit_tiny,1.0,ensemble,ensemble_temperature,1.0,chexpert,pleural_effusion,reference_positive_low_probability,chexpert_bc6e97595bdb28085e1c4f4d,1.0,0.013089333,"Discordance with dataset reference, not adjudicated clinical error."
deit_tiny,1.0,ensemble,ensemble_temperature,1.0,nih,cardiomegaly,reference_negative_high_probability,nih_00000211_028.png,0.0,0.8071718,"Discordance with dataset reference, not adjudicated clinical error."
deit_tiny,1.0,ensemble,ensemble_temperature,1.0,nih,cardiomegaly,reference_negative_high_probability,nih_00004000_000.png,0.0,0.803733,"Discordance with dataset reference, not adjudicated clinical error."
deit_tiny,1.0,ensemble,ensemble_temperature,1.0,nih,cardiomegaly,reference_negative_high_probability,nih_00000211_003.png,0.0,0.8023677,"Discordance with dataset reference, not adjudicated clinical error."
deit_tiny,1.0,ensemble,ensemble_temperature,1.0,nih,cardiomegaly,reference_negative_high_probability,nih_00000162_000.png,0.0,0.79602313,"Discordance with dataset reference, not adjudicated clinical error."
deit_tiny,1.0,ensemble,ensemble_temperature,1.0,nih,cardiomegaly,reference_negative_high_probability,nih_00000211_032.png,0.0,0.78288716,"Discordance with dataset reference, not adjudicated clinical error."
deit_tiny,1.0,ensemble,ensemble_temperature,1.0,nih,cardiomegaly,reference_negative_high_probability,nih_00000211_030.png,0.0,0.76756114,"Discordance with dataset reference, not adjudicated clinical error."
deit_tiny,1.0,ensemble,ensemble_temperature,1.0,nih,cardiomegaly,reference_negative_high_probability,nih_00000211_031.png,0.0,0.76317066,"Discordance with dataset reference, not adjudicated clinical error."
deit_tiny,1.0,ensemble,ensemble_temperature,1.0,nih,cardiomegaly,reference_negative_high_probability,nih_00000211_023.png,0.0,0.75687486,"Discordance with dataset reference, not adjudicated clinical error."
deit_tiny,1.0,ensemble,ensemble_temperature,1.0,nih,cardiomegaly,reference_negative_high_probability,nih_00009636_000.png,0.0,0.74678206,"Discordance with dataset reference, not adjudicated clinical error."
deit_tiny,1.0,ensemble,ensemble_temperature,1.0,nih,cardiomegaly,reference_negative_high_probability,nih_00000211_033.png,0.0,0.744298,"Discordance with dataset reference, not adjudicated clinical error."
deit_tiny,1.0,ensemble,ensemble_temperature,1.0,nih,cardiomegaly,reference_negative_high_probability,nih_00021860_007.png,0.0,0.7203983,"Discordance with dataset reference, not adjudicated clinical error."
deit_tiny,1.0,ensemble,ensemble_temperature,1.0,nih,cardiomegaly,reference_negative_high_probability,nih_00029991_008.png,0.0,0.71132857,"Discordance with dataset reference, not adjudicated clinical error."
deit_tiny,1.0,ensemble,ensemble_temperature,1.0,nih,cardiomegaly,reference_negative_high_probability,nih_00001008_000.png,0.0,0.7058101,"Discordance with dataset reference, not adjudicated clinical error."
deit_tiny,1.0,ensemble,ensemble_temperature,1.0,nih,cardiomegaly,reference_negative_high_probability,nih_00000211_027.png,0.0,0.67983484,"Discordance with dataset reference, not adjudicated clinical error."
deit_tiny,1.0,ensemble,ensemble_temperature,1.0,nih,cardiomegaly,reference_negative_high_probability,nih_00027642_005.png,0.0,0.67961544,"Discordance with dataset reference, not adjudicated clinical error."
deit_tiny,1.0,ensemble,ensemble_temperature,1.0,nih,cardiomegaly,reference_negative_high_probability,nih_00000211_026.png,0.0,0.6775795,"Discordance with dataset reference, not adjudicated clinical error."
deit_tiny,1.0,ensemble,ensemble_temperature,1.0,nih,cardiomegaly,reference_negative_high_probability,nih_00020043_023.png,0.0,0.6712506,"Discordance with dataset reference, not adjudicated clinical error."
deit_tiny,1.0,ensemble,ensemble_temperature,1.0,nih,cardiomegaly,reference_negative_high_probability,nih_00000211_029.png,0.0,0.669896,"Discordance with dataset reference, not adjudicated clinical error."
deit_tiny,1.0,ensemble,ensemble_temperature,1.0,nih,cardiomegaly,reference_negative_high_probability,nih_00002763_012.png,0.0,0.6346458,"Discordance with dataset reference, not adjudicated clinical error."
deit_tiny,1.0,ensemble,ensemble_temperature,1.0,nih,cardiomegaly,reference_negative_high_probability,nih_00006443_000.png,0.0,0.6214333,"Discordance with dataset reference, not adjudicated clinical error."
deit_tiny,1.0,ensemble,ensemble_temperature,1.0,nih,cardiomegaly,reference_positive_low_probability,nih_00007948_001.png,1.0,0.00088136655,"Discordance with dataset reference, not adjudicated clinical error."
deit_tiny,1.0,ensemble,ensemble_temperature,1.0,nih,cardiomegaly,reference_positive_low_probability,nih_00018187_036.png,1.0,0.0010865798,"Discordance with dataset reference, not adjudicated clinical error."
deit_tiny,1.0,ensemble,ensemble_temperature,1.0,nih,cardiomegaly,reference_positive_low_probability,nih_00005689_000.png,1.0,0.0012479264,"Discordance with dataset reference, not adjudicated clinical error."
deit_tiny,1.0,ensemble,ensemble_temperature,1.0,nih,cardiomegaly,reference_positive_low_probability,nih_00018187_037.png,1.0,0.0019375316,"Discordance with dataset reference, not adjudicated clinical error."
deit_tiny,1.0,ensemble,ensemble_temperature,1.0,nih,cardiomegaly,reference_positive_low_probability,nih_00008096_000.png,1.0,0.002472525,"Discordance with dataset reference, not adjudicated clinical error."
deit_tiny,1.0,ensemble,ensemble_temperature,1.0,nih,cardiomegaly,reference_positive_low_probability,nih_00023271_010.png,1.0,0.0026034964,"Discordance with dataset reference, not adjudicated clinical error."
deit_tiny,1.0,ensemble,ensemble_temperature,1.0,nih,cardiomegaly,reference_positive_low_probability,nih_00029799_001.png,1.0,0.002617902,"Discordance with dataset reference, not adjudicated clinical error."
deit_tiny,1.0,ensemble,ensemble_temperature,1.0,nih,cardiomegaly,reference_positive_low_probability,nih_00015956_010.png,1.0,0.0029113241,"Discordance with dataset reference, not adjudicated clinical error."
deit_tiny,1.0,ensemble,ensemble_temperature,1.0,nih,cardiomegaly,reference_positive_low_probability,nih_00018450_000.png,1.0,0.0030308228,"Discordance with dataset reference, not adjudicated clinical error."
deit_tiny,1.0,ensemble,ensemble_temperature,1.0,nih,cardiomegaly,reference_positive_low_probability,nih_00020588_000.png,1.0,0.0033024366,"Discordance with dataset reference, not adjudicated clinical error."
deit_tiny,1.0,ensemble,ensemble_temperature,1.0,nih,cardiomegaly,reference_positive_low_probability,nih_00005089_018.png,1.0,0.0035071396,"Discordance with dataset reference, not adjudicated clinical error."
deit_tiny,1.0,ensemble,ensemble_temperature,1.0,nih,cardiomegaly,reference_positive_low_probability,nih_00015646_026.png,1.0,0.0037057418,"Discordance with dataset reference, not adjudicated clinical error."
deit_tiny,1.0,ensemble,ensemble_temperature,1.0,nih,cardiomegaly,reference_positive_low_probability,nih_00028916_000.png,1.0,0.0038532629,"Discordance with dataset reference, not adjudicated clinical error."
deit_tiny,1.0,ensemble,ensemble_temperature,1.0,nih,cardiomegaly,reference_positive_low_probability,nih_00018972_042.png,1.0,0.0039674984,"Discordance with dataset reference, not adjudicated clinical error."
deit_tiny,1.0,ensemble,ensemble_temperature,1.0,nih,cardiomegaly,reference_positive_low_probability,nih_00018972_008.png,1.0,0.003999384,"Discordance with dataset reference, not adjudicated clinical error."
deit_tiny,1.0,ensemble,ensemble_temperature,1.0,nih,cardiomegaly,reference_positive_low_probability,nih_00013774_057.png,1.0,0.0042477665,"Discordance with dataset reference, not adjudicated clinical error."
deit_tiny,1.0,ensemble,ensemble_temperature,1.0,nih,cardiomegaly,reference_positive_low_probability,nih_00018598_002.png,1.0,0.0044158045,"Discordance with dataset reference, not adjudicated clinical error."
deit_tiny,1.0,ensemble,ensemble_temperature,1.0,nih,cardiomegaly,reference_positive_low_probability,nih_00006537_000.png,1.0,0.0045525576,"Discordance with dataset reference, not adjudicated clinical error."
deit_tiny,1.0,ensemble,ensemble_temperature,1.0,nih,cardiomegaly,reference_positive_low_probability,nih_00005610_000.png,1.0,0.0046774913,"Discordance with dataset reference, not adjudicated clinical error."
deit_tiny,1.0,ensemble,ensemble_temperature,1.0,nih,cardiomegaly,reference_positive_low_probability,nih_00012708_001.png,1.0,0.004771764,"Discordance with dataset reference, not adjudicated clinical error."
deit_tiny,1.0,ensemble,ensemble_temperature,1.0,nih,pleural_effusion,reference_negative_high_probability,nih_00026713_013.png,0.0,0.8529412,"Discordance with dataset reference, not adjudicated clinical error."
deit_tiny,1.0,ensemble,ensemble_temperature,1.0,nih,pleural_effusion,reference_negative_high_probability,nih_00013765_004.png,0.0,0.82989645,"Discordance with dataset reference, not adjudicated clinical error."
deit_tiny,1.0,ensemble,ensemble_temperature,1.0,nih,pleural_effusion,reference_negative_high_probability,nih_00005626_003.png,0.0,0.82564366,"Discordance with dataset reference, not adjudicated clinical error."
deit_tiny,1.0,ensemble,ensemble_temperature,1.0,nih,pleural_effusion,reference_negative_high_probability,nih_00019673_001.png,0.0,0.81370956,"Discordance with dataset reference, not adjudicated clinical error."
deit_tiny,1.0,ensemble,ensemble_temperature,1.0,nih,pleural_effusion,reference_negative_high_probability,nih_00004088_001.png,0.0,0.79983777,"Discordance with dataset reference, not adjudicated clinical error."
deit_tiny,1.0,ensemble,ensemble_temperature,1.0,nih,pleural_effusion,reference_negative_high_probability,nih_00013993_091.png,0.0,0.78367686,"Discordance with dataset reference, not adjudicated clinical error."
deit_tiny,1.0,ensemble,ensemble_temperature,1.0,nih,pleural_effusion,reference_negative_high_probability,nih_00027282_004.png,0.0,0.7800799,"Discordance with dataset reference, not adjudicated clinical error."
deit_tiny,1.0,ensemble,ensemble_temperature,1.0,nih,pleural_effusion,reference_negative_high_probability,nih_00009358_004.png,0.0,0.7724073,"Discordance with dataset reference, not adjudicated clinical error."
deit_tiny,1.0,ensemble,ensemble_temperature,1.0,nih,pleural_effusion,reference_negative_high_probability,nih_00005457_008.png,0.0,0.76350427,"Discordance with dataset reference, not adjudicated clinical error."
deit_tiny,1.0,ensemble,ensemble_temperature,1.0,nih,pleural_effusion,reference_negative_high_probability,nih_00019707_003.png,0.0,0.76207966,"Discordance with dataset reference, not adjudicated clinical error."
deit_tiny,1.0,ensemble,ensemble_temperature,1.0,nih,pleural_effusion,reference_negative_high_probability,nih_00000877_028.png,0.0,0.75819826,"Discordance with dataset reference, not adjudicated clinical error."
deit_tiny,1.0,ensemble,ensemble_temperature,1.0,nih,pleural_effusion,reference_negative_high_probability,nih_00026399_012.png,0.0,0.7580073,"Discordance with dataset reference, not adjudicated clinical error."
deit_tiny,1.0,ensemble,ensemble_temperature,1.0,nih,pleural_effusion,reference_negative_high_probability,nih_00027466_011.png,0.0,0.7555346,"Discordance with dataset reference, not adjudicated clinical error."
deit_tiny,1.0,ensemble,ensemble_temperature,1.0,nih,pleural_effusion,reference_negative_high_probability,nih_00013471_017.png,0.0,0.7541305,"Discordance with dataset reference, not adjudicated clinical error."
deit_tiny,1.0,ensemble,ensemble_temperature,1.0,nih,pleural_effusion,reference_negative_high_probability,nih_00000211_007.png,0.0,0.750526,"Discordance with dataset reference, not adjudicated clinical error."
deit_tiny,1.0,ensemble,ensemble_temperature,1.0,nih,pleural_effusion,reference_negative_high_probability,nih_00011404_002.png,0.0,0.7492919,"Discordance with dataset reference, not adjudicated clinical error."
deit_tiny,1.0,ensemble,ensemble_temperature,1.0,nih,pleural_effusion,reference_negative_high_probability,nih_00005895_026.png,0.0,0.7481917,"Discordance with dataset reference, not adjudicated clinical error."
deit_tiny,1.0,ensemble,ensemble_temperature,1.0,nih,pleural_effusion,reference_negative_high_probability,nih_00022526_014.png,0.0,0.7461294,"Discordance with dataset reference, not adjudicated clinical error."
deit_tiny,1.0,ensemble,ensemble_temperature,1.0,nih,pleural_effusion,reference_negative_high_probability,nih_00005895_004.png,0.0,0.7456115,"Discordance with dataset reference, not adjudicated clinical error."
deit_tiny,1.0,ensemble,ensemble_temperature,1.0,nih,pleural_effusion,reference_negative_high_probability,nih_00009595_005.png,0.0,0.7453276,"Discordance with dataset reference, not adjudicated clinical error."
deit_tiny,1.0,ensemble,ensemble_temperature,1.0,nih,pleural_effusion,reference_positive_low_probability,nih_00015193_000.png,1.0,0.004193258,"Discordance with dataset reference, not adjudicated clinical error."
deit_tiny,1.0,ensemble,ensemble_temperature,1.0,nih,pleural_effusion,reference_positive_low_probability,nih_00025124_004.png,1.0,0.004595073,"Discordance with dataset reference, not adjudicated clinical error."
deit_tiny,1.0,ensemble,ensemble_temperature,1.0,nih,pleural_effusion,reference_positive_low_probability,nih_00021255_000.png,1.0,0.0058655175,"Discordance with dataset reference, not adjudicated clinical error."
deit_tiny,1.0,ensemble,ensemble_temperature,1.0,nih,pleural_effusion,reference_positive_low_probability,nih_00013695_003.png,1.0,0.0063982503,"Discordance with dataset reference, not adjudicated clinical error."
deit_tiny,1.0,ensemble,ensemble_temperature,1.0,nih,pleural_effusion,reference_positive_low_probability,nih_00025124_003.png,1.0,0.00643181,"Discordance with dataset reference, not adjudicated clinical error."
deit_tiny,1.0,ensemble,ensemble_temperature,1.0,nih,pleural_effusion,reference_positive_low_probability,nih_00016937_019.png,1.0,0.006913248,"Discordance with dataset reference, not adjudicated clinical error."
deit_tiny,1.0,ensemble,ensemble_temperature,1.0,nih,pleural_effusion,reference_positive_low_probability,nih_00029799_001.png,1.0,0.0070021753,"Discordance with dataset reference, not adjudicated clinical error."
deit_tiny,1.0,ensemble,ensemble_temperature,1.0,nih,pleural_effusion,reference_positive_low_probability,nih_00013765_008.png,1.0,0.007603143,"Discordance with dataset reference, not adjudicated clinical error."
deit_tiny,1.0,ensemble,ensemble_temperature,1.0,nih,pleural_effusion,reference_positive_low_probability,nih_00003439_003.png,1.0,0.007779525,"Discordance with dataset reference, not adjudicated clinical error."
deit_tiny,1.0,ensemble,ensemble_temperature,1.0,nih,pleural_effusion,reference_positive_low_probability,nih_00002723_006.png,1.0,0.0084372,"Discordance with dataset reference, not adjudicated clinical error."
deit_tiny,1.0,ensemble,ensemble_temperature,1.0,nih,pleural_effusion,reference_positive_low_probability,nih_00014355_012.png,1.0,0.008902268,"Discordance with dataset reference, not adjudicated clinical error."
deit_tiny,1.0,ensemble,ensemble_temperature,1.0,nih,pleural_effusion,reference_positive_low_probability,nih_00014760_004.png,1.0,0.00905458,"Discordance with dataset reference, not adjudicated clinical error."
deit_tiny,1.0,ensemble,ensemble_temperature,1.0,nih,pleural_effusion,reference_positive_low_probability,nih_00005644_000.png,1.0,0.009330157,"Discordance with dataset reference, not adjudicated clinical error."
deit_tiny,1.0,ensemble,ensemble_temperature,1.0,nih,pleural_effusion,reference_positive_low_probability,nih_00007404_001.png,1.0,0.009360082,"Discordance with dataset reference, not adjudicated clinical error."
deit_tiny,1.0,ensemble,ensemble_temperature,1.0,nih,pleural_effusion,reference_positive_low_probability,nih_00019010_000.png,1.0,0.00949249,"Discordance with dataset reference, not adjudicated clinical error."
deit_tiny,1.0,ensemble,ensemble_temperature,1.0,nih,pleural_effusion,reference_positive_low_probability,nih_00005592_002.png,1.0,0.009795124,"Discordance with dataset reference, not adjudicated clinical error."
deit_tiny,1.0,ensemble,ensemble_temperature,1.0,nih,pleural_effusion,reference_positive_low_probability,nih_00022031_010.png,1.0,0.00997507,"Discordance with dataset reference, not adjudicated clinical error."
deit_tiny,1.0,ensemble,ensemble_temperature,1.0,nih,pleural_effusion,reference_positive_low_probability,nih_00018680_014.png,1.0,0.010349258,"Discordance with dataset reference, not adjudicated clinical error."
deit_tiny,1.0,ensemble,ensemble_temperature,1.0,nih,pleural_effusion,reference_positive_low_probability,nih_00011679_003.png,1.0,0.01077541,"Discordance with dataset reference, not adjudicated clinical error."
deit_tiny,1.0,ensemble,ensemble_temperature,1.0,nih,pleural_effusion,reference_positive_low_probability,nih_00014971_008.png,1.0,0.010836061,"Discordance with dataset reference, not adjudicated clinical error."
deit_tiny,1.0,ensemble,ensemble_temperature,1.0,vinbig,cardiomegaly,reference_negative_high_probability,vinbig_a93a2b354e912c534d6677362e45b3b0,0.0,0.42730176,"Discordance with dataset reference, not adjudicated clinical error."
deit_tiny,1.0,ensemble,ensemble_temperature,1.0,vinbig,cardiomegaly,reference_negative_high_probability,vinbig_98208732f003e00ccf58812626d5e299,0.0,0.41735056,"Discordance with dataset reference, not adjudicated clinical error."
deit_tiny,1.0,ensemble,ensemble_temperature,1.0,vinbig,cardiomegaly,reference_negative_high_probability,vinbig_5f842d19dfff1ffa372c9320e77acf80,0.0,0.40592083,"Discordance with dataset reference, not adjudicated clinical error."
deit_tiny,1.0,ensemble,ensemble_temperature,1.0,vinbig,cardiomegaly,reference_negative_high_probability,vinbig_4f5e71c1a140ca77f59b4d66a66b739a,0.0,0.3928046,"Discordance with dataset reference, not adjudicated clinical error."
deit_tiny,1.0,ensemble,ensemble_temperature,1.0,vinbig,cardiomegaly,reference_negative_high_probability,vinbig_f89782358679208bdb1d226ba111e668,0.0,0.38695127,"Discordance with dataset reference, not adjudicated clinical error."
deit_tiny,1.0,ensemble,ensemble_temperature,1.0,vinbig,cardiomegaly,reference_negative_high_probability,vinbig_837cd0d7ea14a468fbd24f63d2d9c0c6,0.0,0.38689205,"Discordance with dataset reference, not adjudicated clinical error."
deit_tiny,1.0,ensemble,ensemble_temperature,1.0,vinbig,cardiomegaly,reference_negative_high_probability,vinbig_47a6275032367faf2eb887a974077bde,0.0,0.38661358,"Discordance with dataset reference, not adjudicated clinical error."
deit_tiny,1.0,ensemble,ensemble_temperature,1.0,vinbig,cardiomegaly,reference_negative_high_probability,vinbig_c02439f8d2f87a85e5bab5c5e55a81c5,0.0,0.3817443,"Discordance with dataset reference, not adjudicated clinical error."
deit_tiny,1.0,ensemble,ensemble_temperature,1.0,vinbig,cardiomegaly,reference_negative_high_probability,vinbig_3b5d47335b76a13a78ea88e06883e9a9,0.0,0.3814968,"Discordance with dataset reference, not adjudicated clinical error."
deit_tiny,1.0,ensemble,ensemble_temperature,1.0,vinbig,cardiomegaly,reference_negative_high_probability,vinbig_a1af684b8e0ce8e5cd4223881451a5af,0.0,0.3710221,"Discordance with dataset reference, not adjudicated clinical error."
deit_tiny,1.0,ensemble,ensemble_temperature,1.0,vinbig,cardiomegaly,reference_negative_high_probability,vinbig_7b6c00f300b0aa2c2c2bd0b51edea43a,0.0,0.37068793,"Discordance with dataset reference, not adjudicated clinical error."
deit_tiny,1.0,ensemble,ensemble_temperature,1.0,vinbig,cardiomegaly,reference_negative_high_probability,vinbig_c7d78838fc91d92a524b1fce61350c2c,0.0,0.36166808,"Discordance with dataset reference, not adjudicated clinical error."
deit_tiny,1.0,ensemble,ensemble_temperature,1.0,vinbig,cardiomegaly,reference_negative_high_probability,vinbig_b972510adf2f7a48c87ef3ab845c9401,0.0,0.3600657,"Discordance with dataset reference, not adjudicated clinical error."
deit_tiny,1.0,ensemble,ensemble_temperature,1.0,vinbig,cardiomegaly,reference_negative_high_probability,vinbig_264ec145f2b9b1c4d93562e582de902b,0.0,0.3583245,"Discordance with dataset reference, not adjudicated clinical error."
deit_tiny,1.0,ensemble,ensemble_temperature,1.0,vinbig,cardiomegaly,reference_negative_high_probability,vinbig_a68f8cf139999708da7b3aa3e6594d4a,0.0,0.35503128,"Discordance with dataset reference, not adjudicated clinical error."
deit_tiny,1.0,ensemble,ensemble_temperature,1.0,vinbig,cardiomegaly,reference_negative_high_probability,vinbig_f0612b759b3b7f38573ff9bc6297b7aa,0.0,0.34943375,"Discordance with dataset reference, not adjudicated clinical error."
deit_tiny,1.0,ensemble,ensemble_temperature,1.0,vinbig,cardiomegaly,reference_negative_high_probability,vinbig_0e8b19dc3af06aaed4718cd664a896bf,0.0,0.33891204,"Discordance with dataset reference, not adjudicated clinical error."
deit_tiny,1.0,ensemble,ensemble_temperature,1.0,vinbig,cardiomegaly,reference_negative_high_probability,vinbig_e4d552e0ccc55cd65ed27729e1be30d5,0.0,0.32652426,"Discordance with dataset reference, not adjudicated clinical error."
deit_tiny,1.0,ensemble,ensemble_temperature,1.0,vinbig,cardiomegaly,reference_negative_high_probability,vinbig_f1d1d044621a14cf86416b00c84139dc,0.0,0.32645932,"Discordance with dataset reference, not adjudicated clinical error."
deit_tiny,1.0,ensemble,ensemble_temperature,1.0,vinbig,cardiomegaly,reference_negative_high_probability,vinbig_7ffe83778375bb8229b12c2ad4570c0e,0.0,0.32063302,"Discordance with dataset reference, not adjudicated clinical error."
deit_tiny,1.0,ensemble,ensemble_temperature,1.0,vinbig,cardiomegaly,reference_positive_low_probability,vinbig_fbd7d287fcf514d7c8c1d8b08eee47c6,1.0,0.0009765321,"Discordance with dataset reference, not adjudicated clinical error."
deit_tiny,1.0,ensemble,ensemble_temperature,1.0,vinbig,cardiomegaly,reference_positive_low_probability,vinbig_967f2ad4d9bd6d377127624161468188,1.0,0.0010619983,"Discordance with dataset reference, not adjudicated clinical error."
deit_tiny,1.0,ensemble,ensemble_temperature,1.0,vinbig,cardiomegaly,reference_positive_low_probability,vinbig_9d66132dc1a3e262df38c3ad25626a00,1.0,0.0012897993,"Discordance with dataset reference, not adjudicated clinical error."
deit_tiny,1.0,ensemble,ensemble_temperature,1.0,vinbig,cardiomegaly,reference_positive_low_probability,vinbig_c8a782d151fc7bc3305ec970901b7bfe,1.0,0.0014804855,"Discordance with dataset reference, not adjudicated clinical error."
deit_tiny,1.0,ensemble,ensemble_temperature,1.0,vinbig,cardiomegaly,reference_positive_low_probability,vinbig_fd810298e165ef0b9a88bb25fda7a34b,1.0,0.0017628645,"Discordance with dataset reference, not adjudicated clinical error."
deit_tiny,1.0,ensemble,ensemble_temperature,1.0,vinbig,cardiomegaly,reference_positive_low_probability,vinbig_51eb9c41906d5d46d35740f53d37ab49,1.0,0.0019717028,"Discordance with dataset reference, not adjudicated clinical error."
deit_tiny,1.0,ensemble,ensemble_temperature,1.0,vinbig,cardiomegaly,reference_positive_low_probability,vinbig_852ec6a0bcb9608ffee9b3fda0867f91,1.0,0.0020053347,"Discordance with dataset reference, not adjudicated clinical error."
deit_tiny,1.0,ensemble,ensemble_temperature,1.0,vinbig,cardiomegaly,reference_positive_low_probability,vinbig_7db70125d7739e6cd0c442e7b7592d4c,1.0,0.0020147024,"Discordance with dataset reference, not adjudicated clinical error."
deit_tiny,1.0,ensemble,ensemble_temperature,1.0,vinbig,cardiomegaly,reference_positive_low_probability,vinbig_fcf343f7991ed6cddae630502922296e,1.0,0.0020537565,"Discordance with dataset reference, not adjudicated clinical error."
deit_tiny,1.0,ensemble,ensemble_temperature,1.0,vinbig,cardiomegaly,reference_positive_low_probability,vinbig_5de91fab780d937e6cba46c4e807bb12,1.0,0.002159053,"Discordance with dataset reference, not adjudicated clinical error."
deit_tiny,1.0,ensemble,ensemble_temperature,1.0,vinbig,cardiomegaly,reference_positive_low_probability,vinbig_b4db27f83c152fb40adc9bd6a4e742d8,1.0,0.002209283,"Discordance with dataset reference, not adjudicated clinical error."
deit_tiny,1.0,ensemble,ensemble_temperature,1.0,vinbig,cardiomegaly,reference_positive_low_probability,vinbig_4b6ca2a1a046bd045ea254e6550c8b5c,1.0,0.0022195983,"Discordance with dataset reference, not adjudicated clinical error."
deit_tiny,1.0,ensemble,ensemble_temperature,1.0,vinbig,cardiomegaly,reference_positive_low_probability,vinbig_a1099e200fda2e6dc8c80d691fc6e70d,1.0,0.002240223,"Discordance with dataset reference, not adjudicated clinical error."
deit_tiny,1.0,ensemble,ensemble_temperature,1.0,vinbig,cardiomegaly,reference_positive_low_probability,vinbig_d94b4e689299d6eb3cc8f5ac772d759b,1.0,0.002265882,"Discordance with dataset reference, not adjudicated clinical error."
deit_tiny,1.0,ensemble,ensemble_temperature,1.0,vinbig,cardiomegaly,reference_positive_low_probability,vinbig_e4d919ecede4ac171b4815ba0863f2f7,1.0,0.0024549805,"Discordance with dataset reference, not adjudicated clinical error."
deit_tiny,1.0,ensemble,ensemble_temperature,1.0,vinbig,cardiomegaly,reference_positive_low_probability,vinbig_0f186e3eba8d9ebd51feed957204ddbf,1.0,0.0025249273,"Discordance with dataset reference, not adjudicated clinical error."
deit_tiny,1.0,ensemble,ensemble_temperature,1.0,vinbig,cardiomegaly,reference_positive_low_probability,vinbig_e1e596163010acb347ac7fa1a48d8d9c,1.0,0.0026159717,"Discordance with dataset reference, not adjudicated clinical error."
deit_tiny,1.0,ensemble,ensemble_temperature,1.0,vinbig,cardiomegaly,reference_positive_low_probability,vinbig_b4b6e377eedea6b7a33ce8958d79fe71,1.0,0.0027305444,"Discordance with dataset reference, not adjudicated clinical error."
deit_tiny,1.0,ensemble,ensemble_temperature,1.0,vinbig,cardiomegaly,reference_positive_low_probability,vinbig_54122627c6aeed581fde506562a73b2e,1.0,0.0027780875,"Discordance with dataset reference, not adjudicated clinical error."
deit_tiny,1.0,ensemble,ensemble_temperature,1.0,vinbig,cardiomegaly,reference_positive_low_probability,vinbig_8762595001d994ee7c1734a165301a09,1.0,0.00282492,"Discordance with dataset reference, not adjudicated clinical error."
deit_tiny,1.0,ensemble,ensemble_temperature,1.0,vinbig,pleural_effusion,reference_negative_high_probability,vinbig_54fa20d07ac42e467ab67a87cf8563a3,0.0,0.66016096,"Discordance with dataset reference, not adjudicated clinical error."
deit_tiny,1.0,ensemble,ensemble_temperature,1.0,vinbig,pleural_effusion,reference_negative_high_probability,vinbig_fb8e11c6b2886b2d41b379e0598669b9,0.0,0.6209351,"Discordance with dataset reference, not adjudicated clinical error."
deit_tiny,1.0,ensemble,ensemble_temperature,1.0,vinbig,pleural_effusion,reference_negative_high_probability,vinbig_151a8ce59aa6e414ee8a9c9d711cee61,0.0,0.6200011,"Discordance with dataset reference, not adjudicated clinical error."
deit_tiny,1.0,ensemble,ensemble_temperature,1.0,vinbig,pleural_effusion,reference_negative_high_probability,vinbig_5ffa2d8c4717aa06a6cdec9f74e775c9,0.0,0.61445594,"Discordance with dataset reference, not adjudicated clinical error."
deit_tiny,1.0,ensemble,ensemble_temperature,1.0,vinbig,pleural_effusion,reference_negative_high_probability,vinbig_458a8766b1f96850e9f893e382058988,0.0,0.5913363,"Discordance with dataset reference, not adjudicated clinical error."
deit_tiny,1.0,ensemble,ensemble_temperature,1.0,vinbig,pleural_effusion,reference_negative_high_probability,vinbig_ef63342a9d28339d09338c16573066c6,0.0,0.58288723,"Discordance with dataset reference, not adjudicated clinical error."
deit_tiny,1.0,ensemble,ensemble_temperature,1.0,vinbig,pleural_effusion,reference_negative_high_probability,vinbig_03a6078c0c12fb076b50ae017e590e19,0.0,0.54884446,"Discordance with dataset reference, not adjudicated clinical error."
deit_tiny,1.0,ensemble,ensemble_temperature,1.0,vinbig,pleural_effusion,reference_negative_high_probability,vinbig_678219cc34c08e4b184dbe73ef52a680,0.0,0.54575485,"Discordance with dataset reference, not adjudicated clinical error."
deit_tiny,1.0,ensemble,ensemble_temperature,1.0,vinbig,pleural_effusion,reference_negative_high_probability,vinbig_838ef4aafc8f2392dabdfbee3a6721e0,0.0,0.5356162,"Discordance with dataset reference, not adjudicated clinical error."
deit_tiny,1.0,ensemble,ensemble_temperature,1.0,vinbig,pleural_effusion,reference_negative_high_probability,vinbig_54f9194379210945be0ed72fac357456,0.0,0.53413814,"Discordance with dataset reference, not adjudicated clinical error."
deit_tiny,1.0,ensemble,ensemble_temperature,1.0,vinbig,pleural_effusion,reference_negative_high_probability,vinbig_0d26f6ebf87258f502f8fba529fe3079,0.0,0.53076994,"Discordance with dataset reference, not adjudicated clinical error."
deit_tiny,1.0,ensemble,ensemble_temperature,1.0,vinbig,pleural_effusion,reference_negative_high_probability,vinbig_bb3d26414a85af5edf485b330607860d,0.0,0.51912993,"Discordance with dataset reference, not adjudicated clinical error."
deit_tiny,1.0,ensemble,ensemble_temperature,1.0,vinbig,pleural_effusion,reference_negative_high_probability,vinbig_b9f09915187c2cc01e958da90d97ac89,0.0,0.5175183,"Discordance with dataset reference, not adjudicated clinical error."
deit_tiny,1.0,ensemble,ensemble_temperature,1.0,vinbig,pleural_effusion,reference_negative_high_probability,vinbig_6db88a54762f5e34ce31d2f43deb812d,0.0,0.5149964,"Discordance with dataset reference, not adjudicated clinical error."
deit_tiny,1.0,ensemble,ensemble_temperature,1.0,vinbig,pleural_effusion,reference_negative_high_probability,vinbig_0be45114544283beb4f6d371f946e889,0.0,0.5112622,"Discordance with dataset reference, not adjudicated clinical error."
deit_tiny,1.0,ensemble,ensemble_temperature,1.0,vinbig,pleural_effusion,reference_negative_high_probability,vinbig_7729fbb58b8006fe2b8305f9b2b33883,0.0,0.5047353,"Discordance with dataset reference, not adjudicated clinical error."
deit_tiny,1.0,ensemble,ensemble_temperature,1.0,vinbig,pleural_effusion,reference_negative_high_probability,vinbig_0f76d35a022a7188cad9a83e283fdc8f,0.0,0.50233936,"Discordance with dataset reference, not adjudicated clinical error."
deit_tiny,1.0,ensemble,ensemble_temperature,1.0,vinbig,pleural_effusion,reference_negative_high_probability,vinbig_72d2a32355662fd12a16420bd689bbf9,0.0,0.49981868,"Discordance with dataset reference, not adjudicated clinical error."
deit_tiny,1.0,ensemble,ensemble_temperature,1.0,vinbig,pleural_effusion,reference_negative_high_probability,vinbig_0dc7b1615100b4f5d3ae294bae0d5d43,0.0,0.49962035,"Discordance with dataset reference, not adjudicated clinical error."
deit_tiny,1.0,ensemble,ensemble_temperature,1.0,vinbig,pleural_effusion,reference_negative_high_probability,vinbig_20c912c5a00f426f19d54272bd2b4fcd,0.0,0.49320754,"Discordance with dataset reference, not adjudicated clinical error."
deit_tiny,1.0,ensemble,ensemble_temperature,1.0,vinbig,pleural_effusion,reference_positive_low_probability,vinbig_2d063af5457785f5c76ae1e6c06c0037,1.0,0.004862839,"Discordance with dataset reference, not adjudicated clinical error."
deit_tiny,1.0,ensemble,ensemble_temperature,1.0,vinbig,pleural_effusion,reference_positive_low_probability,vinbig_44999de3c6dd3312011578cdbfc7116e,1.0,0.008009855,"Discordance with dataset reference, not adjudicated clinical error."
deit_tiny,1.0,ensemble,ensemble_temperature,1.0,vinbig,pleural_effusion,reference_positive_low_probability,vinbig_f7dd175ca0962155ec39311b997a5288,1.0,0.0094359405,"Discordance with dataset reference, not adjudicated clinical error."
deit_tiny,1.0,ensemble,ensemble_temperature,1.0,vinbig,pleural_effusion,reference_positive_low_probability,vinbig_e0a078144e3167316fa44673aa5e3aab,1.0,0.009605771,"Discordance with dataset reference, not adjudicated clinical error."
deit_tiny,1.0,ensemble,ensemble_temperature,1.0,vinbig,pleural_effusion,reference_positive_low_probability,vinbig_b305ccbbf99b1f59b9a7edffd46659f1,1.0,0.009609677,"Discordance with dataset reference, not adjudicated clinical error."
deit_tiny,1.0,ensemble,ensemble_temperature,1.0,vinbig,pleural_effusion,reference_positive_low_probability,vinbig_e76af44f2856bf89d69d00d43536cf8c,1.0,0.009613238,"Discordance with dataset reference, not adjudicated clinical error."
deit_tiny,1.0,ensemble,ensemble_temperature,1.0,vinbig,pleural_effusion,reference_positive_low_probability,vinbig_cbc971fb918adb51914a165519ba121a,1.0,0.011199637,"Discordance with dataset reference, not adjudicated clinical error."
deit_tiny,1.0,ensemble,ensemble_temperature,1.0,vinbig,pleural_effusion,reference_positive_low_probability,vinbig_16b02dc3b4e8deb6c1cc686c9ef911dd,1.0,0.011705741,"Discordance with dataset reference, not adjudicated clinical error."
deit_tiny,1.0,ensemble,ensemble_temperature,1.0,vinbig,pleural_effusion,reference_positive_low_probability,vinbig_942df4c44fdc6ffe0111740028a25581,1.0,0.012365021,"Discordance with dataset reference, not adjudicated clinical error."
deit_tiny,1.0,ensemble,ensemble_temperature,1.0,vinbig,pleural_effusion,reference_positive_low_probability,vinbig_1071b3b85121012c5061894bf3b8704b,1.0,0.013335647,"Discordance with dataset reference, not adjudicated clinical error."
deit_tiny,1.0,ensemble,ensemble_temperature,1.0,vinbig,pleural_effusion,reference_positive_low_probability,vinbig_f90442f2620175fa21b6afeda865df11,1.0,0.013839348,"Discordance with dataset reference, not adjudicated clinical error."
deit_tiny,1.0,ensemble,ensemble_temperature,1.0,vinbig,pleural_effusion,reference_positive_low_probability,vinbig_492c436c00725c4c909ec6fbc9223b92,1.0,0.014087199,"Discordance with dataset reference, not adjudicated clinical error."
deit_tiny,1.0,ensemble,ensemble_temperature,1.0,vinbig,pleural_effusion,reference_positive_low_probability,vinbig_23b8b9881d7effc2a5aa2b7372f01d7f,1.0,0.014725288,"Discordance with dataset reference, not adjudicated clinical error."
deit_tiny,1.0,ensemble,ensemble_temperature,1.0,vinbig,pleural_effusion,reference_positive_low_probability,vinbig_a330d6606525415c5e462b9e13ca8452,1.0,0.015761463,"Discordance with dataset reference, not adjudicated clinical error."
deit_tiny,1.0,ensemble,ensemble_temperature,1.0,vinbig,pleural_effusion,reference_positive_low_probability,vinbig_a2480b9f63cc65e052dc0b9ad19c866e,1.0,0.018524855,"Discordance with dataset reference, not adjudicated clinical error."
deit_tiny,1.0,ensemble,ensemble_temperature,1.0,vinbig,pleural_effusion,reference_positive_low_probability,vinbig_f77548b76082f9b45c05764493005039,1.0,0.018660853,"Discordance with dataset reference, not adjudicated clinical error."
deit_tiny,1.0,ensemble,ensemble_temperature,1.0,vinbig,pleural_effusion,reference_positive_low_probability,vinbig_a3138b15692cfedc5a35d1bf5314616e,1.0,0.019775065,"Discordance with dataset reference, not adjudicated clinical error."
deit_tiny,1.0,ensemble,ensemble_temperature,1.0,vinbig,pleural_effusion,reference_positive_low_probability,vinbig_ee87cffb47722b3161ea80a75fa307a4,1.0,0.019913489,"Discordance with dataset reference, not adjudicated clinical error."
deit_tiny,1.0,ensemble,ensemble_temperature,1.0,vinbig,pleural_effusion,reference_positive_low_probability,vinbig_bee427b74f77002c1a4faa71e65d5744,1.0,0.01996752,"Discordance with dataset reference, not adjudicated clinical error."
deit_tiny,1.0,ensemble,ensemble_temperature,1.0,vinbig,pleural_effusion,reference_positive_low_probability,vinbig_bdd7f0b920e6c5ea82526986ffb63001,1.0,0.021030735,"Discordance with dataset reference, not adjudicated clinical error."
