model,fraction,seed,method,cal_fraction,domain,label,subgroup,n,positive,negative,prevalence,auroc,auprc,brier,nll,ece15,adaptive_ece15,sensitivity,specificity,ppv,npv,f1,threshold,tp,tn,fp,fn,low_event_warning,source_constant_brier,brier_skill_vs_source_constant,calibration_intercept,calibration_slope,calibration_in_large
resnet18,1.0,17,raw,1.0,chexpert,cardiomegaly,female,8564,877,7687,0.10240541802895843,0.7724010639176836,0.3145924048591852,0.0914548643535859,0.39922797842800073,0.0806702548907694,0.08067025489076939,0.7354618015963512,0.6609860803954729,0.1984004921562596,0.9563335215509129,0.3125,0.008847355082930384,645,5081,2606,232,False,0.09801161569081003,0.06689769667615963,0.4430636152953268,0.5672831429977658,2.027531988531086
resnet18,1.0,17,raw,1.0,chexpert,cardiomegaly,male,10691,1157,9534,0.10822186886165934,0.7851566218269184,0.34451319397014885,0.09617939642833351,0.424567892050188,0.087563796664973,0.08734532430428303,0.7139152981849611,0.7012796307950493,0.22482308111050625,0.9528288442354282,0.3419581867108259,0.008847355082930384,826,6686,2848,331,False,0.1035448365914991,0.07113285805088887,0.5713579731144534,0.5610275251061682,2.2080623117988467
resnet18,1.0,17,raw,1.0,chexpert,cardiomegaly,PA,4366,368,3998,0.0842876775080165,0.7947516557191638,0.34333690597053257,0.0757185964162846,0.3676502749128173,0.07076591510729895,0.07043837778865691,0.625,0.8161580790395198,0.23834196891191708,0.9594236989120847,0.34508627156789196,0.008847355082930384,230,3263,735,138,False,0.08077611187461328,0.06261152388938118,0.6119252852652334,0.5526806514564363,2.490713530037318
resnet18,1.0,17,raw,1.0,chexpert,cardiomegaly,AP,14889,1666,13223,0.11189468735307946,0.772232692517376,0.3290691627234228,0.09946174985465274,0.42668296332168704,0.08848371130882599,0.0884636286920789,0.7448979591836735,0.6431218331694775,0.20822147651006712,0.9524022846903348,0.3254655127196433,0.008847355082930384,1241,8504,4719,425,False,0.10703880853860248,0.07078795800699844,0.5190796540454218,0.573253080237441,2.0563370661742564
resnet18,1.0,17,raw,1.0,chexpert,cardiomegaly,age18_44,4062,251,3811,0.06179222058099458,0.7970578980326398,0.2883778808240942,0.055122196063945264,0.26163238765564556,0.04729311401878885,0.047103367755868104,0.6772908366533864,0.7772238257675151,0.16683022571148184,0.9733815313835031,0.2677165354330709,0.008847355082930384,170,2962,849,81,False,0.05937606294110433,0.07164279115943595,0.1401754583958,0.5502131689437386,1.8494623115816977
resnet18,1.0,17,raw,1.0,chexpert,cardiomegaly,age45_64,6646,561,6085,0.08441167619620825,0.784930361178609,0.3046649613026574,0.07546933543689835,0.33731586415045545,0.06611724354014185,0.06607685436378977,0.7272727272727273,0.7107641741988496,0.1881918819188192,0.9658329611433676,0.29901062660315136,0.008847355082930384,408,4325,1760,153,False,0.08089407249233281,0.06705975961277788,0.4073127932879298,0.5808068576107077,1.9679187563901301
resnet18,1.0,17,raw,1.0,chexpert,cardiomegaly,age65_100,8547,1222,7325,0.142974142974143,0.7499807287331796,0.35777153599017836,0.12706187221411613,0.5444590791347607,0.11632014403832407,0.11632014403832405,0.7307692307692307,0.6116040955631399,0.23889780631353666,0.9315866084425036,0.36008064516129035,0.008847355082930384,893,4480,2845,329,False,0.13660486150988704,0.0698583431826123,0.5847421359841954,0.5347693869797107,2.2840401827454624
resnet18,1.0,17,raw,1.0,chexpert,pleural_effusion,female,8432,2583,5849,0.30633301707779886,0.8442440998183277,0.716933641256265,0.18635975235732116,0.5604314298955496,0.16726090482579317,0.1672609048257932,0.9527680991095625,0.4147717558557018,0.4182528891910265,0.9521193092621664,0.5813156962324318,0.03986249410726427,2461,2426,3423,122,False,0.2497442422757069,0.2537976024624904,1.7080339860652276,1.2233375635881552,1.2936932398866443
resnet18,1.0,17,raw,1.0,chexpert,pleural_effusion,male,10501,3059,7442,0.2913055899438149,0.8397952337347582,0.6943903691319613,0.18261276066396642,0.5516064142563902,0.1602881326051372,0.16028813260513716,0.9421379535796012,0.42555764579414135,0.4026826882772111,0.9470693779904307,0.5642129992169146,0.03986249410726427,2882,3167,4275,177,False,0.23812285563224553,0.2331153589641488,1.6554152635427315,1.2069188584270452,1.2672687302824193
resnet18,1.0,17,raw,1.0,chexpert,pleural_effusion,PA,4254,829,3425,0.19487541137752704,0.8751409225784297,0.7315064467832252,0.1165486696650655,0.3778255811623412,0.0954821685776475,0.0954821685776475,0.9119420989143546,0.5512408759124088,0.3296990841692106,0.9627740948495666,0.484304932735426,0.03986249410726427,756,1888,1537,73,False,0.16354905273004827,0.2873778984373633,1.7675618530347377,1.360782898799135,1.03129816598803
resnet18,1.0,17,raw,1.0,chexpert,pleural_effusion,AP,14679,4813,9866,0.3278833708018257,0.825478258866189,0.6979163964351867,0.20391061999142007,0.6070377240085175,0.18307435689408824,0.18307435689408824,0.9530438396010804,0.37553213054936146,0.4267770748046148,0.9425082676163826,0.5895508000771159,0.03986249410726427,4587,3705,6161,226,False,0.2664101020198477,0.2345987691704401,1.6373496683725781,1.167563589445992,1.331555348736213
resnet18,1.0,17,raw,1.0,chexpert,pleural_effusion,age18_44,3985,697,3288,0.17490589711417817,0.8527762360062415,0.6022232203692174,0.11879429268221064,0.3843926909128651,0.09073899511506943,0.0907389951150694,0.8938307030129125,0.6070559610705596,0.3253263707571802,0.9642512077294686,0.4770290964777948,0.03986249410726427,623,1996,1292,74,False,0.14810572738450944,0.19790885349221488,1.3516243833785573,1.1402176714114076,1.0522286750352068
resnet18,1.0,17,raw,1.0,chexpert,pleural_effusion,age45_64,6503,1856,4647,0.28540673535291405,0.8510431855368313,0.7101038111354164,0.17780151913593573,0.5387382440201265,0.15932610014142898,0.159326100141429,0.9380387931034483,0.4542715730578868,0.40706102408230066,0.9483378256963163,0.5677482471873472,0.03986249410726427,1741,2111,2536,115,False,0.2335610055335426,0.2387362833544533,1.80342435221456,1.257198295685522,1.3035827795206543
resnet18,1.0,17,raw,1.0,chexpert,pleural_effusion,age65_100,8445,3089,5356,0.36577856719952634,0.8135746503227259,0.7232718546414147,0.22017329737473587,0.6492311543913535,0.2008096039342059,0.20080960393420594,0.9643897701521528,0.27744585511575803,0.43495400788436267,0.931077694235589,0.5995170054336889,0.03986249410726427,2979,1486,3870,110,False,0.29571616521623123,0.2554573497402738,1.6698788541080583,1.1952067840493823,1.3315270182019072
resnet18,1.0,17,raw,1.0,nih,cardiomegaly,female,9358,286,9072,0.030562085915793975,0.8842473113306446,0.26447483174799286,0.0255188299883497,0.10087329441762942,0.006101430055643184,0.006827950489209569,0.9125874125874126,0.6477072310405644,0.07549898756146949,0.995763429927131,0.13946032594175795,0.008847355082930384,261,5876,3196,25,False,0.029666668186265496,0.13981476355461053,-0.43659593934931085,0.7961156030972937,0.02658706493482802
resnet18,1.0,17,raw,1.0,nih,cardiomegaly,male,11971,211,11760,0.017625929329212264,0.8829510832769125,0.17758465862571116,0.015893691174841604,0.06816408437851311,0.00503548947352915,0.005253201942520067,0.8909952606635071,0.7117346938775511,0.05254332029066518,0.9972596211128322,0.09923462655054104,0.008847355082930384,188,8370,3390,23,False,0.017360432982309947,0.08448762821543299,-0.6087154497748908,0.8000212445838483,-0.07483063450479553
resnet18,1.0,17,raw,1.0,nih,cardiomegaly,PA,12801,294,12507,0.022966955706585423,0.9224069895008455,0.27675919724410986,0.018948324212868062,0.0744215703563139,0.007017148697491496,0.005313808714501492,0.9115646258503401,0.7884384744543056,0.09196980096087852,0.997370284211591,0.16708229426433915,0.008847355082930384,268,9861,2646,26,False,0.0224413800464992,0.15565245213945955,-0.28046240448947296,0.8046698120786075,0.18118845978822404
resnet18,1.0,17,raw,1.0,nih,cardiomegaly,AP,8528,203,8325,0.02380393996247655,0.824575807334428,0.16112912710382807,0.021870437363517976,0.09466393305865173,0.005452994198769961,0.00971517251234078,0.8916256157635468,0.5267267267267267,0.04392137830623635,0.9950079419105968,0.08371877890841813,0.008847355082930384,181,4385,3940,22,False,0.02323760766217972,0.0588343825464821,-0.8072543105643315,0.7783509861690922,-0.23373222879065758
resnet18,1.0,17,raw,1.0,nih,cardiomegaly,age18_44,8513,178,8335,0.020909197697638906,0.8884802814717956,0.1992157007944383,0.018557769757914497,0.07653947467628627,0.00478244953571,0.006236536112183068,0.9101123595505618,0.6901019796040792,0.05901639344262295,0.9972260748959778,0.1108450222374273,0.008847355082930384,162,5752,2583,16,False,0.020483823806248812,0.09402805191805796,-0.6535532803276107,0.7886495604413775,-0.1517303574093627
resnet18,1.0,17,raw,1.0,nih,cardiomegaly,age45_64,9808,238,9570,0.02426590538336052,0.8911031497238395,0.25428271996767143,0.02044864365891376,0.08331614016401111,0.006126888304233856,0.005686280297890496,0.9159663865546218,0.684012539184953,0.06724244293645898,0.9969540054827901,0.12528735632183907,0.008847355082930384,218,6546,3024,20,False,0.023677077846963157,0.13635272937464615,-0.3962700697315257,0.8262604418034449,0.03134103760022193
resnet18,1.0,17,raw,1.0,nih,cardiomegaly,age65_100,3008,81,2927,0.0269281914893617,0.8659120913419969,0.21747583866820508,0.023446142662650642,0.09681492440409258,0.00843160299048109,0.006374912442873347,0.8518518518518519,0.6655278442090878,0.06583969465648855,0.9938775510204082,0.12223206377325066,0.008847355082930384,69,1948,979,12,True,0.026209724911135008,0.10544110088352276,-0.4044488143137502,0.7878476827875999,0.15357450506682896
resnet18,1.0,17,raw,1.0,nih,pleural_effusion,female,9358,1069,8289,0.11423381064329985,0.8699258916180572,0.49347823395406604,0.07511620557130153,0.2512745503066884,0.009259030259415144,0.007266099122980356,0.921421889616464,0.6068283266980335,0.2320923656927427,0.9835745013687915,0.37078863165819687,0.03986249410726427,985,5030,3259,84,False,0.10118526860889815,0.25763694059417785,-0.00518286962713037,0.9228281481489492,0.10231519950994697
resnet18,1.0,17,raw,1.0,nih,pleural_effusion,male,11971,1467,10504,0.1225461532035753,0.8732333474026969,0.503257646210048,0.07883980432635551,0.26102350312620126,0.01444234791809263,0.01287520572122155,0.9216087252897068,0.616051028179741,0.2510677808727948,0.9825387184937747,0.39462930531231755,0.03986249410726427,1352,6471,4033,115,False,0.10761357772293144,0.2673805109487082,0.08429479067642323,0.9361183108478026,0.17380320399394283
resnet18,1.0,17,raw,1.0,nih,pleural_effusion,PA,12801,1189,11612,0.09288336848683697,0.8916467390973695,0.5129983864109219,0.05918040985613895,0.20543850045279713,0.014657546016334025,0.012451553257237742,0.8746846089150546,0.7416465725111954,0.25742574257425743,0.9829928090400639,0.3977816026008797,0.03986249410726427,1040,8612,3000,149,False,0.08467400948936504,0.30107939599137634,0.06752667347372023,0.9001496703020287,0.23196409162442322
resnet18,1.0,17,raw,1.0,nih,pleural_effusion,AP,8528,1347,7181,0.15795028142589118,0.8315958852482015,0.48696091227438965,0.1042636400983357,0.3337618847792553,0.009545437932453002,0.01172684866051661,0.9628804751299184,0.40231165575825095,0.2320629808552514,0.982987410683906,0.3739907727797001,0.03986249410726427,1297,2889,4292,50,False,0.13499318563437138,0.2276377536512587,0.08197305124046711,1.0050918859745293,0.07575389818108287
resnet18,1.0,17,raw,1.0,nih,pleural_effusion,age18_44,8513,843,7670,0.09902502055679549,0.8652336675528666,0.4329042642657897,0.06940263245928865,0.2355368824946956,0.011843075034632007,0.010963821847033744,0.9015421115065243,0.658148631029987,0.2247191011235955,0.9838238160202689,0.35976331360946745,0.03986249410726427,760,5048,2622,83,False,0.08942362582077229,0.22388930417125785,-0.11508755290733051,0.8574572903910902,0.097718316121039
resnet18,1.0,17,raw,1.0,nih,pleural_effusion,age45_64,9808,1231,8577,0.12550978792822187,0.8792841111441658,0.5329500770652341,0.07834521355882432,0.25868735845668817,0.01394618193097757,0.013696468313384133,0.9293257514216084,0.608487816252769,0.25410928476232786,0.9836034677723332,0.39909297052154197,0.03986249410726427,1144,5219,3358,87,False,0.1099054900175662,0.28715832533659236,0.15303758866662423,0.9795782888126037,0.18120075746867073
resnet18,1.0,17,raw,1.0,nih,pleural_effusion,age65_100,3008,462,2546,0.1535904255319149,0.8560487038491752,0.5287943447367163,0.09557655738569423,0.310441657338166,0.015838073008401458,0.01619867398937445,0.9372294372294372,0.4846818538884525,0.2481375358166189,0.9770387965162312,0.3923878568192116,0.03986249410726427,433,1234,1312,29,False,0.13162151258602303,0.2738530692448252,0.07438244833921347,0.9553567216429292,0.13076563496625393
resnet18,1.0,17,raw,1.0,vinbig,cardiomegaly,PA,14998,1817,13181,0.12114948659821309,0.8683891361947287,0.4979519878646569,0.10048821545864242,0.3896121691409733,0.09467306366675174,0.0946760328271089,0.8514034122179417,0.7169410515135423,0.29310344827586204,0.9722222222222222,0.4360817477096547,0.008847355082930384,1547,9450,3731,270,False,0.11584294874158528,0.13254784559390986,1.4414913777266711,0.7765189997439917,2.2060947871811365
resnet18,1.0,17,raw,1.0,vinbig,pleural_effusion,PA,14998,634,14364,0.04227230297372983,0.8991201167130937,0.6265565726062475,0.02617673656709638,0.11350252905374245,0.033801836744318435,0.02915036298764506,0.9053627760252366,0.6044973544973545,0.09176658673061551,0.9931373670364864,0.1666424735084918,0.03986249410726427,574,8683,5681,60,False,0.04553419164022411,0.4251191110643917,0.6558753428614019,1.6435540986148445,-0.4845032618521226
resnet18,1.0,17,temperature,1.0,chexpert,cardiomegaly,female,8564,877,7687,0.10240541802895843,0.7724010639176836,0.3145924048591852,0.0906076322807231,0.38198913867521106,0.07774569474716035,0.07774569474716034,0.7354618015963512,0.6609860803954729,0.1984004921562596,0.9563335215509129,0.3125,0.011398597841683646,645,5081,2606,232,False,0.09801161569081003,0.07554189733432948,0.44301926874975694,0.599808615266904,1.8394301871356744
resnet18,1.0,17,temperature,1.0,chexpert,cardiomegaly,male,10691,1157,9534,0.10822186886165934,0.7851566218269184,0.34451319397014885,0.09524884268317248,0.40570381481762435,0.08484330170706395,0.08462650197461256,0.7139152981849611,0.7012796307950493,0.22482308111050625,0.9528288442354282,0.3419581867108259,0.011398597841683646,826,6686,2848,331,False,0.1035448365914991,0.08011982230514925,0.5713977211047677,0.5932097694592322,2.016984384850788
resnet18,1.0,17,temperature,1.0,chexpert,cardiomegaly,PA,4366,368,3998,0.0842876775080165,0.7947516557191638,0.34333690597053257,0.07509947313458976,0.35046844736468735,0.06896221044396278,0.06862604285521061,0.625,0.8161580790395198,0.23834196891191708,0.9594236989120847,0.34508627156789196,0.011398597841683646,230,3263,735,138,False,0.08077611187461328,0.07027620676810031,0.6119244261258456,0.5843770321972224,2.275978096012555
resnet18,1.0,17,temperature,1.0,chexpert,cardiomegaly,AP,14889,1666,13223,0.11189468735307946,0.772232692517376,0.3290691627234228,0.09848779906456381,0.4082604088008264,0.08537966112839446,0.0853606527852384,0.7448979591836735,0.6431218331694775,0.20822147651006712,0.9524022846903348,0.3254655127196433,0.011398597841683646,1241,8504,4719,425,False,0.10703880853860248,0.07988700164720941,0.518491473279102,0.605988145739996,1.870919224850366
resnet18,1.0,17,temperature,1.0,chexpert,cardiomegaly,age18_44,4062,251,3811,0.06179222058099458,0.7970578980326398,0.2883778808240942,0.05468798998358874,0.25048759072033905,0.045061939955046516,0.04506193995504651,0.6772908366533864,0.7772238257675151,0.16683022571148184,0.9733815313835031,0.2677165354330709,0.011398597841683646,170,2962,849,81,False,0.05937606294110433,0.07895560475550112,0.14021913500651392,0.581777793214017,1.6590348066479872
resnet18,1.0,17,temperature,1.0,chexpert,cardiomegaly,age45_64,6646,561,6085,0.08441167619620825,0.784930361178609,0.3046649613026574,0.07477566349592545,0.3228325885829166,0.06355696787809142,0.06351873491888423,0.7272727272727273,0.7107641741988496,0.1881918819188192,0.9658329611433676,0.29901062660315136,0.011398597841683646,408,4325,1760,153,False,0.08089407249233281,0.07563482475168093,0.4075136816007562,0.6141666526620947,1.7774229187715
resnet18,1.0,17,temperature,1.0,chexpert,cardiomegaly,age65_100,8547,1222,7325,0.142974142974143,0.7499807287331796,0.35777153599017836,0.12579471920798543,0.5201484135488065,0.11294828010494451,0.1129482801049445,0.7307692307692307,0.6116040955631399,0.23889780631353666,0.9315866084425036,0.36008064516129035,0.011398597841683646,893,4480,2845,329,False,0.13660486150988704,0.0791343893798333,0.5847397151397458,0.5654388666653912,2.0955116167557324
resnet18,1.0,17,temperature,1.0,chexpert,pleural_effusion,female,8432,2583,5849,0.30633301707779886,0.8442440998183277,0.716933641256265,0.18021380922997757,0.5343273169305823,0.14937732330080722,0.1493773233008072,0.9527680991095625,0.4147717558557018,0.4182528891910265,0.9521193092621664,0.5813156962324318,0.057135927816705255,2461,2426,3423,122,False,0.2497442422757069,0.27840655068624454,1.7080419371978843,1.388337689012007,1.0679174487014087
resnet18,1.0,17,temperature,1.0,chexpert,pleural_effusion,male,10501,3059,7442,0.2913055899438149,0.8397952337347582,0.6943903691319613,0.17648458217251678,0.5255853204606405,0.1421266384325661,0.14212663843256612,0.9421379535796012,0.42555764579414135,0.4026826882772111,0.9470693779904307,0.5642129992169146,0.057135927816705255,2882,3167,4275,177,False,0.23812285563224553,0.2588507234892322,1.6553767051317134,1.369694446802848,1.0385443581717972
resnet18,1.0,17,temperature,1.0,chexpert,pleural_effusion,PA,4254,829,3425,0.19487541137752704,0.8751409225784297,0.7315064467832252,0.11368628910016407,0.3643231667075784,0.07980248048400072,0.08014021262811961,0.9119420989143546,0.5512408759124088,0.3296990841692106,0.9627740948495666,0.484304932735426,0.057135927816705255,756,1888,1537,73,False,0.16354905273004827,0.30487956241597414,1.7675592762089374,1.544333305411517,0.7789493053929204
resnet18,1.0,17,temperature,1.0,chexpert,pleural_effusion,AP,14679,4813,9866,0.3278833708018257,0.825478258866189,0.6979163964351867,0.19682580305120728,0.5773410065632413,0.16435327122241597,0.16435327122241597,0.9530438396010804,0.37553213054936146,0.4267770748046148,0.9425082676163826,0.5895508000771159,0.057135927816705255,4587,3705,6161,226,False,0.2664101020198477,0.26119241891006206,1.6372865391180953,1.3250234740342905,1.1104200509482012
resnet18,1.0,17,temperature,1.0,chexpert,pleural_effusion,age18_44,3985,697,3288,0.17490589711417817,0.8527762360062415,0.6022232203692174,0.11546034274861947,0.367646963584913,0.07536100350347048,0.07585630762173275,0.8938307030129125,0.6070559610705596,0.3253263707571802,0.9642512077294686,0.4770290964777948,0.057135927816705255,623,1996,1292,74,False,0.14810572738450944,0.22041946123485567,1.3513447030371957,1.2938898173973419,0.7903704520016047
resnet18,1.0,17,temperature,1.0,chexpert,pleural_effusion,age45_64,6503,1856,4647,0.28540673535291405,0.8510431855368313,0.7101038111354164,0.17175609700518224,0.5128768941064128,0.1415991891349968,0.1415991891349968,0.9380387931034483,0.4542715730578868,0.40706102408230066,0.9483378256963163,0.5677482471873472,0.057135927816705255,1741,2111,2536,115,False,0.2335610055335426,0.26461997963732997,1.8033585640871257,1.426746891350964,1.0663218443729607
resnet18,1.0,17,temperature,1.0,chexpert,pleural_effusion,age65_100,8445,3089,5356,0.36577856719952634,0.8135746503227259,0.7232718546414147,0.21264512399559748,0.6186273291007668,0.18127747712807213,0.1812774771280721,0.9643897701521528,0.27744585511575803,0.43495400788436267,0.931077694235589,0.5995170054336889,0.057135927816705255,2979,1486,3870,110,False,0.29571616521623123,0.2809147790750336,1.6698682752031737,1.356404482570222,1.1224025094654426
resnet18,1.0,17,temperature,1.0,nih,cardiomegaly,female,9358,286,9072,0.030562085915793975,0.8842473113306446,0.26447483174799286,0.025539830129532086,0.10035423026031304,0.005996149500154096,0.007037520477587093,0.9125874125874126,0.6477072310405644,0.07549898756146949,0.995763429927131,0.13946032594175795,0.011398597841683646,261,5876,3196,25,False,0.029666668186265496,0.13910689366337314,-0.43688132861339296,0.8417481700889642,-0.09066965916226907
resnet18,1.0,17,temperature,1.0,nih,cardiomegaly,male,11971,211,11760,0.017625929329212264,0.8829510832769125,0.17758465862571116,0.015955728276104923,0.0681211077587072,0.004888138536529035,0.004943982198460439,0.8909952606635071,0.7117346938775511,0.05254332029066518,0.9972596211128322,0.09923462655054104,0.011398597841683646,188,8370,3390,23,False,0.017360432982309947,0.08091415160188686,-0.6083558434677504,0.8459463809804566,-0.2127884526778645
resnet18,1.0,17,temperature,1.0,nih,cardiomegaly,PA,12801,294,12507,0.022966955706585423,0.9224069895008455,0.27675919724410986,0.018926745083562173,0.07366828490293166,0.005730901720281946,0.004840925876878803,0.9115646258503401,0.7884384744543056,0.09196980096087852,0.997370284211591,0.16708229426433915,0.011398597841683646,268,9861,2646,26,False,0.0224413800464992,0.15661402978135042,-0.2803884521542597,0.8508289220874483,0.05993788513054268
resnet18,1.0,17,temperature,1.0,nih,cardiomegaly,AP,8528,203,8325,0.02380393996247655,0.824575807334428,0.16112912710382807,0.02201295611289094,0.09516474586222622,0.008961268710378669,0.011036024678905638,0.8916256157635468,0.5267267267267267,0.04392137830623635,0.9950079419105968,0.08371877890841813,0.011398597841683646,181,4385,3940,22,False,0.02323760766217972,0.052701274894229266,-0.8072582829054564,0.822988571648081,-0.36759832055889796
resnet18,1.0,17,temperature,1.0,nih,cardiomegaly,age18_44,8513,178,8335,0.020909197697638906,0.8884802814717956,0.1992157007944383,0.01863415510978997,0.07657954534239486,0.005606842802080128,0.0072596251764585505,0.9101123595505618,0.6901019796040792,0.05901639344262295,0.9972260748959778,0.1108450222374273,0.011398597841683646,162,5752,2583,16,False,0.020483823806248812,0.09029899465814484,-0.6528324678753694,0.8340299195172617,-0.273228531997228
resnet18,1.0,17,temperature,1.0,nih,cardiomegaly,age45_64,9808,238,9570,0.02426590538336052,0.8911031497238395,0.25428271996767143,0.020475720218779095,0.08297758193026342,0.00636552078861052,0.005499166868595686,0.9159663865546218,0.684012539184953,0.06724244293645898,0.9969540054827901,0.12528735632183907,0.011398597841683646,218,6546,3024,20,False,0.023677077846963157,0.13520915245014797,-0.3952599370289523,0.8740034194694294,-0.0971193724431056
resnet18,1.0,17,temperature,1.0,nih,cardiomegaly,age65_100,3008,81,2927,0.0269281914893617,0.8659120913419969,0.21747583866820508,0.023453898666883608,0.09601957270068558,0.007320100673777772,0.00637291721424988,0.8518518518518519,0.6655278442090878,0.06583969465648855,0.9938775510204082,0.12223206377325066,0.011398597841683646,69,1948,979,12,True,0.026209724911135008,0.10514518002745643,-0.4039749102438054,0.8331917933746825,0.017464765230546377
resnet18,1.0,17,temperature,1.0,nih,pleural_effusion,female,9358,1069,8289,0.11423381064329985,0.8699258916180572,0.49347823395406604,0.07511535390603176,0.25077909356504396,0.006498444111689973,0.007505225094434279,0.921421889616464,0.6068283266980335,0.2320923656927427,0.9835745013687915,0.37078863165819687,0.057135927816705255,985,5030,3259,84,False,0.10118526860889815,0.2576453574841212,-0.0050777058764077156,1.0473678312182437,-0.06554935563671142
resnet18,1.0,17,temperature,1.0,nih,pleural_effusion,male,11971,1467,10504,0.1225461532035753,0.8732333474026969,0.503257646210048,0.07863942032953533,0.2598392992137618,0.008652538267576237,0.008604128058163227,0.9216087252897068,0.616051028179741,0.2510677808727948,0.9825387184937747,0.39462930531231755,0.057135927816705255,1352,6471,4033,115,False,0.10761357772293144,0.2692425807828336,0.08438653377035886,1.0624452836037952,0.0042103256655290485
resnet18,1.0,17,temperature,1.0,nih,pleural_effusion,PA,12801,1189,11612,0.09288336848683697,0.8916467390973695,0.5129983864109219,0.05887515867868895,0.20330027014425023,0.00564558860126018,0.005344914354535221,0.8746846089150546,0.7416465725111954,0.25742574257425743,0.9829928090400639,0.3977816026008797,0.057135927816705255,1040,8612,3000,149,False,0.08467400948936504,0.30468441220934983,0.06771902505174313,1.0216482957992155,0.03491682946211146
resnet18,1.0,17,temperature,1.0,nih,pleural_effusion,AP,8528,1347,7181,0.15795028142589118,0.8315958852482015,0.48696091227438965,0.10443961964957967,0.3347655077806141,0.014959139166326924,0.01598629800966886,0.9628804751299184,0.40231165575825095,0.2320629808552514,0.982987410683906,0.3739907727797001,0.057135927816705255,1297,2889,4292,50,False,0.13499318563437138,0.22633413561737814,0.08203668145294932,1.1406873963115642,-0.07410020104310285
resnet18,1.0,17,temperature,1.0,nih,pleural_effusion,age18_44,8513,843,7670,0.09902502055679549,0.8652336675528666,0.4329042642657897,0.06935403670550408,0.23408140289669532,0.008167910990620473,0.009780150275661554,0.9015421115065243,0.658148631029987,0.2247191011235955,0.9838238160202689,0.35976331360946745,0.057135927816705255,760,5048,2622,83,False,0.08942362582077229,0.22443273722195944,-0.11519970094245922,0.9730535101407368,-0.07818568054656229
resnet18,1.0,17,temperature,1.0,nih,pleural_effusion,age45_64,9808,1231,8577,0.12550978792822187,0.8792841111441658,0.5329500770652341,0.07818034437363036,0.25816914829497495,0.012039686738082263,0.012350328132592655,0.9293257514216084,0.608487816252769,0.25410928476232786,0.9836034677723332,0.39909297052154197,0.057135927816705255,1144,5219,3358,87,False,0.1099054900175662,0.28865842496917304,0.15301294426307907,1.1116742708749847,0.011758688376006535
resnet18,1.0,17,temperature,1.0,nih,pleural_effusion,age65_100,3008,462,2546,0.1535904255319149,0.8560487038491752,0.5287943447367163,0.0954515460528556,0.3099963494457923,0.01430889422998899,0.017418193661380914,0.9372294372294372,0.4846818538884525,0.2481375358166189,0.9770387965162312,0.3923878568192116,0.057135927816705255,433,1234,1312,29,False,0.13162151258602303,0.27480284812505906,0.07455174192657087,1.0843092686589495,-0.02261969873636545
resnet18,1.0,17,temperature,1.0,vinbig,cardiomegaly,PA,14998,1817,13181,0.12114948659821309,0.8683891361947287,0.4979519878646569,0.09924442365731245,0.37315276325614793,0.0918630068000524,0.0918682560227897,0.8514034122179417,0.7169410515135423,0.29310344827586204,0.9722222222222222,0.4360817477096547,0.011398597841683646,1547,9450,3731,270,False,0.11584294874158528,0.14328472526454505,1.4414890015608228,0.8210553603326811,2.024539353201825
resnet18,1.0,17,temperature,1.0,vinbig,pleural_effusion,PA,14998,634,14364,0.04227230297372983,0.8991201167130937,0.6265565726062475,0.02770062961629126,0.12431965528179886,0.04848758184139273,0.04194050822585184,0.9053627760252366,0.6044973544973545,0.09176658673061551,0.9931373670364864,0.1666424735084918,0.057135927816705255,574,8683,5681,60,False,0.04553419164022411,0.39165210540773043,0.6559201149869468,1.8652386778718524,-0.7261971630517728
resnet18,1.0,43,raw,1.0,chexpert,cardiomegaly,female,8564,877,7687,0.10240541802895843,0.7708058697331261,0.31986198341996785,0.09069939613655639,0.3766375341856062,0.07823099049205552,0.07807689341726348,0.7480045610034207,0.6552621308703005,0.1984271022383545,0.9579688094332446,0.31365049007889073,0.012147170099805137,656,5037,2650,221,False,0.09801161569081003,0.0746056424303927,0.6431988690630553,0.665048499965404,1.821760372274234
resnet18,1.0,43,raw,1.0,chexpert,cardiomegaly,male,10691,1157,9534,0.10822186886165934,0.7840122391426653,0.34769507643619113,0.09526527807172479,0.4000285105538202,0.0846278311400625,0.08450085462258705,0.7242869490060502,0.698447661002727,0.2256935092916779,0.9542848953854973,0.34414784394250514,0.012147170099805137,838,6659,2875,319,False,0.1035448365914991,0.0799610950417402,0.7335686608356525,0.6478711529600251,1.9980748072213201
resnet18,1.0,43,raw,1.0,chexpert,cardiomegaly,PA,4366,368,3998,0.0842876775080165,0.8090308741327186,0.34891341769334683,0.07222657936379161,0.3028936105605682,0.06071241688362088,0.06070011712713773,0.7472826086956522,0.724112056028014,0.1995645863570392,0.9688755020080321,0.3150057273768614,0.012147170099805137,275,2895,1103,93,False,0.08077611187461328,0.10584233769623497,0.5859602410299922,0.6762834627642141,1.6963047931348265
resnet18,1.0,43,raw,1.0,chexpert,cardiomegaly,AP,14889,1666,13223,0.11189468735307946,0.768034620639453,0.3321165969949079,0.09939481972435787,0.41505777052783827,0.08787374088031151,0.0877851058243293,0.7316926770708283,0.6655826968161537,0.21609643680198545,0.9516652249134948,0.33365266183112086,0.012147170099805137,1219,8801,4422,447,False,0.10703880853860248,0.07141324645339153,0.709681660367865,0.648360032789462,1.9694421527985988
resnet18,1.0,43,raw,1.0,chexpert,cardiomegaly,age18_44,4062,251,3811,0.06179222058099458,0.8163415610713797,0.3348766439343684,0.05284944542266616,0.22511304440447208,0.0419817900490844,0.04184922150792067,0.749003984063745,0.7357648911046969,0.15732217573221757,0.9780258109522149,0.2600276625172891,0.012147170099805137,188,2804,1007,63,False,0.05937606294110433,0.10992001145161778,0.5147572796377441,0.7305161384746873,1.4378661859712618
resnet18,1.0,43,raw,1.0,chexpert,cardiomegaly,age45_64,6646,561,6085,0.08441167619620825,0.7842183739858833,0.29776415184816746,0.07473733312665429,0.316953030133584,0.06296446908950418,0.06259856004373761,0.7379679144385026,0.7071487263763353,0.1885245901639344,0.9669662921348314,0.3003264417845484,0.012147170099805137,414,4303,1782,147,False,0.08089407249233281,0.07610865884224172,0.5124278420810635,0.6582696256535101,1.7238897562377729
resnet18,1.0,43,raw,1.0,chexpert,cardiomegaly,age65_100,8547,1222,7325,0.142974142974143,0.7492403210760629,0.363173944471962,0.1268108053248701,0.5243184303799765,0.11551974628854424,0.11536534271436394,0.7299509001636661,0.6264846416382253,0.24586549062844543,0.9329131937385647,0.36783505154639173,0.012147170099805137,892,4589,2736,330,False,0.13660486150988704,0.07169624914343242,0.7780409497022464,0.6140747954573602,2.161160379017689
resnet18,1.0,43,raw,1.0,chexpert,pleural_effusion,female,8432,2583,5849,0.30633301707779886,0.8544465976130343,0.7260580338022442,0.1799890159050744,0.5424659755389906,0.1617836463741274,0.16178364637412737,0.9500580720092915,0.45751410497520945,0.436111604762751,0.9540106951871657,0.5978075517661389,0.03912164687533285,2454,2676,3173,129,False,0.2497442422757069,0.27930664480995615,1.559072741592743,1.1624259808452944,1.2717192336065934
resnet18,1.0,43,raw,1.0,chexpert,pleural_effusion,male,10501,3059,7442,0.2913055899438149,0.8503660299340947,0.7056770272504889,0.1783545757818383,0.5385269116069683,0.15862798308626047,0.15862798308626047,0.9496567505720824,0.4672131147540984,0.4228529839883552,0.9575874414761774,0.5851545976432672,0.03912164687533285,2905,3477,3965,154,False,0.23812285563224553,0.25099766123547895,1.5871599723272043,1.164093934396916,1.2850905847394491
resnet18,1.0,43,raw,1.0,chexpert,pleural_effusion,PA,4254,829,3425,0.19487541137752704,0.8765398466184745,0.7282554909808071,0.11914269857545103,0.39166302814102977,0.10494177904639579,0.1049417790463958,0.887816646562123,0.6359124087591241,0.37115481593545135,0.9590488771466315,0.5234708392603129,0.03912164687533285,736,2178,1247,93,False,0.16354905273004827,0.2715170367137114,1.643776385284237,1.204035605872569,1.207311627424482
resnet18,1.0,43,raw,1.0,chexpert,pleural_effusion,AP,14679,4813,9866,0.3278833708018257,0.8374251748834339,0.7112964537065833,0.19645314685310322,0.5833510241036585,0.17599903457674884,0.1759990345767488,0.9605235819655101,0.40289884451652136,0.43969944835457486,0.9543817527010804,0.6032491681346643,0.03912164687533285,4623,3975,5891,190,False,0.2664101020198477,0.26259122546911773,1.557049012585537,1.1512796206460294,1.293511615643312
resnet18,1.0,43,raw,1.0,chexpert,pleural_effusion,age18_44,3985,697,3288,0.17490589711417817,0.8604505492779273,0.6078403779492026,0.11825589094382165,0.3864411460077697,0.09490398560388182,0.09490398560388182,0.8809182209469153,0.6687956204379562,0.360540223135643,0.9636283961437335,0.5116666666666667,0.03912164687533285,614,2199,1089,83,False,0.14810572738450944,0.20154410614514717,1.2382932635075368,1.0350101668632399,1.1625655537504245
resnet18,1.0,43,raw,1.0,chexpert,pleural_effusion,age45_64,6503,1856,4647,0.28540673535291405,0.8612751529537039,0.7138694447887164,0.17349470732629071,0.5256155412946986,0.1570086815588508,0.15700868155885078,0.9412715517241379,0.5031202926619325,0.4307199211045365,0.9554556599918267,0.5910013531799729,0.03912164687533285,1747,2338,2309,109,False,0.2335610055335426,0.2571760558661643,1.6703233977911822,1.1839180590114882,1.3208923191786186
resnet18,1.0,43,raw,1.0,chexpert,pleural_effusion,age65_100,8445,3089,5356,0.36577856719952634,0.8260257796401551,0.7376430035869717,0.21208797812228225,0.6241679541325229,0.19309559713520275,0.1930955971352028,0.9705406280349628,0.3017176997759522,0.44493915108340754,0.9466900995899239,0.6101556934975069,0.03912164687533285,2998,1616,3740,91,False,0.29571616521623123,0.2827988352709736,1.6216917335599308,1.2029511740841972,1.2857764292044396
resnet18,1.0,43,raw,1.0,nih,cardiomegaly,female,9358,286,9072,0.030562085915793975,0.8810770633687302,0.26482641126003237,0.025575067552404997,0.10081296654783606,0.005467308244162053,0.0054040929624645665,0.9090909090909091,0.6364638447971781,0.07307476110174255,0.9955172413793103,0.13527575442247658,0.012147170099805137,260,5774,3298,26,False,0.029666668186265496,0.13791911542512714,-0.37322325824800323,0.8627615200515932,-0.061185556637032956
resnet18,1.0,43,raw,1.0,nih,cardiomegaly,male,11971,211,11760,0.017625929329212264,0.8827318486636361,0.18880300060522337,0.015702914098718726,0.06729723306194249,0.003991927399200268,0.003945444429211455,0.8530805687203792,0.7231292517006803,0.05238649592549476,0.9963678968951377,0.09871126953660543,0.012147170099805137,180,8504,3256,31,False,0.017360432982309947,0.09547681704023225,-0.466904862996568,0.8685439907147844,-0.11511150214251323
resnet18,1.0,43,raw,1.0,nih,cardiomegaly,PA,12801,294,12507,0.022966955706585423,0.9261521031215717,0.28007666587133345,0.01891840023666767,0.07251588597545192,0.0049870006483569,0.004745907128884388,0.9149659863945578,0.7726073398896618,0.08641182139415354,0.9974194880264244,0.15791018491341355,0.012147170099805137,269,9663,2844,25,False,0.0224413800464992,0.15698588066027186,-0.276104949871216,0.8881611159044287,-0.029928127838081322
resnet18,1.0,43,raw,1.0,nih,cardiomegaly,AP,8528,203,8325,0.02380393996247655,0.7998245536176571,0.16381990353873035,0.021709266580861274,0.09624144718191878,0.0049344291414665006,0.008880089576008592,0.8423645320197044,0.5543543543543543,0.044060809069827366,0.9931138368840112,0.08374142997061704,0.012147170099805137,171,4615,3710,32,False,0.02323760766217972,0.06577015601334435,-0.697293663086093,0.8040115228875266,-0.15192883991914127
resnet18,1.0,43,raw,1.0,nih,cardiomegaly,age18_44,8513,178,8335,0.020909197697638906,0.9026664330055336,0.24294798855980781,0.017865260039607506,0.07248216187918265,0.0049516743820582415,0.0054780016917155986,0.9101123595505618,0.6911817636472706,0.05921052631578947,0.9972303963995153,0.11118737131091283,0.012147170099805137,162,5761,2574,16,False,0.020483823806248812,0.12783569080703017,-0.34492341237242935,0.9441325413187553,-0.21547448724564405
resnet18,1.0,43,raw,1.0,nih,cardiomegaly,age45_64,9808,238,9570,0.02426590538336052,0.8856080363179755,0.22721280123563156,0.020949483552603725,0.08493911600254572,0.005026875138955427,0.004930530452675957,0.8907563025210085,0.6916405433646813,0.06702497628833386,0.9960872836719338,0.1246692149367833,0.012147170099805137,212,6619,2951,26,False,0.023677077846963157,0.11519978571634748,-0.38874037255268673,0.8500781266369087,-0.013325190687869174
resnet18,1.0,43,raw,1.0,nih,cardiomegaly,age65_100,3008,81,2927,0.0269281914893617,0.8377620873350289,0.2436338518766571,0.023188687975416143,0.09936815961060934,0.008391323064602928,0.006920622376873265,0.8148148148148148,0.6484455073454048,0.06027397260273973,0.9921589127025614,0.11224489795918367,0.012147170099805137,66,1898,1029,15,True,0.026209724911135008,0.11526396961287444,-0.5391392720941326,0.7859452630450326,0.0216840630000829
resnet18,1.0,43,raw,1.0,nih,pleural_effusion,female,9358,1069,8289,0.11423381064329985,0.8713682327870144,0.4851915953317215,0.07571944497195801,0.2521164861297334,0.013999112746505754,0.014009050385435321,0.9270346117867165,0.6010375196042949,0.23057235923685435,0.9845849802371541,0.3692938326811999,0.03912164687533285,991,4982,3307,78,False,0.10118526860889815,0.25167520911933117,-0.21937881933160522,0.8808765167441297,-0.08511012685690272
resnet18,1.0,43,raw,1.0,nih,pleural_effusion,male,11971,1467,10504,0.1225461532035753,0.875078491213916,0.5062940652249982,0.07841722011901754,0.2594538842632162,0.009114400741612048,0.011066243288215021,0.9216087252897068,0.6192878903274943,0.2526630536348346,0.9826283987915407,0.39659724259313583,0.03912164687533285,1352,6505,3999,115,False,0.10761357772293144,0.27130737795080695,-0.0950271570496543,0.8825086763753685,0.04399461958932657
resnet18,1.0,43,raw,1.0,nih,pleural_effusion,PA,12801,1189,11612,0.09288336848683697,0.8934288490170111,0.5104759261137332,0.059104975289537745,0.2051168251794661,0.010510072772020948,0.009007276296488856,0.8814129520605551,0.7384602135721667,0.2565483476132191,0.9838228545204222,0.39742131209708004,0.03912164687533285,1048,8575,3037,141,False,0.08467400948936504,0.30197027817654887,-0.03865301271535602,0.8641213272539623,0.1576252689158982
resnet18,1.0,43,raw,1.0,nih,pleural_effusion,AP,8528,1347,7181,0.15795028142589118,0.8345263686125445,0.4830577409609194,0.10444562844875348,0.33296529627048094,0.01683981827133806,0.02011137579954525,0.961395694135115,0.4055145522907673,0.23274622573687995,0.9824561403508771,0.37476486760237304,0.03912164687533285,1295,2912,4269,52,False,0.13499318563437138,0.22628962374705242,-0.19329372711762668,0.9462035808172122,-0.1417019072834449
resnet18,1.0,43,raw,1.0,nih,pleural_effusion,age18_44,8513,843,7670,0.09902502055679549,0.871095036816733,0.43970069156923053,0.06934253622218664,0.23297648410937924,0.015464370674086465,0.014753719535839187,0.9074733096085409,0.6547588005215124,0.22414298271315558,0.9847058823529412,0.35949248120300753,0.03912164687533285,765,5022,2648,78,False,0.08942362582077229,0.22456134398792182,-0.2831041070971463,0.8180046761450378,-0.05620230290402722
resnet18,1.0,43,raw,1.0,nih,pleural_effusion,age45_64,9808,1231,8577,0.12550978792822187,0.8804729877109799,0.5333068695762926,0.07775232718827624,0.25760786979735645,0.008432852997997597,0.007962060414714787,0.9268887083671812,0.6158330418561269,0.2572137060414788,0.9832464631422189,0.4026821951649903,0.03912164687533285,1141,5282,3295,90,False,0.1099054900175662,0.29255283629735795,-0.06310500589673328,0.9219722598766269,0.025172893570918353
resnet18,1.0,43,raw,1.0,nih,pleural_effusion,age65_100,3008,462,2546,0.1535904255319149,0.8486616813403931,0.5015740698488169,0.09787475803532374,0.31758036220790853,0.01354994693804456,0.013208023461242032,0.9458874458874459,0.46465043205027495,0.2427777777777778,0.9793046357615894,0.3863837312113174,0.03912164687533285,437,1183,1363,25,False,0.13162151258602303,0.25639239276059556,-0.12779349611375793,0.9047222915545232,-0.02628426304730542
resnet18,1.0,43,raw,1.0,vinbig,cardiomegaly,PA,14998,1817,13181,0.12114948659821309,0.8728719358349941,0.5139386672120124,0.09508882237725796,0.3355920255565501,0.08362092226042837,0.08368784328831261,0.9124931205283434,0.6379637356801456,0.2578538102643857,0.9814425770308123,0.40208560688735295,0.012147170099805137,1658,8409,4772,159,False,0.11584294874158528,0.17915744194861816,1.4435189284810082,0.9341661747020925,1.6331005946346988
resnet18,1.0,43,raw,1.0,vinbig,pleural_effusion,PA,14998,634,14364,0.04227230297372983,0.893839598119027,0.5171063366474837,0.030327082467289802,0.12475377575789401,0.035197798660135775,0.029688482286730374,0.9132492113564669,0.5967000835421888,0.0908662900188324,0.9936239276605611,0.1652868969454753,0.03912164687533285,579,8571,5793,55,False,0.04553419164022411,0.3339712120748535,-0.13739370650415353,1.3655586451425337,-0.6747924487868109
resnet18,1.0,43,temperature,1.0,chexpert,cardiomegaly,female,8564,877,7687,0.10240541802895843,0.7708058697331261,0.31986198341996785,0.09062033958732196,0.3752024492857915,0.0779414907320042,0.0777875666166852,0.7480045610034207,0.6552621308703005,0.1984271022383545,0.9579688094332446,0.31365049007889073,0.012412694518306927,656,5037,2650,221,False,0.09801161569081003,0.07541224630767007,0.6432070255151006,0.668376075928914,1.804925992962733
resnet18,1.0,43,temperature,1.0,chexpert,cardiomegaly,male,10691,1157,9534,0.10822186886165934,0.7840122391426653,0.34769507643619113,0.09518171499694228,0.3984507658530831,0.08436261465865802,0.08423579011643734,0.7242869490060502,0.698447661002727,0.2256935092916779,0.9542848953854973,0.34414784394250514,0.012412694518306927,838,6659,2875,319,False,0.1035448365914991,0.08076811813949425,0.7335744760060836,0.6511123022482072,1.980946672549061
resnet18,1.0,43,temperature,1.0,chexpert,cardiomegaly,PA,4366,368,3998,0.0842876775080165,0.8090308741327186,0.34891341769334683,0.07216531556818281,0.30177866514539603,0.06046669751419878,0.0604554982568173,0.7472826086956522,0.724112056028014,0.1995645863570392,0.9688755020080321,0.3150057273768614,0.012412694518306927,275,2895,1103,93,False,0.08077611187461328,0.10660077721736338,0.5859561424306178,0.6796656088212631,1.6800457679129677
resnet18,1.0,43,temperature,1.0,chexpert,cardiomegaly,AP,14889,1666,13223,0.11189468735307946,0.768034620639453,0.3321165969949079,0.09930730979162126,0.4134263725833857,0.08758862605779108,0.08750009048632275,0.7316926770708283,0.6655826968161537,0.21609643680198545,0.9516652249134948,0.33365266183112086,0.012412694518306927,1219,8801,4422,447,False,0.10703880853860248,0.07223079976822544,0.7096710424500304,0.6516029046338871,1.9523038722872337
resnet18,1.0,43,temperature,1.0,chexpert,cardiomegaly,age18_44,4062,251,3811,0.06179222058099458,0.8163415610713797,0.3348766439343684,0.0528088051493282,0.22434259002805176,0.04175563979544545,0.04162251741951272,0.749003984063745,0.7357648911046969,0.15732217573221757,0.9780258109522149,0.2600276625172891,0.012412694518306927,188,2804,1007,63,False,0.05937606294110433,0.11060446695986303,0.5147554522047743,0.7341702410737513,1.421532905740213
resnet18,1.0,43,temperature,1.0,chexpert,cardiomegaly,age45_64,6646,561,6085,0.08441167619620825,0.7842183739858833,0.29776415184816746,0.07467541054996552,0.3157656271400913,0.06270946411881682,0.062343855005870044,0.7379679144385026,0.7071487263763353,0.1885245901639344,0.9669662921348314,0.3003264417845484,0.012412694518306927,414,4303,1782,147,False,0.08089407249233281,0.07687413614831551,0.5124276764555206,0.6615623958963566,1.707064057990739
resnet18,1.0,43,temperature,1.0,chexpert,cardiomegaly,age65_100,8547,1222,7325,0.142974142974143,0.7492403210760629,0.363173944471962,0.12669453120703092,0.5221964379024028,0.11520391162239883,0.11504968135170832,0.7299509001636661,0.6264846416382253,0.24586549062844543,0.9329131937385647,0.36783505154639173,0.012412694518306927,892,4589,2736,330,False,0.13660486150988704,0.07254742029908534,0.7780422403031608,0.6171468989722209,2.143969609569363
resnet18,1.0,43,temperature,1.0,chexpert,pleural_effusion,female,8432,2583,5849,0.30633301707779886,0.8544465976130343,0.7260580338022442,0.17475641662297017,0.5198324909234463,0.1462953695284592,0.14629536952845917,0.9500580720092915,0.45751410497520945,0.436111604762751,0.9540106951871657,0.5978075517661389,0.05487353014779179,2454,2676,3173,129,False,0.2497442422757069,0.3002584763093493,1.5589293478926702,1.307287507657153,1.070654376302896
resnet18,1.0,43,temperature,1.0,chexpert,pleural_effusion,male,10501,3059,7442,0.2913055899438149,0.8503660299340947,0.7056770272504889,0.17290546629611248,0.5148537678365525,0.14284316449647216,0.1428431644964722,0.9496567505720824,0.4672131147540984,0.4228529839883552,0.9575874414761774,0.5851545976432672,0.05487353014779179,2905,3477,3965,154,False,0.23812285563224553,0.2738812667224776,1.5873851271099229,1.3093465493441732,1.0758181252908732
resnet18,1.0,43,temperature,1.0,chexpert,pleural_effusion,PA,4254,829,3425,0.19487541137752704,0.8765398466184745,0.7282554909808071,0.11610885572665128,0.3746486075458988,0.09193453734824159,0.09193453734824159,0.887816646562123,0.6359124087591241,0.37115481593545135,0.9590488771466315,0.5234708392603129,0.05487353014779179,736,2178,1247,93,False,0.16354905273004827,0.29006708514356916,1.6439333360652866,1.3542128011603876,0.9623557856904262
resnet18,1.0,43,temperature,1.0,chexpert,pleural_effusion,AP,14679,4813,9866,0.3278833708018257,0.8374251748834339,0.7112964537065833,0.1904284579521212,0.5583453779561198,0.15957961062483833,0.15957961062483836,0.9605235819655101,0.40289884451652136,0.43969944835457486,0.9543817527010804,0.6032491681346643,0.05487353014779179,4623,3975,5891,190,False,0.2664101020198477,0.28520556649937334,1.556917811118472,1.2947594824762805,1.0962363610685215
resnet18,1.0,43,temperature,1.0,chexpert,pleural_effusion,age18_44,3985,697,3288,0.17490589711417817,0.8604505492779273,0.6078403779492026,0.11507301819926989,0.36843397414630913,0.08215066034970041,0.08215066034970041,0.8809182209469153,0.6687956204379562,0.360540223135643,0.9636283961437335,0.5116666666666667,0.05487353014779179,614,2199,1089,83,False,0.14810572738450944,0.2230346507767429,1.238403329253354,1.1640786228839428,0.917543146026556
resnet18,1.0,43,temperature,1.0,chexpert,pleural_effusion,age45_64,6503,1856,4647,0.28540673535291405,0.8612751529537039,0.7138694447887164,0.16810445023549717,0.5020755240358569,0.14176351954548563,0.14176351954548563,0.9412715517241379,0.5031202926619325,0.4307199211045365,0.9554556599918267,0.5910013531799729,0.05487353014779179,1747,2338,2309,109,False,0.2335610055335426,0.280254639033248,1.6703394605927553,1.3315371921275734,1.1046084287509812
resnet18,1.0,43,temperature,1.0,chexpert,pleural_effusion,age65_100,8445,3089,5356,0.36577856719952634,0.8260257796401551,0.7376430035869717,0.20574034211188072,0.5987567151853069,0.17576081434500565,0.17576081434500562,0.9705406280349628,0.3017176997759522,0.44493915108340754,0.9466900995899239,0.6101556934975069,0.05487353014779179,2998,1616,3740,91,False,0.29571616521623123,0.30426413462571145,1.621674654889135,1.3529225498618314,1.0988449729472058
resnet18,1.0,43,temperature,1.0,nih,cardiomegaly,female,9358,286,9072,0.030562085915793975,0.8810770633687302,0.26482641126003237,0.02557748031361532,0.1007911707745306,0.005852170600433312,0.005464483172759699,0.9090909090909091,0.6364638447971781,0.07307476110174255,0.9955172413793103,0.13527575442247658,0.012412694518306927,260,5774,3298,26,False,0.029666668186265496,0.13783778639973154,-0.3741643391798369,0.86679700008902,-0.07205512798017892
resnet18,1.0,43,temperature,1.0,nih,cardiomegaly,male,11971,211,11760,0.017625929329212264,0.8827318486636361,0.18880300060522337,0.01570727786870978,0.06729863008105523,0.004152416637978794,0.003985544336533381,0.8530805687203792,0.7231292517006803,0.05238649592549476,0.9963678968951377,0.09871126953660543,0.012412694518306927,180,8504,3256,31,False,0.017360432982309947,0.09522545407045502,-0.4667086669521374,0.8729779347794203,-0.12792865933631484
resnet18,1.0,43,temperature,1.0,nih,cardiomegaly,PA,12801,294,12507,0.022966955706585423,0.9261521031215717,0.28007666587133345,0.01891825519518793,0.07249513094606357,0.005284660239402957,0.004737308932312293,0.9149659863945578,0.7726073398896618,0.08641182139415354,0.9974194880264244,0.15791018491341355,0.012412694518306927,269,9663,2844,25,False,0.0224413800464992,0.15699234378684612,-0.27665485829518316,0.8924623953895973,-0.04044147664783629
resnet18,1.0,43,temperature,1.0,nih,cardiomegaly,AP,8528,203,8325,0.02380393996247655,0.7998245536176571,0.16381990353873035,0.021718257432872454,0.09625064558721973,0.004840337346462883,0.008963804839840973,0.8423645320197044,0.5543543543543543,0.044060809069827366,0.9931138368840112,0.08374142997061704,0.012412694518306927,171,4615,3710,32,False,0.02323760766217972,0.06538324647679117,-0.697278072736798,0.8080459000221455,-0.16516304580424224
resnet18,1.0,43,temperature,1.0,nih,cardiomegaly,age18_44,8513,178,8335,0.020909197697638906,0.9026664330055336,0.24294798855980781,0.0178713101597166,0.0725199474007088,0.005737028963461491,0.005643342197029039,0.9101123595505618,0.6911817636472706,0.05921052631578947,0.9972303963995153,0.11118737131091283,0.012412694518306927,162,5761,2574,16,False,0.020483823806248812,0.12754032993269737,-0.3448490611917965,0.9488851145882623,-0.2268211168129845
resnet18,1.0,43,temperature,1.0,nih,cardiomegaly,age45_64,9808,238,9570,0.02426590538336052,0.8856080363179755,0.22721280123563156,0.020950432553981633,0.0849062195293148,0.005079511907751879,0.004958602565607826,0.8907563025210085,0.6916405433646813,0.06702497628833386,0.9960872836719338,0.1246692149367833,0.012412694518306927,212,6619,2951,26,False,0.023677077846963157,0.11515970469857817,-0.38875633060880826,0.8543232886689618,-0.025266660740527955
resnet18,1.0,43,temperature,1.0,nih,cardiomegaly,age65_100,3008,81,2927,0.0269281914893617,0.8377620873350289,0.2436338518766571,0.02319334383710694,0.09930623784661437,0.007626276948802749,0.006975158709987164,0.8148148148148148,0.6484455073454048,0.06027397260273973,0.9921589127025614,0.11224489795918367,0.012412694518306927,66,1898,1029,15,True,0.026209724911135008,0.11508633090409048,-0.5391528666027944,0.7898737363174437,0.0093911482996929
resnet18,1.0,43,temperature,1.0,nih,pleural_effusion,female,9358,1069,8289,0.11423381064329985,0.8713682327870144,0.4851915953317215,0.07612026736096521,0.25260855858340603,0.01885732624190167,0.01864921815167725,0.9270346117867165,0.6010375196042949,0.23057235923685435,0.9845849802371541,0.3692938326811999,0.05487353014779179,991,4982,3307,78,False,0.10118526860889815,0.24771393694485633,-0.21954301954227745,0.9905974459724288,-0.2095829738173578
resnet18,1.0,43,temperature,1.0,nih,pleural_effusion,male,11971,1467,10504,0.1225461532035753,0.875078491213916,0.5062940652249982,0.07851895970294104,0.25864390170091006,0.009612059222525775,0.010158949491371637,0.9216087252897068,0.6192878903274943,0.2526630536348346,0.9826283987915407,0.39659724259313583,0.05487353014779179,1352,6505,3999,115,False,0.10761357772293144,0.270361962083439,-0.09504122822499593,0.9925213206526116,-0.08678794147810825
resnet18,1.0,43,temperature,1.0,nih,pleural_effusion,PA,12801,1189,11612,0.09288336848683697,0.8934288490170111,0.5104759261137332,0.05905392083282216,0.20308724575934478,0.007439129200409647,0.008822682874838226,0.8814129520605551,0.7384602135721667,0.2565483476132191,0.9838228545204222,0.39742131209708004,0.05487353014779179,1048,8575,3037,141,False,0.08467400948936504,0.3025732312789645,-0.03875019306069379,0.9718263749192404,-0.0007492411203677807
resnet18,1.0,43,temperature,1.0,nih,pleural_effusion,AP,8528,1347,7181,0.15795028142589118,0.8345263686125445,0.4830577409609194,0.105104911818347,0.3354147755065356,0.030461026398829923,0.028187239408652795,0.961395694135115,0.4055145522907673,0.23274622573687995,0.9824561403508771,0.37476486760237304,0.05487353014779179,1295,2912,4269,52,False,0.13499318563437138,0.22140579671167016,-0.19335799242524232,1.064125256020054,-0.25022824967290286
resnet18,1.0,43,temperature,1.0,nih,pleural_effusion,age18_44,8513,843,7670,0.09902502055679549,0.871095036816733,0.43970069156923053,0.0695588222466434,0.23222123609556816,0.016881642204808114,0.017380730311085463,0.9074733096085409,0.6547588005215124,0.22414298271315558,0.9847058823529412,0.35949248120300753,0.05487353014779179,765,5022,2648,78,False,0.08942362582077229,0.22214267641018048,-0.2831027801782942,0.9199975504078006,-0.18996606276217246
resnet18,1.0,43,temperature,1.0,nih,pleural_effusion,age45_64,9808,1231,8577,0.12550978792822187,0.8804729877109799,0.5333068695762926,0.07800457979413747,0.25764540843945505,0.012138663327278467,0.01257680615132457,0.9268887083671812,0.6158330418561269,0.2572137060414788,0.9832464631422189,0.4026821951649903,0.05487353014779179,1141,5282,3295,90,False,0.1099054900175662,0.2902576588151329,-0.06317149975012697,1.036894078131401,-0.1020353831762547
resnet18,1.0,43,temperature,1.0,nih,pleural_effusion,age65_100,3008,462,2546,0.1535904255319149,0.8486616813403931,0.5015740698488169,0.0980920067025412,0.3179027558608249,0.017052625577686345,0.01839435759516449,0.9458874458874459,0.46465043205027495,0.2427777777777778,0.9793046357615894,0.3863837312113174,0.05487353014779179,437,1183,1363,25,False,0.13162151258602303,0.25474183683741036,-0.1279690942862659,1.0174220234328732,-0.14507421794212333
resnet18,1.0,43,temperature,1.0,vinbig,cardiomegaly,PA,14998,1817,13181,0.12114948659821309,0.8728719358349941,0.5139386672120124,0.09497194738882353,0.3344918400528609,0.08329201310514128,0.08336167815939494,0.9124931205283434,0.6379637356801456,0.2578538102643857,0.9814425770308123,0.40208560688735295,0.012412694518306927,1658,8409,4772,159,False,0.11584294874158528,0.18016635090426947,1.4435159344203354,0.9388426492672851,1.6188802246244747
resnet18,1.0,43,temperature,1.0,vinbig,pleural_effusion,PA,14998,634,14364,0.04227230297372983,0.893839598119027,0.5171063366474837,0.03198962835949028,0.13452827973610498,0.04883230419138384,0.042695915724171085,0.9132492113564669,0.5967000835421888,0.0908662900188324,0.9936239276605611,0.1652868969454753,0.05487353014779179,579,8571,5793,55,False,0.04553419164022411,0.297459179417359,-0.13749255781024108,1.5357261420532928,-0.8628026830041917
resnet18,1.0,101,raw,1.0,chexpert,cardiomegaly,female,8564,877,7687,0.10240541802895843,0.7521078768980014,0.29698961598312973,0.08958650366379413,0.3652384336151125,0.07094963368662857,0.07094963368662857,0.8768529076396807,0.42877585534018475,0.14903100775193798,0.9682726204465335,0.25476229915520954,0.006314364670896371,769,3296,4391,108,False,0.09801161569081003,0.08596034222712923,0.13025341932413326,0.5741071400145434,1.4836920415703772
resnet18,1.0,101,raw,1.0,chexpert,cardiomegaly,male,10691,1157,9534,0.10822186886165934,0.7723617643555276,0.33850226764655034,0.0947912381208298,0.39397114394897625,0.08146826899282351,0.08146826899282353,0.8426966292134831,0.5110132158590308,0.1729643427354976,0.96398891966759,0.28701795702090077,0.006314364670896371,975,4872,4662,182,False,0.1035448365914991,0.08453920792983272,0.3802762156773273,0.581679227332901,1.781539449760262
resnet18,1.0,101,raw,1.0,chexpert,cardiomegaly,PA,4366,368,3998,0.0842876775080165,0.8049384746721187,0.3743417545329363,0.06922975338325688,0.2909166035328158,0.0530357584076827,0.05303575840768271,0.8396739130434783,0.5680340170085042,0.15176817288801572,0.9746781115879828,0.25707154742096505,0.006314364670896371,309,2271,1727,59,False,0.08077611187461328,0.1429427367001711,0.0823476754517019,0.5820087048904201,1.3276810679404254
resnet18,1.0,101,raw,1.0,chexpert,cardiomegaly,AP,14889,1666,13223,0.11189468735307946,0.7497597087689344,0.30577142738137664,0.09929309160153299,0.4076637487013269,0.08375551114827193,0.08375551114827193,0.8613445378151261,0.44596536338198595,0.16379408743294144,0.9623041775456919,0.2752469550206195,0.006314364670896371,1435,5897,7326,231,False,0.10703880853860248,0.07236363187166905,0.30810893534473865,0.5769667656093099,1.7173193606619683
resnet18,1.0,101,raw,1.0,chexpert,cardiomegaly,age18_44,4062,251,3811,0.06179222058099458,0.7880955840767081,0.2950553019117426,0.053699464984696646,0.24258648192686003,0.041556876103164615,0.041325433888804296,0.7888446215139442,0.6273943846759381,0.12237330037082818,0.9783142389525368,0.21187800963081863,0.006314364670896371,198,2391,1420,53,False,0.05937606294110433,0.09560414879710621,-0.12540577065745404,0.5523446084424324,1.3844763535167708
resnet18,1.0,101,raw,1.0,chexpert,cardiomegaly,age45_64,6646,561,6085,0.08441167619620825,0.7711889058305028,0.2939801725334197,0.07394445198784325,0.3089513506035035,0.058000919389872604,0.05800091938987261,0.8502673796791443,0.49285127362366477,0.13387594723547572,0.9727538112228349,0.23132880698351116,0.006314364670896371,477,2999,3086,84,False,0.08089407249233281,0.08591013272509251,0.12749260779550486,0.5978070080894454,1.4343828904445124
resnet18,1.0,101,raw,1.0,chexpert,cardiomegaly,age65_100,8547,1222,7325,0.142974142974143,0.729372315289097,0.3387799117723423,0.12531530238065758,0.5032374493670925,0.10825458101943922,0.1082545810194392,0.8747954173486089,0.3792491467576792,0.19034900284900286,0.9477993858751279,0.3126645217899971,0.006314364670896371,1069,2778,4547,153,False,0.13660486150988704,0.0826439045027132,0.3561022600999433,0.5473903224652785,1.827229062898721
resnet18,1.0,101,raw,1.0,chexpert,pleural_effusion,female,8432,2583,5849,0.30633301707779886,0.8449890379029819,0.7032135027222606,0.18577729926334977,0.5575835802871928,0.16563974430797598,0.16563974430797596,0.9523809523809523,0.4272525217985981,0.423407917383821,0.9530892448512586,0.5862027880376505,0.037047168669075196,2460,2499,3350,123,False,0.2497442422757069,0.2561298007492817,1.5291436796058553,1.1327982474812324,1.2915194197092836
resnet18,1.0,101,raw,1.0,chexpert,pleural_effusion,male,10501,3059,7442,0.2913055899438149,0.8464601570879747,0.6959288636700839,0.1826983973748808,0.5548034032018591,0.16554349872800936,0.1655434987280094,0.9372343903236352,0.4940876108572964,0.4322979493365501,0.9503747738433704,0.5916830048498607,0.037047168669075196,2867,3677,3765,192,False,0.23812285563224553,0.23275572649339327,1.5408385177992425,1.088553470462279,1.372299909090326
resnet18,1.0,101,raw,1.0,chexpert,pleural_effusion,PA,4254,829,3425,0.19487541137752704,0.8690135859755399,0.6955994745201242,0.1276128882036791,0.4196634867862344,0.11546624643004497,0.11546624643004497,0.864897466827503,0.6592700729927007,0.38057324840764334,0.9527426160337553,0.5285661629192776,0.037047168669075196,717,2258,1167,112,False,0.16354905273004827,0.21972713339822814,1.6679843815632527,1.129827399482975,1.3702554542178467
resnet18,1.0,101,raw,1.0,chexpert,pleural_effusion,AP,14679,4813,9866,0.3278833708018257,0.8314428509279698,0.6992257120548026,0.20043087620435573,0.5955641946464808,0.1801112604287941,0.1801112604287941,0.9578225638894661,0.3971214271234543,0.4366357264633453,0.9507401116233923,0.5998308503025177,0.037047168669075196,4610,3918,5948,203,False,0.2664101020198477,0.24766037517067008,1.5186014091236437,1.1077654476692447,1.328390805916343
resnet18,1.0,101,raw,1.0,chexpert,pleural_effusion,age18_44,3985,697,3288,0.17490589711417817,0.8545279648266642,0.5972898483184755,0.1208099276057243,0.39593983678211614,0.0977399207588536,0.09807385692006135,0.8852223816355811,0.6541970802919708,0.3517673888255416,0.9641416405199462,0.503467972256222,0.037047168669075196,617,2151,1137,80,False,0.14810572738450944,0.18429942083144613,1.1969884889820073,0.9936173115802408,1.2109910283315652
resnet18,1.0,101,raw,1.0,chexpert,pleural_effusion,age45_64,6503,1856,4647,0.28540673535291405,0.8562695482068521,0.7015649324510775,0.17775009435821498,0.5400152597798079,0.16216723266780703,0.16216723266780703,0.9358836206896551,0.5044114482461803,0.42995049504950494,0.9516849370686155,0.58921302578019,0.037047168669075196,1737,2344,2303,119,False,0.2335610055335426,0.23895646042383722,1.637521204003413,1.1367514871588078,1.3730327054090454
resnet18,1.0,101,raw,1.0,chexpert,pleural_effusion,age65_100,8445,3089,5356,0.36577856719952634,0.8177683538712495,0.7176229840310421,0.2187866942690237,0.6439308232184142,0.20023439974954405,0.20023439974954396,0.9624473939786339,0.3138536221060493,0.447202166064982,0.9354479688369505,0.6106603676697134,0.037047168669075196,2973,1681,3675,116,False,0.29571616521623123,0.2601463159477798,1.5597191869987783,1.1253559478965558,1.3468159812718905
resnet18,1.0,101,raw,1.0,nih,cardiomegaly,female,9358,286,9072,0.030562085915793975,0.8788088840172175,0.2527775606357276,0.02569064927030584,0.10174912630855505,0.005098768763701543,0.0036931051889959967,0.9440559440559441,0.5558862433862434,0.0628053035589672,0.9968373196283851,0.11777535441657579,0.006314364670896371,270,5043,4029,16,False,0.029666668186265496,0.13402310266174067,-0.18808908442736694,0.8799032967923422,0.10656886928564463
resnet18,1.0,101,raw,1.0,nih,cardiomegaly,male,11971,211,11760,0.017625929329212264,0.878546039268788,0.16855496525193464,0.015936096576033825,0.068719491589311,0.003975499559176569,0.0050379887464360625,0.9478672985781991,0.6464285714285715,0.04589261128958238,0.998555103113096,0.08754650908295032,0.006314364670896371,200,7602,4158,11,False,0.017360432982309947,0.08204498169645325,-0.4010393454571783,0.8508695183759282,0.02421593948972921
resnet18,1.0,101,raw,1.0,nih,cardiomegaly,PA,12801,294,12507,0.022966955706585423,0.9142659702403388,0.25646130852949595,0.019248590292581493,0.07601627926040957,0.004493854364453452,0.0036009586352019926,0.9489795918367347,0.6975293835452147,0.06868537666174299,0.9982835564709921,0.128099173553719,0.006314364670896371,279,8724,3783,15,False,0.0224413800464992,0.14227243366059272,-0.10955148644877497,0.8801900492160414,0.1918992214647341
resnet18,1.0,101,raw,1.0,nih,cardiomegaly,AP,8528,203,8325,0.02380393996247655,0.8247790647790648,0.1634613616261678,0.0216677888892926,0.0940109013835128,0.003850862358004743,0.006283090413247827,0.9408866995073891,0.470990990990991,0.04156692056583243,0.9969488939740656,0.07961650687786578,0.006314364670896371,191,3921,4404,12,False,0.02323760766217972,0.06755509412623706,-0.5407993706845633,0.8325614037815766,-0.07287039833437961
resnet18,1.0,101,raw,1.0,nih,cardiomegaly,age18_44,8513,178,8335,0.020909197697638906,0.8809720078456219,0.18133664528025956,0.01868978159169699,0.07773929213905979,0.00415075093642025,0.005346271721333457,0.9438202247191011,0.6147570485902819,0.049718851731281447,0.9980522010128555,0.09446162496485802,0.006314364670896371,168,5124,3211,10,False,0.020483823806248812,0.08758336487958518,-0.5123619835378157,0.8346429459263648,-0.09129072802238641
resnet18,1.0,101,raw,1.0,nih,cardiomegaly,age45_64,9808,238,9570,0.02426590538336052,0.8901321970794588,0.24129081015607726,0.020645412579989326,0.08375560859492086,0.0036598442424458106,0.00326673995870104,0.9453781512605042,0.6130616509926855,0.05728105906313646,0.9977891156462585,0.10801728276524244,0.006314364670896371,225,5867,3703,13,False,0.023677077846963157,0.1280422054853646,-0.10844593612216678,0.9053665997433217,0.1412464626762042
resnet18,1.0,101,raw,1.0,nih,cardiomegaly,age65_100,3008,81,2927,0.0269281914893617,0.8562763879925934,0.2433905318528362,0.02313423893237077,0.09692146101472751,0.006627669213760078,0.007823769498813105,0.9506172839506173,0.5650837034506321,0.05703703703703704,0.9975874547647768,0.10761705101327743,0.006314364670896371,77,1654,1273,4,True,0.026209724911135008,0.117341406260149,-0.04180969234083285,0.8940418389360104,0.2597601325063771
resnet18,1.0,101,raw,1.0,nih,pleural_effusion,female,9358,1069,8289,0.11423381064329985,0.8675378833918429,0.48372943994495604,0.07588422665684157,0.253721239007204,0.009944525970283129,0.009049766678083429,0.9232927970065482,0.5989866087585958,0.22894919972164232,0.9837527243907271,0.3669144981412639,0.037047168669075196,987,4965,3324,82,False,0.10118526860889815,0.25004669454256534,-0.05100344881463992,0.9055181256198345,0.07373058420177085
resnet18,1.0,101,raw,1.0,nih,pleural_effusion,male,11971,1467,10504,0.1225461532035753,0.8696353737544589,0.5008549902909156,0.07957974176164871,0.26511097599444217,0.01860385234776661,0.017564849044662788,0.912747102931152,0.6252856054836253,0.2538388625592417,0.980884109916368,0.39721150993770393,0.037047168669075196,1339,6568,3936,128,False,0.10761357772293144,0.2605046366310799,0.09103781393492645,0.8962183415039269,0.23875133685479977
resnet18,1.0,101,raw,1.0,nih,pleural_effusion,PA,12801,1189,11612,0.09288336848683697,0.88982414149453,0.510803069707673,0.059616347623427615,0.2078452235754917,0.01716304607220086,0.01621680329750664,0.8687973086627419,0.7338959696865311,0.25054571913655105,0.9820235077206729,0.38893072289156627,0.037047168669075196,1033,8522,3090,156,False,0.08467400948936504,0.29593097122777257,0.1541869007716406,0.9087584425062145,0.3058717067976358
resnet18,1.0,101,raw,1.0,nih,pleural_effusion,AP,8528,1347,7181,0.15795028142589118,0.8258861155815473,0.4760840603066698,0.105490714793143,0.33857178016756717,0.012657174516294037,0.010564659459345248,0.9599109131403119,0.41930093301768556,0.23668314113124655,0.9823817292006525,0.37973568281938325,0.037047168669075196,1293,3011,4170,54,False,0.13499318563437138,0.21854785263854526,-0.04377735743873947,0.9140970795080179,0.05703657419893696
resnet18,1.0,101,raw,1.0,nih,pleural_effusion,age18_44,8513,843,7670,0.09902502055679549,0.8681881311080901,0.44371292183907507,0.0689606636336987,0.23414665356964467,0.013775930535732782,0.01066654856929065,0.8979833926453143,0.6572359843546284,0.22356763142350858,0.983226058123659,0.3580042563253724,0.037047168669075196,757,5041,2629,86,False,0.08942362582077229,0.22883172091552828,-0.11305526692015186,0.8466731596854338,0.10844143584195923
resnet18,1.0,101,raw,1.0,nih,pleural_effusion,age45_64,9808,1231,8577,0.12550978792822187,0.8740657457028778,0.5220180254312995,0.07957140338189542,0.2638484838984252,0.0173390188006759,0.016049645138047654,0.925264012997563,0.6161828145039058,0.2570525840668021,0.982890087409336,0.40233133168491697,0.037047168669075196,1139,5285,3292,92,False,0.1099054900175662,0.27600155943822713,0.11745561234915662,0.9316570021745538,0.21102632691988585
resnet18,1.0,101,raw,1.0,nih,pleural_effusion,age65_100,3008,462,2546,0.1535904255319149,0.8434952714214301,0.504043416755385,0.09816330711439929,0.32142634851886365,0.018596079164463045,0.01743005856795713,0.9307359307359307,0.47407698350353494,0.2430751837196156,0.9741727199354318,0.3854773644105782,0.037047168669075196,430,1207,1339,32,False,0.13162151258602303,0.25420012894743693,0.05497737995762238,0.9168434459647155,0.16128017776067372
resnet18,1.0,101,raw,1.0,vinbig,cardiomegaly,PA,14998,1817,13181,0.12114948659821309,0.8485722285755373,0.4474382693930963,0.10415554277372557,0.40760992734172696,0.0969733370962537,0.09697333709625372,0.8970831040176115,0.625976784765951,0.24847560975609756,0.977838350319981,0.3891607974215113,0.006314364670896371,1630,8251,4930,187,False,0.11584294874158528,0.10089009382807745,1.4245617035306093,0.7813361879352082,2.18728750651898
resnet18,1.0,101,raw,1.0,vinbig,pleural_effusion,PA,14998,634,14364,0.04227230297372983,0.9007462684928234,0.5601613758231535,0.02806065476692942,0.11413081524996044,0.0234006532972718,0.020367773569504446,0.9006309148264984,0.6650654413812308,0.10609438870308435,0.9934484193011647,0.18982712765957446,0.037047168669075196,571,9553,4811,63,False,0.04553419164022411,0.3837454063389779,0.5556608890387998,1.473975993070288,-0.31970401039448487
resnet18,1.0,101,temperature,1.0,chexpert,cardiomegaly,female,8564,877,7687,0.10240541802895843,0.7521078768980014,0.29698961598312973,0.0887245816955696,0.3515232265148411,0.06682262999454883,0.06682262999454883,0.8768529076396807,0.42877585534018475,0.14903100775193798,0.9682726204465335,0.25476229915520954,0.008317723356279153,769,3296,4391,108,False,0.09801161569081003,0.09475442201195361,0.13013162734079062,0.607412668609074,1.3186502411346506
resnet18,1.0,101,temperature,1.0,chexpert,cardiomegaly,male,10691,1157,9534,0.10822186886165934,0.7723617643555276,0.33850226764655034,0.09379112280405896,0.37782800007790207,0.07785829941371794,0.07785829941371793,0.8426966292134831,0.5110132158590308,0.1729643427354976,0.96398891966759,0.28701795702090077,0.008317723356279153,975,4872,4662,182,False,0.1035448365914991,0.09419797363648463,0.38061078232127027,0.6155352007504422,1.6071707669756647
resnet18,1.0,101,temperature,1.0,chexpert,cardiomegaly,PA,4366,368,3998,0.0842876775080165,0.8049384746721187,0.3743417545329363,0.06859902155872788,0.28056650614125844,0.04966344702765028,0.04966344702765027,0.8396739130434783,0.5680340170085042,0.15176817288801572,0.9746781115879828,0.25707154742096505,0.008317723356279153,309,2271,1727,59,False,0.08077611187461328,0.15075113215139135,0.08231242070572475,0.6157879464039799,1.175998612782037
resnet18,1.0,101,temperature,1.0,chexpert,cardiomegaly,AP,14889,1666,13223,0.11189468735307946,0.7497597087689344,0.30577142738137664,0.09826414691474554,0.39121839578838175,0.07977845876705308,0.0797784587670531,0.8613445378151261,0.44596536338198595,0.16379408743294144,0.9623041775456919,0.2752469550206195,0.008317723356279153,1435,5897,7326,231,False,0.10703880853860248,0.08197645081869953,0.3083286432930397,0.6105099896643688,1.5434219128704658
resnet18,1.0,101,temperature,1.0,chexpert,cardiomegaly,age18_44,4062,251,3811,0.06179222058099458,0.7880955840767081,0.2950553019117426,0.053276967194256376,0.23345278238899278,0.03965883230435522,0.038569642170718156,0.7888446215139442,0.6273943846759381,0.12237330037082818,0.9783142389525368,0.21187800963081863,0.008317723356279153,198,2391,1420,53,False,0.05937606294110433,0.10271977367205531,-0.12551135129631655,0.5843968880425997,1.2135177781782596
resnet18,1.0,101,temperature,1.0,chexpert,cardiomegaly,age45_64,6646,561,6085,0.08441167619620825,0.7711889058305028,0.2939801725334197,0.0732434405189564,0.2974736121217381,0.05436298616125254,0.05436298616125254,0.8502673796791443,0.49285127362366477,0.13387594723547572,0.9727538112228349,0.23132880698351116,0.008317723356279153,477,2999,3086,84,False,0.08089407249233281,0.0945759279717503,0.12767775542782353,0.6325539741703327,1.2659445824228408
resnet18,1.0,101,temperature,1.0,chexpert,cardiomegaly,age65_100,8547,1222,7325,0.142974142974143,0.729372315289097,0.3387799117723423,0.1239465619640808,0.4825680627683151,0.10374234114662843,0.10374234114662842,0.8747954173486089,0.3792491467576792,0.19034900284900286,0.9477993858751279,0.3126645217899971,0.008317723356279153,1069,2778,4547,153,False,0.13660486150988704,0.09266360952234542,0.35610029694208417,0.579171236688292,1.6572156464590295
resnet18,1.0,101,temperature,1.0,chexpert,pleural_effusion,female,8432,2583,5849,0.30633301707779886,0.8449890379029819,0.7032135027222606,0.17900887687504147,0.5288585526072157,0.14623310255721123,0.14623310255721123,0.9523809523809523,0.4272525217985981,0.423407917383821,0.9530892448512586,0.5862027880376505,0.05597742864791057,2460,2499,3350,123,False,0.2497442422757069,0.2832312158875584,1.5290019697737154,1.306185153984158,1.0480244514389967
resnet18,1.0,101,temperature,1.0,chexpert,pleural_effusion,male,10501,3059,7442,0.2913055899438149,0.8464601570879747,0.6959288636700839,0.17574649939170114,0.5231631681287117,0.1467076128582674,0.1467076128582674,0.9372343903236352,0.4940876108572964,0.4322979493365501,0.9503747738433704,0.5916830048498607,0.05597742864791057,2867,3677,3765,192,False,0.23812285563224553,0.2619503116360984,1.5408636773530844,1.2552526741008148,1.113728785884825
resnet18,1.0,101,temperature,1.0,chexpert,pleural_effusion,PA,4254,829,3425,0.19487541137752704,0.8690135859755399,0.6955994745201242,0.12313511318237033,0.39385173184127337,0.09987779220986992,0.09987779220986993,0.864897466827503,0.6592700729927007,0.38057324840764334,0.9527426160337553,0.5285661629192776,0.05597742864791057,717,2258,1167,112,False,0.16354905273004827,0.2471059224927742,1.6681146042531834,1.3028847106346824,1.0569681995264548
resnet18,1.0,101,temperature,1.0,chexpert,pleural_effusion,AP,14679,4813,9866,0.3278833708018257,0.8314428509279698,0.6992257120548026,0.19286736619965938,0.5639094268581557,0.1600064061125611,0.1600064061125611,0.9578225638894661,0.3971214271234543,0.4366357264633453,0.9507401116233923,0.5998308503025177,0.05597742864791057,4610,3918,5948,203,False,0.2664101020198477,0.2760508526613955,1.5184622202107814,1.2773298068821373,1.089067961738041
resnet18,1.0,101,temperature,1.0,chexpert,pleural_effusion,age18_44,3985,697,3288,0.17490589711417817,0.8545279648266642,0.5972898483184755,0.1168939191941596,0.3728554125334616,0.08227962168155235,0.08351926420538185,0.8852223816355811,0.6541970802919708,0.3517673888255416,0.9641416405199462,0.503467972256222,0.05597742864791057,617,2151,1137,80,False,0.14810572738450944,0.21074004862295637,1.1969213858257628,1.1457343127793072,0.9123059746974747
resnet18,1.0,101,temperature,1.0,chexpert,pleural_effusion,age45_64,6503,1856,4647,0.28540673535291405,0.8562695482068521,0.7015649324510775,0.17091303590749476,0.5095926960274255,0.14352564902572654,0.14352564902572656,0.9358836206896551,0.5044114482461803,0.42995049504950494,0.9516849370686155,0.58921302578019,0.05597742864791057,1737,2344,2303,119,False,0.2335610055335426,0.2682295766064884,1.637657086674566,1.3108547169563618,1.1093804369149678
resnet18,1.0,101,temperature,1.0,chexpert,pleural_effusion,age65_100,8445,3089,5356,0.36577856719952634,0.8177683538712495,0.7176229840310421,0.21049699223533905,0.6102263615028363,0.17908615457333155,0.17908615457333152,0.9624473939786339,0.3138536221060493,0.447202166064982,0.9354479688369505,0.6106603676697134,0.05597742864791057,2973,1681,3675,116,False,0.29571616521623123,0.28817894658744436,1.5596639724192374,1.2976523004026257,1.1172670823859447
resnet18,1.0,101,temperature,1.0,nih,cardiomegaly,female,9358,286,9072,0.030562085915793975,0.8788088840172175,0.2527775606357276,0.025689909823629748,0.10134336712514512,0.0050310209436049,0.00385881853466198,0.9440559440559441,0.5558862433862434,0.0628053035589672,0.9968373196283851,0.11777535441657579,0.008317723356279153,270,5043,4029,16,False,0.029666668186265496,0.13404802782932101,-0.18930508561433268,0.9306173935075996,-0.02567246084623937
resnet18,1.0,101,temperature,1.0,nih,cardiomegaly,male,11971,211,11760,0.017625929329212264,0.878546039268788,0.16855496525193464,0.015976304909809565,0.06863403111152246,0.0029280409349956046,0.005488495869043711,0.9478672985781991,0.6464285714285715,0.04589261128958238,0.998555103113096,0.08754650908295032,0.008317723356279153,200,7602,4158,11,False,0.017360432982309947,0.07972889120396887,-0.40007125183974157,0.900550708042995,-0.1282060360219539
resnet18,1.0,101,temperature,1.0,nih,cardiomegaly,PA,12801,294,12507,0.022966955706585423,0.9142659702403388,0.25646130852949595,0.01922431743460355,0.07547844317924199,0.003819752477345813,0.002491581364462933,0.9489795918367347,0.6975293835452147,0.06868537666174299,0.9982835564709921,0.128099173553719,0.008317723356279153,279,8724,3783,15,False,0.0224413800464992,0.1433540453051374,-0.10948157154045128,0.9313131015755571,0.05679602044596454
resnet18,1.0,101,temperature,1.0,nih,cardiomegaly,AP,8528,203,8325,0.02380393996247655,0.8247790647790648,0.1634613616261678,0.021759853978013305,0.0942530094811992,0.005836760170267342,0.008188476217917596,0.9408866995073891,0.470990990990991,0.04156692056583243,0.9969488939740656,0.07961650687786578,0.008317723356279153,191,3921,4404,12,False,0.02323760766217972,0.0635931936561408,-0.5401484713569641,0.8810560392995662,-0.22235237866129187
resnet18,1.0,101,temperature,1.0,nih,cardiomegaly,age18_44,8513,178,8335,0.020909197697638906,0.8809720078456219,0.18133664528025956,0.018761055735330337,0.07786626444822087,0.004659429441578626,0.006394018681470675,0.9438202247191011,0.6147570485902819,0.049718851731281447,0.9980522010128555,0.09446162496485802,0.008317723356279153,168,5124,3211,10,False,0.020483823806248812,0.08410383174614722,-0.5112994668223765,0.8833679263132813,-0.22630873902197732
resnet18,1.0,101,temperature,1.0,nih,cardiomegaly,age45_64,9808,238,9570,0.02426590538336052,0.8901321970794588,0.24129081015607726,0.020637600801507568,0.08339653531725456,0.0034499721556963763,0.003225914459019539,0.9453781512605042,0.6130616509926855,0.05728105906313646,0.9977891156462585,0.10801728276524244,0.008317723356279153,225,5867,3703,13,False,0.023677077846963157,0.12837213549329252,-0.10779713029080881,0.9581250183104411,-0.0019064498321853549
resnet18,1.0,101,temperature,1.0,nih,cardiomegaly,age65_100,3008,81,2927,0.0269281914893617,0.8562763879925934,0.2433905318528362,0.023115713453724762,0.09613048150060058,0.004257465440307247,0.007452313246967915,0.9506172839506173,0.5650837034506321,0.05703703703703704,0.9975874547647768,0.10761705101327743,0.008317723356279153,77,1654,1273,4,True,0.026209724911135008,0.11804822324158681,-0.04263735447561102,0.9457275692820692,0.10539424079710527
resnet18,1.0,101,temperature,1.0,nih,pleural_effusion,female,9358,1069,8289,0.11423381064329985,0.8675378833918429,0.48372943994495604,0.07613389317929788,0.25345814156178254,0.01307121872907148,0.011252144911098789,0.9232927970065482,0.5989866087585958,0.22894919972164232,0.9837527243907271,0.3669144981412639,0.05597742864791057,987,4965,3324,82,False,0.10118526860889815,0.24757927486884468,-0.05114160319793886,1.0441289063065657,-0.10409167497283327
resnet18,1.0,101,temperature,1.0,nih,pleural_effusion,male,11971,1467,10504,0.1225461532035753,0.8696353737544589,0.5008549902909156,0.07933679618549605,0.26235424363974774,0.0066704066976018194,0.007933651386407996,0.912747102931152,0.6252856054836253,0.2538388625592417,0.980884109916368,0.39721150993770393,0.05597742864791057,1339,6568,3936,128,False,0.10761357772293144,0.2627622102690288,0.09117845855049685,1.0335340074803312,0.04775552527854525
resnet18,1.0,101,temperature,1.0,nih,pleural_effusion,PA,12801,1189,11612,0.09288336848683697,0.88982414149453,0.510803069707673,0.059386351013312924,0.20503789799476904,0.008210392749904082,0.008422451226521003,0.8687973086627419,0.7338959696865311,0.25054571913655105,0.9820235077206729,0.38893072289156627,0.05597742864791057,1033,8522,3090,156,False,0.08467400948936504,0.298647231051793,0.15414535443330965,1.0479147646340459,0.08171849844394707
resnet18,1.0,101,temperature,1.0,nih,pleural_effusion,AP,8528,1347,7181,0.15795028142589118,0.8258861155815473,0.4760840603066698,0.10576888838966042,0.33862732259797634,0.01508162336114635,0.015709417073385957,0.9599109131403119,0.41930093301768556,0.23668314113124655,0.9823817292006525,0.37973568281938325,0.05597742864791057,1293,3011,4170,54,False,0.13499318563437138,0.2164872034642169,-0.043795502392951144,1.0540671446374015,-0.10105133658788905
resnet18,1.0,101,temperature,1.0,nih,pleural_effusion,age18_44,8513,843,7670,0.09902502055679549,0.8681881311080901,0.44371292183907507,0.06905785659627493,0.23244751251131504,0.011126423380829446,0.011941467257360387,0.8979833926453143,0.6572359843546284,0.22356763142350858,0.983226058123659,0.3580042563253724,0.05597742864791057,757,5041,2629,86,False,0.08942362582077229,0.22774483854317806,-0.11309561518886048,0.9762793434577205,-0.08176586878633736
resnet18,1.0,101,temperature,1.0,nih,pleural_effusion,age45_64,9808,1231,8577,0.12550978792822187,0.8740657457028778,0.5220180254312995,0.0794435042808909,0.2621835933842964,0.008666283582660302,0.009069337902068104,0.925264012997563,0.6161828145039058,0.2570525840668021,0.982890087409336,0.40233133168491697,0.05597742864791057,1139,5285,3292,92,False,0.1099054900175662,0.2771652783842422,0.11746556574526805,1.0743116345667716,0.02497133136382844
resnet18,1.0,101,temperature,1.0,nih,pleural_effusion,age65_100,3008,462,2546,0.1535904255319149,0.8434952714214301,0.504043416755385,0.09811513840338308,0.3198741959523194,0.018446582405335577,0.01776210402366213,0.9307359307359307,0.47407698350353494,0.2430751837196156,0.9741727199354318,0.3854773644105782,0.05597742864791057,430,1207,1339,32,False,0.13162151258602303,0.2545660927634561,0.055078166990445813,1.0572963341262398,-0.011207332815473512
resnet18,1.0,101,temperature,1.0,vinbig,cardiomegaly,PA,14998,1817,13181,0.12114948659821309,0.8485722285755373,0.4474382693930963,0.10288170404904218,0.3900029485680211,0.09391479886068907,0.0939147988606891,0.8970831040176115,0.625976784765951,0.24847560975609756,0.977838350319981,0.3891607974215113,0.008317723356279153,1630,8251,4930,187,False,0.11584294874158528,0.11188634986714796,1.4245694644783429,0.8266993390750867,1.9997896731132445
resnet18,1.0,101,temperature,1.0,vinbig,pleural_effusion,PA,14998,634,14364,0.04227230297372983,0.9007462684928234,0.5601613758231535,0.02925474194659729,0.12355536807516779,0.0378071661076548,0.0329319284138503,0.9006309148264984,0.6650654413812308,0.10609438870308435,0.9934484193011647,0.18982712765957446,0.05597742864791057,571,9553,4811,63,False,0.04553419164022411,0.3575214384446399,0.5555210057926869,1.6996698043151803,-0.6012405115499393
resnet18,1.0,ensemble,ensemble_temperature,1.0,chexpert,cardiomegaly,female,8564,877,7687,0.10240541802895843,0.7834741205183002,0.33932287520122745,0.09011835703231874,0.3610561751766793,0.07692593902254159,0.07692593902254159,0.7571265678449259,0.6650188630154806,0.20500154368632295,0.96,0.3226433430515063,0.015385527163743973,664,5112,2575,213,False,0.09801161569081003,0.08053391021929035,0.8513271006816341,0.7457020152105314,1.71380591376754
resnet18,1.0,ensemble,ensemble_temperature,1.0,chexpert,cardiomegaly,male,10691,1157,9534,0.10822186886165934,0.799000266344225,0.37261660945828723,0.0950465964316715,0.38500971645399373,0.08486711937811325,0.08476189488479198,0.7294727744165946,0.7160688063771764,0.23767952689383273,0.9561624649859944,0.35853865760407816,0.015385527163743973,844,6827,2707,313,False,0.1035448365914991,0.08207304622397071,0.9992210625493294,0.7323651273600175,1.9336389406517351
resnet18,1.0,ensemble,ensemble_temperature,1.0,chexpert,cardiomegaly,PA,4366,368,3998,0.0842876775080165,0.816756883876721,0.3876508435192779,0.07179315764449086,0.29760472987486497,0.06167834588705003,0.06167834588705003,0.7445652173913043,0.7526263131565782,0.21694378463974665,0.9697067354173381,0.3359901900674433,0.015385527163743973,274,3009,989,94,False,0.08077611187461328,0.11120805423348967,0.7415771952461253,0.7182439397561884,1.6967107311234844
resnet18,1.0,ensemble,ensemble_temperature,1.0,chexpert,cardiomegaly,AP,14889,1666,13223,0.11189468735307946,0.7826606101867503,0.34966725794224307,0.09903068344414875,0.3968622279662212,0.0870236753213444,0.0870236753213444,0.7406962785114045,0.6753384254707706,0.22326759544056451,0.9538560136722922,0.34311135826497985,0.015385527163743973,1234,8930,4293,432,False,0.10703880853860248,0.07481515539820005,0.9711289647413924,0.7416260663925344,1.8635968636916682
resnet18,1.0,ensemble,ensemble_temperature,1.0,chexpert,cardiomegaly,age18_44,4062,251,3811,0.06179222058099458,0.8224901496088594,0.337365302497445,0.053573502067970666,0.22700630026183116,0.04368166690203098,0.04368166690203097,0.7410358565737052,0.7772238257675151,0.17971014492753623,0.9785265939874463,0.2892690513219285,0.015385527163743973,186,2962,849,65,False,0.05937606294110433,0.09772559152143978,0.6606482348775963,0.7556120337148438,1.5104525816658714
resnet18,1.0,ensemble,ensemble_temperature,1.0,chexpert,cardiomegaly,age45_64,6646,561,6085,0.08441167619620825,0.7974851223824109,0.32856011141045044,0.07434722491311058,0.3048436875244559,0.06271012818151878,0.06254086019203671,0.7361853832442068,0.7150369761709121,0.19236143455985094,0.9671038008446321,0.3050221565731167,0.015385527163743973,413,4351,1734,148,False,0.08089407249233281,0.08093111618088888,0.7817739024213035,0.7479812845021442,1.651194517165102
resnet18,1.0,ensemble,ensemble_temperature,1.0,chexpert,cardiomegaly,age65_100,8547,1222,7325,0.142974142974143,0.7611103601213252,0.38094960957322,0.12591430325297157,0.49843608562906716,0.11371260936118303,0.11371260936118303,0.7438625204582652,0.6315358361774744,0.251940133037694,0.9366268475399878,0.3763975155279503,0.015385527163743973,909,4626,2699,313,False,0.13660486150988704,0.0782589882874829,0.9970808497482853,0.7017353595367788,2.0181520377819884
resnet18,1.0,ensemble,ensemble_temperature,1.0,chexpert,pleural_effusion,female,8432,2583,5849,0.30633301707779886,0.8622554576668058,0.7383007772283392,0.17789337376249703,0.5231417299703656,0.15276180846362367,0.15276180846362367,0.9581881533101045,0.4431526756710549,0.4317864619678995,0.96,0.5953096812988575,0.056275270879268646,2475,2592,3257,108,False,0.2497442422757069,0.28769779778902616,1.8973676144171254,1.4833090263607125,1.1041145285143652
resnet18,1.0,ensemble,ensemble_temperature,1.0,chexpert,pleural_effusion,male,10501,3059,7442,0.2913055899438149,0.8594982630852397,0.7207385148482663,0.17521522923463423,0.5174591052328782,0.1493603314835946,0.1493603314835946,0.9499836547891468,0.47191615157215805,0.42510239906378,0.9582537517053206,0.587367357251137,0.056275270879268646,2906,3512,3930,153,False,0.23812285563224553,0.26418138750513387,1.8969881142973726,1.455114202444142,1.1204207738025953
resnet18,1.0,ensemble,ensemble_temperature,1.0,chexpert,pleural_effusion,PA,4254,829,3425,0.19487541137752704,0.8850416912470394,0.7448154100832145,0.11746991693589195,0.3731657371427735,0.09519282010714267,0.09519282010714267,0.9010856453558505,0.6306569343065693,0.371272365805169,0.9634255129348795,0.5258711721224921,0.056275270879268646,747,2160,1265,82,False,0.16354905273004827,0.28174504850366744,2.0491522954448254,1.5365436622887496,0.9869805480890285
resnet18,1.0,ensemble,ensemble_temperature,1.0,chexpert,pleural_effusion,AP,14679,4813,9866,0.3278833708018257,0.8463125389885803,0.7245453773860885,0.19348831821738433,0.5625398246035301,0.1670120684746043,0.1670120684746043,0.9628090587990858,0.3997567403202919,0.4389920424403183,0.9565850109143827,0.6030320775587221,0.056275270879268646,4634,3944,5922,179,False,0.2664101020198477,0.2737200400795262,1.868567728253969,1.451807678439523,1.1390396545084227
resnet18,1.0,ensemble,ensemble_temperature,1.0,chexpert,pleural_effusion,age18_44,3985,697,3288,0.17490589711417817,0.8682610038852643,0.6295033919198204,0.11565842970987066,0.3655335499676295,0.08449826962925105,0.08450200422249216,0.8981348637015782,0.6587591240875912,0.35812356979405036,0.9682610639248994,0.5120654396728016,0.056275270879268646,626,2166,1122,71,False,0.14810572738450944,0.21908199127505512,1.55704721069584,1.3154484258841534,0.9305476694316385
resnet18,1.0,ensemble,ensemble_temperature,1.0,chexpert,pleural_effusion,age45_64,6503,1856,4647,0.28540673535291405,0.8700463962660375,0.7315941491678168,0.17036294045876985,0.5043006897908998,0.14766168287878176,0.14766168287878176,0.9482758620689655,0.500322788896062,0.43116119549240567,0.9603469640644362,0.5927921859211855,0.056275270879268646,1760,2325,2322,96,False,0.2335610055335426,0.27058483041894865,2.0143996707772183,1.4990474381137349,1.1392031736839
resnet18,1.0,ensemble,ensemble_temperature,1.0,chexpert,pleural_effusion,age65_100,8445,3089,5356,0.36577856719952634,0.8356046570608422,0.747147122558985,0.20972918952765593,0.604955660015317,0.18467150759517093,0.18467150759517093,0.9695694399482033,0.30115758028379386,0.44449391510834074,0.9449326303456356,0.6095451307621859,0.056275270879268646,2995,1613,3743,94,False,0.29571616521623123,0.290775364362312,1.9368038447155258,1.510418884553945,1.1500291036986081
resnet18,1.0,ensemble,ensemble_temperature,1.0,nih,cardiomegaly,female,9358,286,9072,0.030562085915793975,0.8973834807168142,0.28444989020140143,0.024950135731075934,0.09630027655223794,0.0016798245010359548,0.002649855626250219,0.9055944055944056,0.6725088183421517,0.08018575851393189,0.9955939947780679,0.14732650739476677,0.015385527163743973,259,6101,2971,27,False,0.029666668186265496,0.15898423191901045,0.007477470813475406,0.9879452690178068,0.03584880704101513
resnet18,1.0,ensemble,ensemble_temperature,1.0,nih,cardiomegaly,male,11971,211,11760,0.017625929329212264,0.8965216655382532,0.20144659700742615,0.015488962259650756,0.06512249804138566,0.0013945326136555777,0.0018308807261962563,0.8720379146919431,0.7563775510204082,0.06034765496884224,0.9969737726967047,0.11288343558282209,0.015385527163743973,184,8895,2865,27,False,0.017360432982309947,0.10780092435287736,-0.07746176031237562,0.9860104201487271,-0.03897787335742848
resnet18,1.0,ensemble,ensemble_temperature,1.0,nih,cardiomegaly,PA,12801,294,12507,0.022966955706585423,0.9321911702235863,0.2941922866272339,0.018558968402946303,0.07072290438302785,0.003957248796896504,0.0027088514325147696,0.9149659863945578,0.803150235867914,0.09849871841816185,0.9975173783515392,0.17785123966942148,0.015385527163743973,269,10045,2462,25,False,0.0224413800464992,0.17300235705239275,0.06795965550666919,0.9775012258118183,0.12122725632868969
resnet18,1.0,ensemble,ensemble_temperature,1.0,nih,cardiomegaly,AP,8528,203,8325,0.02380393996247655,0.8384053018535779,0.1821131382034376,0.021262709059049267,0.0909281792943399,0.005576756101543042,0.0050653102751954645,0.8571428571428571,0.5947147147147147,0.04904171364148816,0.9941767068273092,0.09277525993068515,0.015385527163743973,174,4951,3374,29,False,0.02323760766217972,0.08498717388815769,-0.19000649807339762,0.9799805664784392,-0.13522371588213186
resnet18,1.0,ensemble,ensemble_temperature,1.0,nih,cardiomegaly,age18_44,8513,178,8335,0.020909197697638906,0.9049742860416681,0.2334058819631018,0.0178476134189952,0.07212075370646887,0.0031908741032228636,0.003144697528797804,0.9101123595505618,0.7228554289142172,0.06553398058252427,0.9973514318821387,0.12226415094339622,0.015385527163743973,162,6025,2310,16,False,0.020483823806248812,0.12869718135582708,-0.12043365696650238,1.0063531096728826,-0.13558672898057703
resnet18,1.0,ensemble,ensemble_temperature,1.0,nih,cardiomegaly,age45_64,9808,238,9570,0.02426590538336052,0.9048101999420458,0.2645394338006821,0.020238931527705693,0.08023454799126609,0.0027154554694623053,0.002527181104485534,0.8907563025210085,0.7269592476489029,0.07504424778761062,0.996276671917514,0.13842637936663402,0.015385527163743973,212,6957,2613,26,False,0.023677077846963157,0.14520990898792197,0.049035711947308415,0.9933827775331633,0.06591183301840584
resnet18,1.0,ensemble,ensemble_temperature,1.0,nih,cardiomegaly,age65_100,3008,81,2927,0.0269281914893617,0.8710304656096707,0.2654428902368714,0.022759828431530658,0.09303689794805949,0.004503015165344766,0.005704931954081691,0.8518518518518519,0.6880765288691493,0.07026476578411406,0.9940769990128332,0.12982126058325494,0.015385527163743973,69,2014,913,12,True,0.026209724911135008,0.131626581022935,0.08005486400560691,0.9724240377240068,0.15473817985170263
resnet18,1.0,ensemble,ensemble_temperature,1.0,nih,pleural_effusion,female,9358,1069,8289,0.11423381064329985,0.8761958803246741,0.5042259990163984,0.07424713373060052,0.2469185456752634,0.011324462780409123,0.011298714597084432,0.9223573433115061,0.6135842683073953,0.2353783719264741,0.983942735538789,0.37504754659566375,0.056275270879268646,986,5086,3203,83,False,0.10118526860889815,0.2662258572680086,0.007134115739958753,1.0716767882630613,-0.07935424908639363
resnet18,1.0,ensemble,ensemble_temperature,1.0,nih,pleural_effusion,male,11971,1467,10504,0.1225461532035753,0.8796399047644264,0.5176350393858782,0.07744937305426668,0.2549192817367232,0.009575441683905696,0.011046555653263674,0.923653715064758,0.6308073115003808,0.25893369004395184,0.98337785693084,0.4044776119402985,0.056275270879268646,1355,6626,3878,112,False,0.10761357772293144,0.2803011042558903,0.12495850314864654,1.0707080748719806,0.03623150193989226
resnet18,1.0,ensemble,ensemble_temperature,1.0,nih,pleural_effusion,PA,12801,1189,11612,0.09288336848683697,0.89853620004479,0.5240703304642524,0.05811259858938896,0.19942878034391112,0.006882682830682068,0.009949468172393824,0.8763666947014298,0.751377884946607,0.2652074319165182,0.9834310189359784,0.40719030871434153,0.056275270879268646,1042,8725,2887,147,False,0.08467400948936504,0.3136902463950543,0.1584619732458432,1.0428579445810788,0.09438483951374609
resnet18,1.0,ensemble,ensemble_temperature,1.0,nih,pleural_effusion,AP,8528,1347,7181,0.15795028142589118,0.83944319368721,0.5022115784213999,0.10296103983827602,0.32943417623323434,0.016889478209099012,0.017370245752594153,0.9643652561247216,0.41595878011419024,0.2364827962861824,0.9841845140032949,0.3798245614035088,0.056275270879268646,1299,2987,4194,48,False,0.13499318563437138,0.23728713153606373,0.06531578566495917,1.1578567199061192,-0.09985329364534558
resnet18,1.0,ensemble,ensemble_temperature,1.0,nih,pleural_effusion,age18_44,8513,843,7670,0.09902502055679549,0.8749146665305662,0.45538345687704884,0.0679967687495205,0.227936031542905,0.007826714523902932,0.00807990137541789,0.9039145907473309,0.6657105606258149,0.2291040288634997,0.9843840370156159,0.36555528903813866,0.056275270879268646,762,5106,2564,81,False,0.08942362582077229,0.23961069431692095,-0.07170491748361305,0.9958149704943194,-0.06615551128877864
resnet18,1.0,ensemble,ensemble_temperature,1.0,nih,pleural_effusion,age45_64,9808,1231,8577,0.12550978792822187,0.8846749477448377,0.5446914609722268,0.07707473834408295,0.25383995896350536,0.010183118747148792,0.012925158247888282,0.9268887083671812,0.627025766585053,0.2629032258064516,0.9835405998536942,0.40962125291689105,0.056275270879268646,1141,5378,3199,90,False,0.1099054900175662,0.29871803190391955,0.1689797430160389,1.1180787022392897,0.02527060651310258
resnet18,1.0,ensemble,ensemble_temperature,1.0,nih,pleural_effusion,age65_100,3008,462,2546,0.1535904255319149,0.8568376504354509,0.5280941634620868,0.09546063704792301,0.30991380254674766,0.02040332974475144,0.015161257549094604,0.948051948051948,0.48232521602513745,0.24943052391799544,0.9808306709265175,0.39495040577096485,0.056275270879268646,438,1228,1318,24,False,0.13162151258602303,0.2747337789061388,0.09568901354333137,1.099000608040731,-0.016279926155712634
resnet18,1.0,ensemble,ensemble_temperature,1.0,vinbig,cardiomegaly,PA,14998,1817,13181,0.12114948659821309,0.883632742665025,0.5324678026053941,0.09926795409220572,0.35357516833929553,0.09209836950609154,0.092164981823404,0.8849752339020364,0.722327592747136,0.3052391799544419,0.9785200411099692,0.45391672547635853,0.015385527163743973,1608,9521,3660,209,False,0.11584294874158528,0.14308160168085804,2.0659251978260857,1.0486596077315014,1.9118729384237143
resnet18,1.0,ensemble,ensemble_temperature,1.0,vinbig,pleural_effusion,PA,14998,634,14364,0.04227230297372983,0.9073069327718175,0.6056919052036633,0.028091858807503336,0.12182176845173659,0.04345619932431437,0.037976567439678054,0.9053627760252366,0.6396546922862713,0.09982608695652175,0.9935121107266436,0.17982456140350878,0.056275270879268646,574,9188,5176,60,False,0.04553419164022411,0.38306011821921804,0.6796488131215057,1.830536299814286,-0.6562580679072413
densenet121,1.0,17,raw,1.0,chexpert,cardiomegaly,female,8564,877,7687,0.10240541802895843,0.8025542983837868,0.3817788679043796,0.08529391408208802,0.3415219405893281,0.06976425446192862,0.06970826873683166,0.8962371721778791,0.4615584753479901,0.15959390862944162,0.9749931299807639,0.27094105480868663,0.005730246514992078,786,3548,4139,91,False,0.09801161569081003,0.12975708561770483,0.4474430418601939,0.652562517604331,1.5186202995716935
densenet121,1.0,17,raw,1.0,chexpert,cardiomegaly,male,10691,1157,9534,0.10822186886165934,0.8084682686845732,0.390196112257288,0.0907083714063537,0.3601065870919713,0.0762971447438229,0.0762971447438229,0.8833189282627485,0.4919236417033774,0.17422434367541767,0.9720207253886011,0.29104371351274383,0.005730246514992078,1022,4690,4844,135,False,0.1035448365914991,0.12397011389169799,0.5366015153227605,0.6497538084937746,1.6223511232003542
densenet121,1.0,17,raw,1.0,chexpert,cardiomegaly,PA,4366,368,3998,0.0842876775080165,0.8334510325815081,0.4089752680484821,0.0663318435321688,0.2745129741840135,0.049362169758228554,0.049362169758228554,0.8695652173913043,0.5847923961980991,0.16161616161616163,0.9798826487845766,0.272572402044293,0.005730246514992078,320,2338,1660,48,False,0.08077611187461328,0.17881856414265096,0.10652001111068653,0.5904132091680662,1.2402022463872293
densenet121,1.0,17,raw,1.0,chexpert,cardiomegaly,AP,14889,1666,13223,0.11189468735307946,0.7973232777948206,0.38601458265751,0.09474212170346431,0.3745160706911054,0.08040561184458399,0.080405611844584,0.8931572629051621,0.4461922407925584,0.16887980932924754,0.970714050674564,0.28405077789443545,0.005730246514992078,1488,5900,7323,178,False,0.10703880853860248,0.11488064005031862,0.6356506153990256,0.6781384938723796,1.6531380816231778
densenet121,1.0,17,raw,1.0,chexpert,cardiomegaly,age18_44,4062,251,3811,0.06179222058099458,0.8170398960442669,0.3525945056540874,0.05149948017877032,0.22963564127341007,0.03992398009330804,0.03992398009330804,0.8167330677290837,0.6266071897139859,0.12592137592137592,0.981101068200493,0.21820117083555082,0.005730246514992078,205,2388,1423,46,False,0.05937606294110433,0.1326558611699611,0.011255488580830407,0.5814830439098785,1.3661014640230156
densenet121,1.0,17,raw,1.0,chexpert,cardiomegaly,age45_64,6646,561,6085,0.08441167619620825,0.8118279806133255,0.3493960832707798,0.07120371601552784,0.29032778065417786,0.056396279198689614,0.05631712514357201,0.875222816399287,0.505505341002465,0.1402857142857143,0.9777495232040686,0.24181236148731838,0.005730246514992078,491,3076,3009,70,False,0.08089407249233281,0.1197906864897107,0.359013882576952,0.6600623318551304,1.4234668136441
densenet121,1.0,17,raw,1.0,chexpert,cardiomegaly,age65_100,8547,1222,7325,0.142974142974143,0.7805902593521502,0.41356621334493915,0.1190838298559689,0.4577506747077352,0.1025738889464105,0.10251779186559495,0.9099836333878887,0.37870307167235495,0.19636235211018896,0.9618585298196949,0.3230210602759622,0.005730246514992078,1112,2774,4551,110,False,0.13660486150988704,0.12826067432929555,0.6519235001528079,0.6510201215278537,1.7108055604581216
densenet121,1.0,17,raw,1.0,chexpert,pleural_effusion,female,8432,2583,5849,0.30633301707779886,0.870382361835977,0.7542489586382897,0.15659291848180762,0.47837656515831045,0.12789764602435924,0.12789764602435924,0.9527680991095625,0.47734655496666095,0.44599492569771654,0.9581331503088538,0.6075793111961486,0.04336579876390677,2461,2792,3057,122,False,0.2497442422757069,0.37298687227016925,1.1493887314399247,1.1063124990765318,1.001089928120298
densenet121,1.0,17,raw,1.0,chexpert,pleural_effusion,male,10501,3059,7442,0.2913055899438149,0.8655052927997875,0.7381501385181786,0.1539281701597761,0.47392987503748646,0.12158220267784975,0.12158220267784971,0.9483491337038248,0.4711099166890621,0.4243089074155331,0.9568777292576419,0.5862974939369442,0.04336579876390677,2901,3506,3936,158,False,0.23812285563224553,0.35357666633436824,1.1036385627289143,1.0995446703005025,0.9620680237370008
densenet121,1.0,17,raw,1.0,chexpert,pleural_effusion,PA,4254,829,3425,0.19487541137752704,0.8883704753770703,0.7461873011232558,0.1054536014393394,0.3506763237559954,0.08414314454699026,0.08414314454699025,0.9095295536791315,0.6233576642335766,0.36888454011741684,0.9660633484162896,0.5248868778280543,0.04336579876390677,754,2135,1290,75,False,0.16354905273004827,0.355217289987001,1.252296659872521,1.1671659560987104,0.9490816204609448
densenet121,1.0,17,raw,1.0,chexpert,pleural_effusion,AP,14679,4813,9866,0.3278833708018257,0.8553007664010855,0.7443310665253254,0.16950688622954294,0.5122032654762255,0.1360598627082635,0.1360598627082635,0.9574070226469977,0.421954186093655,0.4469013674716322,0.9530677655677655,0.6093626024861147,0.04336579876390677,4608,4163,5703,205,False,0.2664101020198477,0.3637370169359623,1.1015673153220304,1.0873223221753974,0.9855151964815386
densenet121,1.0,17,raw,1.0,chexpert,pleural_effusion,age18_44,3985,697,3288,0.17490589711417817,0.8775351960260693,0.6641310205728732,0.10215860916775932,0.34196666485704313,0.07100920532315928,0.07100920532315926,0.8880918220946915,0.6651459854014599,0.3598837209302326,0.9655629139072848,0.5122052130740588,0.04336579876390677,619,2187,1101,78,False,0.14810572738450944,0.31023187980747724,0.7905011455411302,0.959874064484477,0.859809172139302
densenet121,1.0,17,raw,1.0,chexpert,pleural_effusion,age45_64,6503,1856,4647,0.28540673535291405,0.8741983032249208,0.751724645267398,0.1492702529056243,0.461234336294497,0.12255582906299763,0.12255582906299765,0.9445043103448276,0.5069937594146762,0.4334817012858556,0.9581130540870273,0.5942372881355932,0.04336579876390677,1753,2356,2291,103,False,0.2335610055335426,0.36089394475488756,1.1904569540105248,1.1187741429899352,1.0134475274787633
densenet121,1.0,17,raw,1.0,chexpert,pleural_effusion,age65_100,8445,3089,5356,0.36577856719952634,0.8435679702314048,0.7580478190216313,0.18460446315069448,0.550416195003563,0.15107517039206553,0.1510024182342254,0.9679507931369375,0.3276699029126214,0.4536489151873767,0.9466019417475728,0.6177685950413223,0.04336579876390677,2990,1755,3601,99,False,0.29571616521623123,0.3757376671792376,1.1829343381981923,1.150507003087967,0.9909427836920771
densenet121,1.0,17,raw,1.0,nih,cardiomegaly,female,9358,286,9072,0.030562085915793975,0.8956546925296924,0.2577193178247751,0.025613336422559987,0.09958982751760763,0.008522446858461274,0.006222182310771895,0.9475524475524476,0.6095679012345679,0.07107264621033307,0.9972948602344455,0.13222737252988534,0.005730246514992078,271,5530,3542,15,False,0.029666668186265496,0.13662915357586536,-0.22551167030442915,0.8098548675667234,0.23741587796885122
densenet121,1.0,17,raw,1.0,nih,cardiomegaly,male,11971,211,11760,0.017625929329212264,0.888467816036367,0.18393479526301093,0.015766329616631297,0.06776752989854772,0.005011342368683895,0.0038429391553596844,0.9004739336492891,0.691921768707483,0.04982953055337005,0.9974258396665849,0.09443339960238568,0.005730246514992078,190,8137,3623,21,False,0.017360432982309947,0.09182394052631182,-0.3819253153840331,0.7932633062309715,0.22212625475649725
densenet121,1.0,17,raw,1.0,nih,cardiomegaly,PA,12801,294,12507,0.022966955706585423,0.9285434170469979,0.2884295439207165,0.018746086115076818,0.07210867349084307,0.004629820118729988,0.003430915481821034,0.9523809523809523,0.7082433837051252,0.07126495291422753,0.9984220018034266,0.1326071513142316,0.005730246514992078,280,8858,3649,14,False,0.0224413800464992,0.16466429086649859,-0.09805799373492274,0.8781192283536233,0.1897435853634837
densenet121,1.0,17,raw,1.0,nih,cardiomegaly,AP,8528,203,8325,0.02380393996247655,0.832391899288451,0.13032048061878956,0.022098931252803853,0.0961706821023692,0.008995559905549691,0.008577392348574539,0.8916256157635468,0.5776576576576576,0.048958615093318905,0.9954460774166839,0.09282051282051282,0.005730246514992078,181,4809,3516,22,False,0.02323760766217972,0.04900144739207024,-0.6358299748566212,0.6980327048261704,0.2860663607285041
densenet121,1.0,17,raw,1.0,nih,cardiomegaly,age18_44,8513,178,8335,0.020909197697638906,0.9061379858859688,0.21079402642749642,0.01829851128026155,0.07378008132318169,0.006485253437770514,0.005467340737074242,0.9550561797752809,0.6832633473305338,0.060498220640569395,0.9985972295283184,0.11378848728246319,0.005730246514992078,170,5695,2640,8,False,0.020483823806248812,0.10668479414085807,-0.3646369049974689,0.8093001920771181,0.1213419234109769
densenet121,1.0,17,raw,1.0,nih,cardiomegaly,age45_64,9808,238,9570,0.02426590538336052,0.9007097196245268,0.2470990895134245,0.020623147117560265,0.08283050549906797,0.007803372936330071,0.005532375863623576,0.9285714285714286,0.6540229885057471,0.06257078142695356,0.9972912683237731,0.11724137931034483,0.005730246514992078,221,6259,3311,17,False,0.023677077846963157,0.12898258599063528,-0.1465221821343404,0.8330960682349609,0.30173501705049194
densenet121,1.0,17,raw,1.0,nih,cardiomegaly,age65_100,3008,81,2927,0.0269281914893617,0.8432094547571145,0.21921318393922157,0.023398032122710105,0.10063672742226808,0.008087171460624962,0.008094640650226016,0.8641975308641975,0.5852408609497779,0.05451713395638629,0.9936194895591647,0.10256410256410256,0.005730246514992078,70,1713,1214,11,True,0.026209724911135008,0.10727669969669829,-0.4611062184970224,0.734811239155837,0.2862930513350319
densenet121,1.0,17,raw,1.0,nih,pleural_effusion,female,9358,1069,8289,0.11423381064329985,0.8826243736415804,0.5199973086705417,0.07268331499631078,0.243706783451743,0.013364529596999115,0.012748047606601663,0.9251637043966323,0.6332488840632163,0.24547034003474807,0.9849878025896041,0.387995292271479,0.04336579876390677,989,5249,3040,80,False,0.10118526860889815,0.28168086129961534,-0.2216976011800824,0.8810640372106404,-0.09766591009774851
densenet121,1.0,17,raw,1.0,nih,pleural_effusion,male,11971,1467,10504,0.1225461532035753,0.8862050669436929,0.5254644101841026,0.07612370410858774,0.25182852958219554,0.012082284240134059,0.011357760972800763,0.9216087252897068,0.6601294744859101,0.2746850873628606,0.9836856291672578,0.423227422131789,0.04336579876390677,1352,6934,3570,115,False,0.10761357772293144,0.2926198931460069,-0.13211520816416736,0.853242696001294,0.024024870676971347
densenet121,1.0,17,raw,1.0,nih,pleural_effusion,PA,12801,1189,11612,0.09288336848683697,0.9043689614322588,0.5340076382177481,0.05713059196520794,0.1972066972012902,0.014428799833372126,0.011800104396239072,0.9058031959629941,0.7290733723734069,0.2550319677954061,0.9869433434366985,0.39800443458980045,0.04336579876390677,1077,8466,3146,112,False,0.08467400948936504,0.3252877440227573,-0.21761513983470895,0.880892415439259,-0.0892279536125422
densenet121,1.0,17,raw,1.0,nih,pleural_effusion,AP,8528,1347,7181,0.15795028142589118,0.846803104827792,0.5125572960786065,0.10085818666425345,0.3249067162636208,0.015934901177571625,0.012129730027892988,0.9383815887156645,0.51761593092884,0.2673434856175973,0.9781578947368421,0.41613168724279836,0.04336579876390677,1264,3717,3464,83,False,0.13499318563437138,0.25286460801489985,-0.14150420861728702,0.8388592092012656,0.023563597807923383
densenet121,1.0,17,raw,1.0,nih,pleural_effusion,age18_44,8513,843,7670,0.09902502055679549,0.8851528269466625,0.4688179632094309,0.06678093691740242,0.2245028696110077,0.015545992680776298,0.014382458944461964,0.9134045077105575,0.6876140808344198,0.24320909665192672,0.9863474845707874,0.38413569468695435,0.04336579876390677,770,5274,2396,73,False,0.08942362582077229,0.2532070098426962,-0.3195148005996172,0.8035836813451922,-0.10411379125959142
densenet121,1.0,17,raw,1.0,nih,pleural_effusion,age45_64,9808,1231,8577,0.12550978792822187,0.8903743097720302,0.558793731373698,0.07526629254035501,0.24970091325716456,0.011899825365230637,0.009268265817656938,0.9277010560519903,0.646146671330302,0.27340196313143406,0.9841946368318238,0.4223372781065089,0.04336579876390677,1142,5542,3035,89,False,0.1099054900175662,0.31517258575231133,-0.07045386223763231,0.9098577706417803,0.024608355491884767
densenet121,1.0,17,raw,1.0,nih,pleural_effusion,age65_100,3008,462,2546,0.1535904255319149,0.8584674032435227,0.5335742798077554,0.0946573837785012,0.31083375031419364,0.02186083215714865,0.017501239085947033,0.9285714285714286,0.5369206598586017,0.2667910447761194,0.9764285714285714,0.4144927536231884,0.04336579876390677,429,1367,1179,33,False,0.13162151258602303,0.28083652954043825,-0.14432919812325062,0.8798048352691475,-0.026630893643284227
densenet121,1.0,17,raw,1.0,vinbig,cardiomegaly,PA,14998,1817,13181,0.12114948659821309,0.8510567089760003,0.436391824081198,0.10475518396521838,0.40949162701015124,0.09735390572669513,0.09736279631349422,0.9201981287837094,0.623321447538123,0.2519210486665662,0.982657576844875,0.39555240123018687,0.005730246514992078,1672,8216,4965,145,False,0.11584294874158528,0.0957137650311436,1.3070179973518994,0.7376699132827208,2.2123152234926846
densenet121,1.0,17,raw,1.0,vinbig,pleural_effusion,PA,14998,634,14364,0.04227230297372983,0.9205358735078144,0.6693984059257502,0.026630163901881755,0.11711092665001971,0.04776092949447373,0.03968102183158744,0.9369085173501577,0.5751183514341409,0.0886964312378677,0.9951813034574147,0.162051561860592,0.04336579876390677,594,8261,6103,40,False,0.04553419164022411,0.41516115818432286,0.13437742013380502,1.7338479519337522,-0.7953303402946678
densenet121,1.0,17,temperature,1.0,chexpert,cardiomegaly,female,8564,877,7687,0.10240541802895843,0.8025542983837868,0.3817788679043796,0.08352064926079494,0.31801812575751853,0.06197467326789086,0.06197467326789085,0.8962371721778791,0.4615584753479901,0.15959390862944162,0.9749931299807639,0.27094105480868663,0.009788197226261942,786,3548,4139,91,False,0.09801161569081003,0.14784948016497013,0.4473989821807139,0.7288052120968822,1.2077978347974572
densenet121,1.0,17,temperature,1.0,chexpert,cardiomegaly,male,10691,1157,9534,0.10822186886165934,0.8084682686845732,0.390196112257288,0.08868121385696388,0.3344744214307533,0.06865372342014515,0.06865372342014515,0.8833189282627485,0.4919236417033774,0.17422434367541767,0.9720207253886011,0.29104371351274383,0.009788197226261942,1022,4690,4844,135,False,0.1035448365914991,0.14354769608816498,0.5365828047325072,0.7256815701576634,1.310054381544124
densenet121,1.0,17,temperature,1.0,chexpert,cardiomegaly,PA,4366,368,3998,0.0842876775080165,0.8334510325815081,0.4089752680484821,0.06517417463447985,0.2572432331350574,0.042822580611083724,0.042822580611083724,0.8695652173913043,0.5847923961980991,0.16161616161616163,0.9798826487845766,0.272572402044293,0.009788197226261942,320,2338,1660,48,False,0.08077611187461328,0.19315038664341666,0.10662820673215097,0.6594402884819565,0.9712317334222065
densenet121,1.0,17,temperature,1.0,chexpert,cardiomegaly,AP,14889,1666,13223,0.11189468735307946,0.7973232777948206,0.38601458265751,0.09260603473437502,0.34765594147598305,0.07238663926408742,0.07238663926408742,0.8931572629051621,0.4461922407925584,0.16887980932924754,0.970714050674564,0.28405077789443545,0.009788197226261942,1488,5900,7323,178,False,0.10703880853860248,0.1348368316246945,0.635673847169311,0.757390426902062,1.3320954969441352
densenet121,1.0,17,temperature,1.0,chexpert,cardiomegaly,age18_44,4062,251,3811,0.06179222058099458,0.8170398960442669,0.3525945056540874,0.05068479008517238,0.21396586730937636,0.0345580266479627,0.0345580266479627,0.8167330677290837,0.6266071897139859,0.12592137592137592,0.981101068200493,0.21820117083555082,0.009788197226261942,205,2388,1423,46,False,0.05937606294110433,0.14637671185024337,0.011536075131533121,0.6494971216400806,1.0481070674526647
densenet121,1.0,17,temperature,1.0,chexpert,cardiomegaly,age45_64,6646,561,6085,0.08441167619620825,0.8118279806133255,0.3493960832707798,0.06975982974227218,0.2708783879578304,0.049234565048602415,0.049234565048602415,0.875222816399287,0.505505341002465,0.1402857142857143,0.9777495232040686,0.24181236148731838,0.009788197226261942,491,3076,3009,70,False,0.08089407249233281,0.13763978505490548,0.35905469956250097,0.7372092673916348,1.1085515962117065
densenet121,1.0,17,temperature,1.0,chexpert,cardiomegaly,age65_100,8547,1222,7325,0.142974142974143,0.7805902593521502,0.41356621334493915,0.11628129774437086,0.424708804156446,0.09326552420661673,0.09326552420661673,0.9099836333878887,0.37870307167235495,0.19636235211018896,0.9618585298196949,0.3230210602759622,0.009788197226261942,1112,2774,4551,110,False,0.13660486150988704,0.14877628468621684,0.6522252377101778,0.7271858091201152,1.4033955579833994
densenet121,1.0,17,temperature,1.0,chexpert,pleural_effusion,female,8432,2583,5849,0.30633301707779886,0.870382361835977,0.7542489586382897,0.15388490235061186,0.46540773405567787,0.11501772866817923,0.11499965259900921,0.9527680991095625,0.47734655496666095,0.44599492569771654,0.9581331503088538,0.6075793111961486,0.05987707228693095,2461,2792,3057,122,False,0.2497442422757069,0.38383002968000546,1.1493750277024954,1.242905412599868,0.8429306275911053
densenet121,1.0,17,temperature,1.0,chexpert,pleural_effusion,male,10501,3059,7442,0.2913055899438149,0.8655052927997875,0.7381501385181786,0.15121995931210439,0.46092710865910375,0.10803956418208907,0.10803956418208907,0.9483491337038248,0.4711099166890621,0.4243089074155331,0.9568777292576419,0.5862974939369442,0.05987707228693095,2901,3506,3936,158,False,0.23812285563224553,0.36494983267945125,1.1036365991525368,1.23531162307711,0.8008769416966672
densenet121,1.0,17,temperature,1.0,chexpert,pleural_effusion,PA,4254,829,3425,0.19487541137752704,0.8883704753770703,0.7461873011232558,0.10388005630793315,0.34052027834768617,0.07204336705408726,0.07204336705408727,0.9095295536791315,0.6233576642335766,0.36888454011741684,0.9660633484162896,0.5248868778280543,0.05987707228693095,754,2135,1290,75,False,0.16354905273004827,0.3648385326976116,1.2521389718684923,1.3112359733772643,0.7423235312475935
densenet121,1.0,17,temperature,1.0,chexpert,pleural_effusion,AP,14679,4813,9866,0.3278833708018257,0.8553007664010855,0.7443310665253254,0.1664699591132107,0.4983950076637147,0.12246938147986076,0.12246938147986074,0.9574070226469977,0.421954186093655,0.4469013674716322,0.9530677655677655,0.6093626024861147,0.05987707228693095,4608,4163,5703,205,False,0.2664101020198477,0.3751364612262016,1.1015595055787675,1.2215741865185588,0.8354568791443604
densenet121,1.0,17,temperature,1.0,chexpert,pleural_effusion,age18_44,3985,697,3288,0.17490589711417817,0.8775351960260693,0.6641310205728732,0.10062300339178125,0.33098329924812325,0.05989735692246893,0.05989735692246894,0.8880918220946915,0.6651459854014599,0.3598837209302326,0.9655629139072848,0.5122052130740588,0.05987707228693095,619,2187,1101,78,False,0.14810572738450944,0.32060018765820175,0.7904751584182633,1.0783728966431656,0.6670611307066315
densenet121,1.0,17,temperature,1.0,chexpert,pleural_effusion,age45_64,6503,1856,4647,0.28540673535291405,0.8741983032249208,0.751724645267398,0.14655457404936534,0.44797461667822136,0.10946855976068741,0.10946855976068742,0.9445043103448276,0.5069937594146762,0.4334817012858556,0.9581130540870273,0.5942372881355932,0.05987707228693095,1753,2356,2291,103,False,0.2335610055335426,0.3725212232470969,1.1904106268187797,1.2568926798654152,0.844336730762508
densenet121,1.0,17,temperature,1.0,chexpert,pleural_effusion,age65_100,8445,3089,5356,0.36577856719952634,0.8435679702314048,0.7580478190216313,0.1813488722081109,0.5366922678300152,0.1367545179693652,0.13660574573489329,0.9679507931369375,0.3276699029126214,0.4536489151873767,0.9466019417475728,0.6177685950413223,0.05987707228693095,2990,1755,3601,99,False,0.29571616521623123,0.3867468419404586,1.1829230738013405,1.2925677007322258,0.8467051375244937
densenet121,1.0,17,temperature,1.0,nih,cardiomegaly,female,9358,286,9072,0.030562085915793975,0.8956546925296924,0.2577193178247751,0.02553483307462125,0.09804683329429903,0.0037474371026903815,0.003939456121355362,0.9475524475524476,0.6095679012345679,0.07107264621033307,0.9972948602344455,0.13222737252988534,0.009788197226261942,271,5530,3542,15,False,0.029666668186265496,0.13927533370791956,-0.22589198263036603,0.9043581052811199,-0.010440110195451631
densenet121,1.0,17,temperature,1.0,nih,cardiomegaly,male,11971,211,11760,0.017625929329212264,0.888467816036367,0.18393479526301093,0.015785532292456307,0.06683779799832289,0.0021569890409770154,0.003869401952598898,0.9004739336492891,0.691921768707483,0.04982953055337005,0.9974258396665849,0.09443339960238568,0.009788197226261942,190,8137,3623,21,False,0.017360432982309947,0.090717823193606,-0.38232263964298124,0.8858705592223639,-0.0742762248003726
densenet121,1.0,17,temperature,1.0,nih,cardiomegaly,PA,12801,294,12507,0.022966955706585423,0.9285434170469979,0.2884295439207165,0.018710430954635583,0.07148575054826041,0.0031634644596547678,0.002742376157223578,0.9523809523809523,0.7082433837051252,0.07126495291422753,0.9984220018034266,0.1326071513142316,0.009788197226261942,280,8858,3649,14,False,0.0224413800464992,0.16625310404854698,-0.0975371390943308,0.9809288567763372,-0.05573753994717096
densenet121,1.0,17,temperature,1.0,nih,cardiomegaly,AP,8528,203,8325,0.02380393996247655,0.832391899288451,0.13032048061878956,0.02209326317249179,0.09410746400535785,0.00589819307035586,0.006469381552762142,0.8916256157635468,0.5776576576576576,0.048958615093318905,0.9954460774166839,0.09282051282051282,0.009788197226261942,181,4809,3516,22,False,0.02323760766217972,0.04924536580202288,-0.6362354397014337,0.7795025385026088,-0.016916784751889364
densenet121,1.0,17,temperature,1.0,nih,cardiomegaly,age18_44,8513,178,8335,0.020909197697638906,0.9061379858859688,0.21079402642749642,0.01834411302656641,0.07319685898172813,0.0027915845421499835,0.004399025185901575,0.9550561797752809,0.6832633473305338,0.060498220640569395,0.9985972295283184,0.11378848728246319,0.009788197226261942,170,5695,2640,8,False,0.020483823806248812,0.1044585620302817,-0.3635473242573914,0.9042511657505523,-0.1375511525083139
densenet121,1.0,17,temperature,1.0,nih,cardiomegaly,age45_64,9808,238,9570,0.02426590538336052,0.9007097196245268,0.2470990895134245,0.02052766459932007,0.0813892612512691,0.00369623962515067,0.0038351066238555566,0.9285714285714286,0.6540229885057471,0.06257078142695356,0.9972912683237731,0.11724137931034483,0.009788197226261942,221,6259,3311,17,False,0.023677077846963157,0.1330152845718262,-0.1462263478929605,0.9305194866444605,0.025928578730105907
densenet121,1.0,17,temperature,1.0,nih,cardiomegaly,age65_100,3008,81,2927,0.0269281914893617,0.8432094547571145,0.21921318393922157,0.023412502127662566,0.09848630682914714,0.004940956196014156,0.007727447122675129,0.8641975308641975,0.5852408609497779,0.05451713395638629,0.9936194895591647,0.10256410256410256,0.009788197226261942,70,1713,1214,11,True,0.026209724911135008,0.10672461435427205,-0.4608505849608462,0.8207378316242581,0.005047519404376932
densenet121,1.0,17,temperature,1.0,nih,pleural_effusion,female,9358,1069,8289,0.11423381064329985,0.8826243736415804,0.5199973086705417,0.07315348076038031,0.24411724977613397,0.018460643627847013,0.01881662892440346,0.9251637043966323,0.6332488840632163,0.24547034003474807,0.9849878025896041,0.387995292271479,0.05987707228693095,989,5249,3040,80,False,0.10118526860889815,0.2770342781503744,-0.22187647773473348,0.9897472933728811,-0.21178887064427251
densenet121,1.0,17,temperature,1.0,nih,pleural_effusion,male,11971,1467,10504,0.1225461532035753,0.8862050669436929,0.5254644101841026,0.07627564569739503,0.25060035419731325,0.01049949756168087,0.009973234254138019,0.9216087252897068,0.6601294744859101,0.2746850873628606,0.9836856291672578,0.423227422131789,0.05987707228693095,1352,6934,3570,115,False,0.10761357772293144,0.29120797476152105,-0.13209011847123256,0.9586205186942345,-0.09081839000880651
densenet121,1.0,17,temperature,1.0,nih,pleural_effusion,PA,12801,1189,11612,0.09288336848683697,0.9043689614322588,0.5340076382177481,0.05752385127360657,0.19732275998036816,0.015644971948164735,0.015167082267380266,0.9058031959629941,0.7290733723734069,0.2550319677954061,0.9869433434366985,0.39800443458980045,0.05987707228693095,1077,8466,3146,112,False,0.08467400948936504,0.3206433518324002,-0.21757167737445846,0.9896650571930564,-0.20702844249439203
densenet121,1.0,17,temperature,1.0,nih,pleural_effusion,AP,8528,1347,7181,0.15795028142589118,0.846803104827792,0.5125572960786065,0.10099709280554843,0.32345888989122956,0.014824891129624516,0.013916972287850613,0.9383815887156645,0.51761593092884,0.2673434856175973,0.9781578947368421,0.41613168724279836,0.05987707228693095,1264,3717,3464,83,False,0.13499318563437138,0.2518356216950184,-0.14153687472450685,0.9423995039639688,-0.08683924862164923
densenet121,1.0,17,temperature,1.0,nih,pleural_effusion,age18_44,8513,843,7670,0.09902502055679549,0.8851528269466625,0.4688179632094309,0.06696983630771085,0.22361021186032407,0.016539563274000493,0.01917774559611831,0.9134045077105575,0.6876140808344198,0.24320909665192672,0.9863474845707874,0.38413569468695435,0.05987707228693095,770,5274,2396,73,False,0.08942362582077229,0.2510945995196454,-0.3195615521354355,0.9028106019308264,-0.219147880679288
densenet121,1.0,17,temperature,1.0,nih,pleural_effusion,age45_64,9808,1231,8577,0.12550978792822187,0.8903743097720302,0.558793731373698,0.07558092092115483,0.24945911556655684,0.013088156216625927,0.014810112471267517,0.9277010560519903,0.646146671330302,0.27340196313143406,0.9841946368318238,0.4223372781065089,0.05987707228693095,1142,5542,3035,89,False,0.1099054900175662,0.3123098681505835,-0.07057065614315172,1.0221547836984948,-0.09234634851735565
densenet121,1.0,17,temperature,1.0,nih,pleural_effusion,age65_100,3008,462,2546,0.1535904255319149,0.8584674032435227,0.5335742798077554,0.09516427483940351,0.3105376743541791,0.02109550296902459,0.02103303592018363,0.9285714285714286,0.5369206598586017,0.2667910447761194,0.9764285714285714,0.4144927536231884,0.05987707228693095,429,1367,1179,33,False,0.13162151258602303,0.2769854033001816,-0.1443282744358213,0.9884337932837672,-0.1337588684015807
densenet121,1.0,17,temperature,1.0,vinbig,cardiomegaly,PA,14998,1817,13181,0.12114948659821309,0.8510567089760003,0.436391824081198,0.10227048172294788,0.37605264689823586,0.09119063705807019,0.09121596553030113,0.9201981287837094,0.623321447538123,0.2519210486665662,0.982657576844875,0.39555240123018687,0.009788197226261942,1672,8216,4965,145,False,0.11584294874158528,0.11716265138341697,1.3070218166216405,0.8238732480838482,1.8585955961684135
densenet121,1.0,17,temperature,1.0,vinbig,pleural_effusion,PA,14998,634,14364,0.04227230297372983,0.9205358735078144,0.6693984059257502,0.02883594139920254,0.129076206860052,0.06084671131938141,0.052120049547560575,0.9369085173501577,0.5751183514341409,0.0886964312378677,0.9951813034574147,0.162051561860592,0.05987707228693095,594,8261,6103,40,False,0.04553419164022411,0.36671893448681825,0.13407454825548784,1.9478872417507715,-0.9693014184291467
densenet121,1.0,43,raw,1.0,chexpert,cardiomegaly,female,8564,877,7687,0.10240541802895843,0.7847386019044131,0.3605911143324539,0.08358066391020413,0.35862074983409464,0.06210786448217772,0.061685033483011555,0.7263397947548461,0.6864836737348771,0.2090580899245159,0.9564980967917346,0.32466870540265036,0.012970386437368456,637,5277,2410,240,False,0.09801161569081003,0.14723715836019013,-0.10753789255639501,0.4808958747945275,1.4016995594134187
densenet121,1.0,43,raw,1.0,chexpert,cardiomegaly,male,10691,1157,9534,0.10822186886165934,0.801136187477325,0.3934179265832392,0.08629558750133194,0.36688096434458106,0.06655203147038732,0.06626607707305851,0.7510803802938635,0.6938325991189427,0.22940865892291445,0.9582790091264668,0.3514661274014156,0.012970386437368456,869,6615,2919,288,False,0.1035448365914991,0.16658724527441382,0.019701940916333333,0.4954300828699126,1.4681934918480501
densenet121,1.0,43,raw,1.0,chexpert,cardiomegaly,PA,4366,368,3998,0.0842876775080165,0.8269243317310828,0.4220104192844887,0.06378071528148506,0.28266995591299376,0.04242365627277775,0.04242365627277775,0.7581521739130435,0.7431215607803902,0.21362940275650844,0.9709150326797386,0.3333333333333333,0.012970386437368456,279,2971,1027,89,False,0.08077611187461328,0.2104012708548011,-0.17721521085120748,0.4947939826278183,1.1420485948940788
densenet121,1.0,43,raw,1.0,chexpert,cardiomegaly,AP,14889,1666,13223,0.11189468735307946,0.7835521185710917,0.36943402054263624,0.09133617629019843,0.38682352500980405,0.07073696774286414,0.0706225786452839,0.7364945978391356,0.6746577932390532,0.22192078133478024,0.9530982905982905,0.34107018763029884,0.012970386437368456,1227,8921,4302,439,False,0.10703880853860248,0.14670036468820613,0.001054404450506954,0.4890410929487868,1.5052934257155168
densenet121,1.0,43,raw,1.0,chexpert,cardiomegaly,age18_44,4062,251,3811,0.06179222058099458,0.7987091257117946,0.33641888944888404,0.05034070456471967,0.24096098573108574,0.03462181859584114,0.03252695772781263,0.6653386454183267,0.7662030963001837,0.15784499054820417,0.9720372836218375,0.25515660809778457,0.012970386437368456,167,2920,891,84,False,0.05937606294110433,0.15217173266181216,-0.49490888834539754,0.45457070559715873,1.1097224543770665
densenet121,1.0,43,raw,1.0,chexpert,cardiomegaly,age45_64,6646,561,6085,0.08441167619620825,0.8076943244616888,0.3519244880908746,0.06805324358124495,0.2916264892705602,0.0472095618528512,0.046510926749060245,0.7379679144385026,0.7094494658997534,0.18973418881759854,0.9670698924731183,0.3018592781625957,0.012970386437368456,414,4317,1768,147,False,0.08089407249233281,0.15873633896111383,-0.15569624982167238,0.5143914658535083,1.2050524048777194
densenet121,1.0,43,raw,1.0,chexpert,cardiomegaly,age65_100,8547,1222,7325,0.142974142974143,0.7695784340559593,0.4081837768978114,0.11484791539965868,0.47696493736460627,0.09307185389867205,0.09307185389867206,0.7569558101472995,0.6354948805460751,0.2573018080667594,0.9400242326332795,0.3840564666805065,0.012970386437368456,925,4655,2670,297,False,0.13660486150988704,0.15926919342218038,0.11953077539675329,0.47334673633956686,1.6537826713033184
densenet121,1.0,43,raw,1.0,chexpert,pleural_effusion,female,8432,2583,5849,0.30633301707779886,0.864166072112813,0.7459024169324735,0.15093142829640946,0.46380931599268416,0.10886464447306236,0.10870932824457889,0.9376693766937669,0.5070952299538383,0.456550424128181,0.948512951710905,0.6140973630831643,0.06164962595497456,2422,2966,2883,161,False,0.2497442422757069,0.39565602425465474,0.978801905924816,1.0985154578815646,0.8463549169390283
densenet121,1.0,43,raw,1.0,chexpert,pleural_effusion,male,10501,3059,7442,0.2913055899438149,0.8617424240760343,0.7331140247612322,0.15096474121386655,0.4665484287505439,0.11362688166776422,0.11362688166776422,0.9228506047728016,0.5451491534533728,0.45473582474226804,0.9450267877940834,0.6092586597604402,0.06164962595497456,2823,4057,3385,236,False,0.23812285563224553,0.36602162437101404,1.0407036510260326,1.0843791148615254,0.9171697821068494
densenet121,1.0,43,raw,1.0,chexpert,pleural_effusion,PA,4254,829,3425,0.19487541137752704,0.8939788506070985,0.7673681606229282,0.0940175187469731,0.31832862729078115,0.06450502953285417,0.06450502953285418,0.8757539203860072,0.68992700729927,0.40604026845637586,0.9582319545823196,0.5548337791364157,0.06164962595497456,726,2363,1062,103,False,0.16354905273004827,0.42514177136716846,1.026387120276968,1.172742979026199,0.7391388165884816
densenet121,1.0,43,raw,1.0,chexpert,pleural_effusion,AP,14679,4813,9866,0.3278833708018257,0.8471848660266983,0.7307112516018591,0.1674490105683298,0.5079293700023702,0.12516905617863297,0.12503770996108182,0.9389154373571577,0.47232921143320494,0.46467866323907453,0.9406540169559952,0.6216811115696794,0.06164962595497456,4519,4660,5206,294,False,0.2664101020198477,0.371461482508442,0.9980409907352514,1.0621559410625856,0.9137025359887938
densenet121,1.0,43,raw,1.0,chexpert,pleural_effusion,age18_44,3985,697,3288,0.17490589711417817,0.877143789686072,0.656578619319765,0.10037960269763511,0.3288399909512752,0.0602522650152672,0.05982256281335187,0.8823529411764706,0.6806569343065694,0.36936936936936937,0.9646551724137931,0.5207451312447079,0.06164962595497456,615,2238,1050,82,False,0.14810572738450944,0.3222436129223323,0.8032204124611311,1.065617381027679,0.6928062670361572
densenet121,1.0,43,raw,1.0,chexpert,pleural_effusion,age45_64,6503,1856,4647,0.28540673535291405,0.8694808780043483,0.7472134533305987,0.14410646678763162,0.44817585446389013,0.10794039468123602,0.10794039468123601,0.9261853448275862,0.5551969012265978,0.4540412044374009,0.9495767390504233,0.609358383551932,0.06164962595497456,1719,2580,2067,137,False,0.2335610055335426,0.38300288415680783,1.0610961260850527,1.1121232578407598,0.8957732358180822
densenet121,1.0,43,raw,1.0,chexpert,pleural_effusion,age65_100,8445,3089,5356,0.36577856719952634,0.8376794624787032,0.7502589753693152,0.18008259095465873,0.5429426000284506,0.1387014053499008,0.13848474135325,0.9423761735189382,0.41168782673637044,0.48020455295282083,0.9253042383550147,0.6362146213528576,0.06164962595497456,2911,2205,3151,178,False,0.29571616521623123,0.39102892524329824,1.0202813606419923,1.0657200243347578,0.9357828083259363
densenet121,1.0,43,raw,1.0,nih,cardiomegaly,female,9358,286,9072,0.030562085915793975,0.8996429881846548,0.2664984553515688,0.026298695153040307,0.09950344004253954,0.009305049734628264,0.010720667973875653,0.8951048951048951,0.7119708994708994,0.08922969675845242,0.9953767914932964,0.16228209191759113,0.012970386437368456,256,6459,2613,30,False,0.029666668186265496,0.11352717508009302,-0.7056806646227665,0.7583212952306115,-0.26033865874330137
densenet121,1.0,43,raw,1.0,nih,cardiomegaly,male,11971,211,11760,0.017625929329212264,0.8938664683883033,0.1918573144892149,0.01615480447716715,0.06729863175261235,0.005490845365655432,0.007358670549354557,0.8909952606635071,0.7387755102040816,0.05766871165644172,0.9973596601997474,0.1083261307980409,0.012970386437368456,188,8688,3072,23,False,0.017360432982309947,0.06944691450791096,-0.7896246771745312,0.8051133313725106,-0.33452467881622794
densenet121,1.0,43,raw,1.0,nih,cardiomegaly,PA,12801,294,12507,0.022966955706585423,0.9297394819445328,0.2978264561100669,0.01909333270632117,0.07228235097117706,0.007201634838767696,0.008402245733795997,0.9217687074829932,0.7628528024306388,0.08371949335804757,0.9975951484734421,0.1534975927499292,0.012970386437368456,271,9541,2966,23,False,0.0224413800464992,0.14919079545200775,-0.6156200173767036,0.8615638159478063,-0.37405270733302587
densenet121,1.0,43,raw,1.0,nih,cardiomegaly,AP,8528,203,8325,0.02380393996247655,0.8448139765381144,0.1373984016684586,0.022875070551677045,0.09515698145480413,0.009375674799823309,0.009151651752476614,0.8522167487684729,0.6733933933933934,0.059820193637621026,0.9946770759403832,0.11179321486268175,0.012970386437368456,173,5606,2719,30,False,0.02323760766217972,0.015601309557038534,-0.9788216820167411,0.6840010854870215,-0.18192775302332845
densenet121,1.0,43,raw,1.0,nih,cardiomegaly,age18_44,8513,178,8335,0.020909197697638906,0.900188052277185,0.19299753991813093,0.019474921515223186,0.07704945363883027,0.008434859356062908,0.0106165673572048,0.8932584269662921,0.7401319736052789,0.06838709677419355,0.9969295410471881,0.12704754294846185,0.012970386437368456,159,6169,2166,19,False,0.020483823806248812,0.04925361107225745,-0.9073403162848743,0.7613678154918211,-0.43399764389017254
densenet121,1.0,43,raw,1.0,nih,cardiomegaly,age45_64,9808,238,9570,0.02426590538336052,0.9085708578102087,0.2700585694825807,0.020731038609815223,0.08065154702068718,0.005681853252244539,0.006863532364550355,0.9159663865546218,0.725496342737722,0.0766256590509666,0.9971276748527933,0.14142069412909503,0.012970386437368456,218,6943,2627,20,False,0.023677077846963157,0.12442579511668062,-0.5832490692003587,0.8257150328731938,-0.2171082885369168
densenet121,1.0,43,raw,1.0,nih,cardiomegaly,age65_100,3008,81,2927,0.0269281914893617,0.8658488234276869,0.241139354589852,0.023395053222791375,0.09635396962179041,0.01110201157080451,0.010712546900549545,0.8271604938271605,0.6952511103518961,0.06986444212721585,0.9931673987310884,0.12884615384615383,0.012970386437368456,67,2035,892,14,True,0.026209724911135008,0.10739035597996072,-0.754645425460304,0.737661314370964,-0.16910068963992883
densenet121,1.0,43,raw,1.0,nih,pleural_effusion,female,9358,1069,8289,0.11423381064329985,0.8832754895896497,0.5225216613724712,0.07530148651726598,0.24796160681882148,0.03196961020211283,0.034179348420193746,0.9223573433115061,0.62588973338159,0.24125275263029117,0.9842534623411118,0.382467028704422,0.06164962595497456,986,5188,3101,83,False,0.10118526860889815,0.2558058346583859,-0.4848918389715926,0.9083388963182312,-0.41505667055040424
densenet121,1.0,43,raw,1.0,nih,pleural_effusion,male,11971,1467,10504,0.1225461532035753,0.8852065509760036,0.5294552812778672,0.07753641733923859,0.25451635123901284,0.024359686322096154,0.02610376171823878,0.923653715064758,0.6571782178217822,0.27340597255851495,0.9840342124019957,0.4219212206134205,0.06164962595497456,1355,6903,3601,112,False,0.10761357772293144,0.2794922445672363,-0.38764982419328986,0.8822007919279562,-0.2942012501842672
densenet121,1.0,43,raw,1.0,nih,pleural_effusion,PA,12801,1189,11612,0.09288336848683697,0.9036989590826693,0.5441914837060255,0.05775057642689501,0.19802803502128147,0.016676298085104433,0.019455518845097816,0.8889823380992431,0.7607647261453668,0.275619295958279,0.9852777158153022,0.42078025477707004,0.06164962595497456,1057,8834,2778,132,False,0.08467400948936504,0.31796572791148603,-0.394310382229706,0.861248176849091,-0.2605812994731266
densenet121,1.0,43,raw,1.0,nih,pleural_effusion,AP,8528,1347,7181,0.15795028142589118,0.8457575965280812,0.5067677851298567,0.10478361092353626,0.33211574589415227,0.044905785737131,0.045388672179052764,0.9532293986636972,0.45355800027851273,0.2465437788018433,0.9810240963855422,0.3917620137299771,0.06164962595497456,1284,3257,3924,63,False,0.13499318563437138,0.22378592348103887,-0.44030144637039503,0.9580332845350441,-0.41312249169997056
densenet121,1.0,43,raw,1.0,nih,pleural_effusion,age18_44,8513,843,7670,0.09902502055679549,0.8844761909180752,0.4790783279399497,0.06886718162245856,0.22761287596097668,0.027265979575236122,0.028240670134782715,0.9145907473309609,0.6810951760104302,0.23966428349393845,0.986404833836858,0.37980295566502464,0.06164962595497456,771,5224,2446,72,False,0.08942362582077229,0.2298771047319651,-0.5211585473350123,0.8394816003158591,-0.3819912795766208
densenet121,1.0,43,raw,1.0,nih,pleural_effusion,age45_64,9808,1231,8577,0.12550978792822187,0.8900029900683699,0.5556918437957514,0.07681811759635981,0.25302803610778485,0.02617050558715656,0.029036068958813447,0.9220146222583265,0.6413664451439898,0.26953217763001663,0.9828479542612114,0.4171260565968394,0.06164962595497456,1135,5501,3076,96,False,0.1099054900175662,0.30105295391447706,-0.3620107954957319,0.9393464323591613,-0.31636765647506304
densenet121,1.0,43,raw,1.0,nih,pleural_effusion,age65_100,3008,462,2546,0.1535904255319149,0.8591262756620179,0.5357536993489943,0.09746055460755099,0.31511720947201005,0.03583554994814756,0.041066753405494656,0.9415584415584416,0.5365278868813825,0.2693498452012384,0.9806173725771715,0.41887337506018296,0.06164962595497456,435,1366,1180,27,False,0.13162151258602303,0.2595393207941269,-0.44177881807155966,0.8817379493471762,-0.36113390738291784
densenet121,1.0,43,raw,1.0,vinbig,cardiomegaly,PA,14998,1817,13181,0.12114948659821309,0.8534793310211989,0.4646057501717674,0.09873575193376512,0.38225426969497706,0.088704529219115,0.08870756137724761,0.8106769400110072,0.7393217510052348,0.30006111224281934,0.9659034592130042,0.43800178412132024,0.012970386437368456,1473,9745,3436,344,False,0.11584294874158528,0.1476757713236544,0.9879759882498456,0.6953313263233089,1.9615512061528646
densenet121,1.0,43,raw,1.0,vinbig,pleural_effusion,PA,14998,634,14364,0.04227230297372983,0.9063036688285735,0.6315078287969885,0.026922979421224826,0.11636810773718445,0.038752017098711726,0.032946304230118725,0.8817034700315457,0.7177666388192704,0.12117927595924562,0.9927780452575831,0.21307413760243948,0.06164962595497456,559,10310,4054,75,False,0.04553419164022411,0.40873048468831197,-0.208118495781963,1.4208731856469676,-0.7600277756100474
densenet121,1.0,43,temperature,1.0,chexpert,cardiomegaly,female,8564,877,7687,0.10240541802895843,0.7847386019044131,0.3605911143324539,0.08384801520613776,0.3649809660862963,0.06355350182251894,0.06302688926085195,0.7263397947548461,0.6864836737348771,0.2090580899245159,0.9564980967917346,0.32466870540265036,0.011645495012631948,637,5277,2410,240,False,0.09801161569081003,0.14450940722529393,-0.10767335471809256,0.46905946706237783,1.4667271179188177
densenet121,1.0,43,temperature,1.0,chexpert,cardiomegaly,male,10691,1157,9534,0.10822186886165934,0.801136187477325,0.3934179265832392,0.0866185960328848,0.37341895296540284,0.06793866049125559,0.06759331176127768,0.7510803802938635,0.6938325991189427,0.22940865892291445,0.9582790091264668,0.3514661274014156,0.011645495012631948,869,6615,2919,288,False,0.1035448365914991,0.16346774127802255,0.01993576206605654,0.4833144217706359,1.5328078849287985
densenet121,1.0,43,temperature,1.0,chexpert,cardiomegaly,PA,4366,368,3998,0.0842876775080165,0.8269243317310828,0.4220104192844887,0.06395366673099484,0.2873364153398634,0.043990562329807754,0.043507744639251396,0.7581521739130435,0.7431215607803902,0.21362940275650844,0.9709150326797386,0.3333333333333333,0.011645495012631948,279,2971,1027,89,False,0.08077611187461328,0.2082601496062536,-0.17716865598551704,0.482658350400461,1.198532420060822
densenet121,1.0,43,temperature,1.0,chexpert,cardiomegaly,AP,14889,1666,13223,0.11189468735307946,0.7835521185710917,0.36943402054263624,0.09167117358220242,0.39380806167924776,0.07220529028955487,0.07202952263918222,0.7364945978391356,0.6746577932390532,0.22192078133478024,0.9530982905982905,0.34107018763029884,0.011645495012631948,1227,8921,4302,439,False,0.10703880853860248,0.14357068399969974,0.001040295106440165,0.4770267586280812,1.5718275831270747
densenet121,1.0,43,temperature,1.0,chexpert,cardiomegaly,age18_44,4062,251,3811,0.06179222058099458,0.7987091257117946,0.33641888944888404,0.050432270452580384,0.24509791929660857,0.03544853943089123,0.03351355470413949,0.6653386454183267,0.7662030963001837,0.15784499054820417,0.9720372836218375,0.25515660809778457,0.011645495012631948,167,2920,891,84,False,0.05937606294110433,0.15062959794749908,-0.49486876757292075,0.443412936591335,1.1726417858698286
densenet121,1.0,43,temperature,1.0,chexpert,cardiomegaly,age45_64,6646,561,6085,0.08441167619620825,0.8076943244616888,0.3519244880908746,0.06827268296579905,0.2964967408716868,0.04893459359914091,0.04774311808127006,0.7379679144385026,0.7094494658997534,0.18973418881759854,0.9670698924731183,0.3018592781625957,0.011645495012631948,414,4317,1768,147,False,0.08089407249233281,0.15602366326321404,-0.15569563810257178,0.5017507566719867,1.2672951871377938
densenet121,1.0,43,temperature,1.0,chexpert,cardiomegaly,age65_100,8547,1222,7325,0.142974142974143,0.7695784340559593,0.4081837768978114,0.11530568373041454,0.4857627157716285,0.09486682989465511,0.0946495324316626,0.7569558101472995,0.6354948805460751,0.2573018080667594,0.9400242326332795,0.3840564666805065,0.011645495012631948,925,4655,2670,297,False,0.13660486150988704,0.155918153600492,0.11953320858122886,0.4617200185996417,1.720244502978173
densenet121,1.0,43,temperature,1.0,chexpert,pleural_effusion,female,8432,2583,5849,0.30633301707779886,0.864166072112813,0.7459024169324735,0.15049054593193198,0.4615752235018038,0.10637792346125884,0.10636881687125208,0.9376693766937669,0.5070952299538383,0.456550424128181,0.948512951710905,0.6140973630831643,0.06520156271800717,2422,2966,2883,161,False,0.2497442422757069,0.3974213597052745,0.9787999222587296,1.1231879633343178,0.8164182679177663
densenet121,1.0,43,temperature,1.0,chexpert,pleural_effusion,male,10501,3059,7442,0.2913055899438149,0.8617424240760343,0.7331140247612322,0.15044605162488175,0.4638515633742399,0.1111871271137559,0.1111871271137559,0.9228506047728016,0.5451491534533728,0.45473582474226804,0.9450267877940834,0.6092586597604402,0.06520156271800717,2823,4057,3385,236,False,0.23812285563224553,0.3681998679823113,1.0407121858488864,1.108733919265315,0.8846090138155454
densenet121,1.0,43,temperature,1.0,chexpert,pleural_effusion,PA,4254,829,3425,0.19487541137752704,0.8939788506070985,0.7673681606229282,0.09388201374034975,0.3169723915793847,0.062434510584400006,0.06243451058440002,0.8757539203860072,0.68992700729927,0.40604026845637586,0.9582319545823196,0.5548337791364157,0.06520156271800717,726,2363,1062,103,False,0.16354905273004827,0.42597029959378574,1.0264577042186647,1.1991246516766634,0.701759803099488
densenet121,1.0,43,temperature,1.0,chexpert,pleural_effusion,AP,14679,4813,9866,0.3278833708018257,0.8471848660266983,0.7307112516018591,0.16686396791058558,0.5051098165938688,0.12258747025466837,0.12254795814796038,0.9389154373571577,0.47232921143320494,0.46467866323907453,0.9406540169559952,0.6216811115696794,0.06520156271800717,4519,4660,5206,294,False,0.2664101020198477,0.3736575053067841,0.9980206291011593,1.0859985375157541,0.883634361112874
densenet121,1.0,43,temperature,1.0,chexpert,pleural_effusion,age18_44,3985,697,3288,0.17490589711417817,0.877143789686072,0.656578619319765,0.10010380185374128,0.3271357196249301,0.05810438856646385,0.05759092634640547,0.8823529411764706,0.6806569343065694,0.36936936936936937,0.9646551724137931,0.5207451312447079,0.06520156271800717,615,2238,1050,82,False,0.14810572738450944,0.3241058018380777,0.8031907639551539,1.0895362230622363,0.6553421653017202
densenet121,1.0,43,temperature,1.0,chexpert,pleural_effusion,age45_64,6503,1856,4647,0.28540673535291405,0.8694808780043483,0.7472134533305987,0.1436453522141045,0.44574256572133686,0.10556919948352536,0.10556919948352536,0.9261853448275862,0.5551969012265978,0.4540412044374009,0.9495767390504233,0.609358383551932,0.06520156271800717,1719,2580,2067,137,False,0.2335610055335426,0.3849771630929417,1.0610875713891503,1.1370967502732776,0.8629136851310004
densenet121,1.0,43,temperature,1.0,chexpert,pleural_effusion,age65_100,8445,3089,5356,0.36577856719952634,0.8376794624787032,0.7502589753693152,0.17948264009182394,0.5400364480721022,0.13599307755454787,0.13599307755454784,0.9423761735189382,0.41168782673637044,0.48020455295282083,0.9253042383550147,0.6362146213528576,0.06520156271800717,2911,2205,3151,178,False,0.29571616521623123,0.39305773169152225,1.020195145744067,1.0896180031989076,0.9073337819173847
densenet121,1.0,43,temperature,1.0,nih,cardiomegaly,female,9358,286,9072,0.030562085915793975,0.8996429881846548,0.2664984553515688,0.026285576342931133,0.09969680322739488,0.009595681420245632,0.01051246639663497,0.8951048951048951,0.7119708994708994,0.08922969675845242,0.9953767914932964,0.16228209191759113,0.011645495012631948,256,6459,2613,30,False,0.029666668186265496,0.11396938213977381,-0.7057600795757744,0.7396383656261872,-0.2193564610838716
densenet121,1.0,43,temperature,1.0,nih,cardiomegaly,male,11971,211,11760,0.017625929329212264,0.8938664683883033,0.1918573144892149,0.01611693857856692,0.0672289337235486,0.006099114743420237,0.007207875656426422,0.8909952606635071,0.7387755102040816,0.05766871165644172,0.9973596601997474,0.1083261307980409,0.011645495012631948,188,8688,3072,23,False,0.017360432982309947,0.0716280754639087,-0.7899655777559466,0.7852407472834165,-0.28033199710278506
densenet121,1.0,43,temperature,1.0,nih,cardiomegaly,PA,12801,294,12507,0.022966955706585423,0.9297394819445328,0.2978264561100669,0.019063222263026643,0.07217828050885022,0.006251277977006308,0.007895408032349172,0.9217687074829932,0.7628528024306388,0.08371949335804757,0.9975951484734421,0.1534975927499292,0.011645495012631948,271,9541,2966,23,False,0.0224413800464992,0.15053253304711722,-0.6156368832522363,0.8403924245616242,-0.33339416356522467
densenet121,1.0,43,temperature,1.0,nih,cardiomegaly,AP,8528,203,8325,0.02380393996247655,0.8448139765381144,0.1373984016684586,0.022852718920282608,0.09542754237954616,0.010188980574229957,0.009737313121114251,0.8522167487684729,0.6733933933933934,0.059820193637621026,0.9946770759403832,0.11179321486268175,0.011645495012631948,173,5606,2719,30,False,0.02323760766217972,0.0165631827291558,-0.9783362786515726,0.6672443746181047,-0.1255048791877349
densenet121,1.0,43,temperature,1.0,nih,cardiomegaly,age18_44,8513,178,8335,0.020909197697638906,0.900188052277185,0.19299753991813093,0.01942504289101741,0.07697531423268779,0.008674803848451136,0.009976156681249107,0.8932584269662921,0.7401319736052789,0.06838709677419355,0.9969295410471881,0.12704754294846185,0.011645495012631948,159,6169,2166,19,False,0.020483823806248812,0.051688636128007004,-0.9075276696082403,0.7425595477711239,-0.3898468245152449
densenet121,1.0,43,temperature,1.0,nih,cardiomegaly,age45_64,9808,238,9570,0.02426590538336052,0.9085708578102087,0.2700585694825807,0.020724311197919613,0.08072922007416664,0.00635449724069877,0.00644724867059165,0.9159663865546218,0.725496342737722,0.0766256590509666,0.9971276748527933,0.14142069412909503,0.011645495012631948,218,6943,2627,20,False,0.023677077846963157,0.12470992696517524,-0.5836367360734374,0.8053000229607873,-0.16807584558733318
densenet121,1.0,43,temperature,1.0,nih,cardiomegaly,age65_100,3008,81,2927,0.0269281914893617,0.8658488234276869,0.241139354589852,0.02336664254679102,0.09663471065700273,0.011875993763704585,0.010775814422550772,0.8271604938271605,0.6952511103518961,0.06986444212721585,0.9931673987310884,0.12884615384615383,0.011645495012631948,67,2035,892,14,True,0.026209724911135008,0.10847433057704958,-0.755237876156216,0.719355711589353,-0.11872206490330862
densenet121,1.0,43,temperature,1.0,nih,pleural_effusion,female,9358,1069,8289,0.11423381064329985,0.8832754895896497,0.5225216613724712,0.07541406679366483,0.2483235523917276,0.03337069429874458,0.03543068307800041,0.9223573433115061,0.62588973338159,0.24125275263029117,0.9842534623411118,0.382467028704422,0.06520156271800717,986,5188,3101,83,False,0.10118526860889815,0.25469321937409983,-0.48489245015306837,0.9287386598995226,-0.43110703737163963
densenet121,1.0,43,temperature,1.0,nih,pleural_effusion,male,11971,1467,10504,0.1225461532035753,0.8852065509760036,0.5294552812778672,0.07760322240884691,0.25459246600464885,0.02427689598532482,0.027004188084129636,0.923653715064758,0.6571782178217822,0.27340597255851495,0.9840342124019957,0.4219212206134205,0.06520156271800717,1355,6903,3601,112,False,0.10761357772293144,0.27887145794326285,-0.3876973072057475,0.9019788123331864,-0.31063801608863256
densenet121,1.0,43,temperature,1.0,nih,pleural_effusion,PA,12801,1189,11612,0.09288336848683697,0.9036989590826693,0.5441914837060255,0.057782128612154794,0.19793765294175933,0.016945737794768975,0.0200256352346969,0.8889823380992431,0.7607647261453668,0.275619295958279,0.9852777158153022,0.42078025477707004,0.06520156271800717,1057,8834,2778,132,False,0.08467400948936504,0.31759309662297064,-0.3943113150019965,0.880587587299502,-0.28024631239776976
densenet121,1.0,43,temperature,1.0,nih,pleural_effusion,AP,8528,1347,7181,0.15795028142589118,0.8457575965280812,0.5067677851298567,0.10495356286904646,0.3327554313456822,0.04700095254883693,0.04700048310318654,0.9532293986636972,0.45355800027851273,0.2465437788018433,0.9810240963855422,0.3917620137299771,0.06520156271800717,1284,3257,3924,63,False,0.13499318563437138,0.22252695663236766,-0.4403025872049197,0.9795480570717036,-0.4272043333848757
densenet121,1.0,43,temperature,1.0,nih,pleural_effusion,age18_44,8513,843,7670,0.09902502055679549,0.8844761909180752,0.4790783279399497,0.06892239238209287,0.22769440492074702,0.027115225276427558,0.02923305128391975,0.9145907473309609,0.6810951760104302,0.23966428349393845,0.986404833836858,0.37980295566502464,0.06520156271800717,771,5224,2446,72,False,0.08942362582077229,0.22925969787636558,-0.5211649452409483,0.8583273033419688,-0.3994922290483113
densenet121,1.0,43,temperature,1.0,nih,pleural_effusion,age45_64,9808,1231,8577,0.12550978792822187,0.8900029900683699,0.5556918437957514,0.07693015062157572,0.25333776783139605,0.026785215996575927,0.030056225719506505,0.9220146222583265,0.6413664451439898,0.26953217763001663,0.9828479542612114,0.4171260565968394,0.06520156271800717,1135,5501,3076,96,False,0.1099054900175662,0.3000335960534821,-0.36201950285865936,0.9604306537870502,-0.33252069597907197
densenet121,1.0,43,temperature,1.0,nih,pleural_effusion,age65_100,3008,462,2546,0.1535904255319149,0.8591262756620179,0.5357536993489943,0.09755510933053543,0.31530549130411806,0.03687004444051804,0.0422085272305173,0.9415584415584416,0.5365278868813825,0.2693498452012384,0.9806173725771715,0.41887337506018296,0.06520156271800717,435,1366,1180,27,False,0.13162151258602303,0.2588209372933854,-0.4417659399965712,0.901566573938196,-0.3752784836500158
densenet121,1.0,43,temperature,1.0,vinbig,cardiomegaly,PA,14998,1817,13181,0.12114948659821309,0.8534793310211989,0.4646057501717674,0.09922115545762109,0.38956525599548825,0.08997153142682375,0.08997386300441872,0.8106769400110072,0.7393217510052348,0.30006111224281934,0.9659034592130042,0.43800178412132024,0.011645495012631948,1473,9745,3436,344,False,0.11584294874158528,0.143485585135121,0.9879767714874874,0.678251376302799,2.0382518261539113
densenet121,1.0,43,temperature,1.0,vinbig,pleural_effusion,PA,14998,634,14364,0.04227230297372983,0.9063036688285735,0.6315078287969885,0.027233075486012975,0.11812163382291191,0.04107030529242799,0.03514060127691693,0.8817034700315457,0.7177666388192704,0.12117927595924562,0.9927780452575831,0.21307413760243948,0.06520156271800717,559,10310,4054,75,False,0.04553419164022411,0.4019203041708167,-0.2077135809506204,1.4528908555995548,-0.7929887756118585
densenet121,1.0,101,raw,1.0,chexpert,cardiomegaly,female,8564,877,7687,0.10240541802895843,0.7990997996142994,0.3757147091868954,0.08531413703002502,0.3527229857792769,0.06984679083618911,0.06984679083618911,0.7810718358038768,0.6471965656302849,0.20164851339417134,0.9628411070253532,0.3205428170332241,0.011331753531361455,685,4975,2712,192,False,0.09801161569081003,0.1295507534621284,0.2459289201836095,0.5719204198233204,1.567858383274419
densenet121,1.0,101,raw,1.0,chexpert,cardiomegaly,male,10691,1157,9534,0.10822186886165934,0.8031965930421604,0.39272635601523037,0.09070771177280497,0.3776319867328496,0.07781079620042775,0.07778305696711445,0.7891097666378565,0.6656177889658066,0.2226286271641063,0.9629742033383915,0.3472803347280335,0.011331753531361455,913,6346,3188,244,False,0.1035448365914991,0.1239764844029706,0.3589432033002459,0.5680928864407216,1.7377307439713283
densenet121,1.0,101,raw,1.0,chexpert,cardiomegaly,PA,4366,368,3998,0.0842876775080165,0.8215038225634557,0.4248272712333147,0.06592214474743859,0.29711235723030743,0.05153697793524554,0.05153697793524555,0.7608695652173914,0.7226113056528264,0.2015838732901368,0.970440040309036,0.3187250996015936,0.011331753531361455,280,2889,1109,88,False,0.08077611187461328,0.18389059317725187,-0.07363652123403924,0.4979305100573588,1.3937940339066284
densenet121,1.0,101,raw,1.0,chexpert,cardiomegaly,AP,14889,1666,13223,0.11189468735307946,0.7941714385217143,0.3752933410338957,0.09487341877365003,0.38691588882444083,0.0809145095769536,0.0809145095769536,0.7911164465786314,0.6376767753157377,0.21574725814372236,0.9603644646924829,0.3390353697749196,0.011331753531361455,1318,8432,4791,348,False,0.10703880853860248,0.1136540095227716,0.43107541601484584,0.5956244007513125,1.7210092746772676
densenet121,1.0,101,raw,1.0,chexpert,cardiomegaly,age18_44,4062,251,3811,0.06179222058099458,0.8047218107365867,0.3388124897899808,0.05129706617169533,0.2358341282518291,0.03687149163944546,0.036842566949676345,0.7450199203187251,0.7147730254526371,0.14678178963893249,0.9770444763271162,0.24524590163934426,0.011331753531361455,187,2724,1087,64,False,0.05937606294110433,0.13606487815506785,-0.33497682396971945,0.5039220433545342,1.2043897131604748
densenet121,1.0,101,raw,1.0,chexpert,cardiomegaly,age45_64,6646,561,6085,0.08441167619620825,0.8179622607241148,0.362041526830783,0.06998535754375261,0.2889701836498922,0.05525537770949645,0.0547125049026568,0.8235294117647058,0.6672144617912901,0.18576598311218334,0.9761962010098582,0.3031496062992126,0.011331753531361455,462,4060,2025,99,False,0.08089407249233281,0.13485184528958083,0.2205341884901556,0.6132235653956242,1.3975287743512999
densenet121,1.0,101,raw,1.0,chexpert,cardiomegaly,age65_100,8547,1222,7325,0.142974142974143,0.7808370432849411,0.4180690913154237,0.12014684065321003,0.48900539965818524,0.10722742064161718,0.10722742064161718,0.776595744680851,0.6193856655290102,0.25394701632325395,0.9432432432432433,0.3827384553337366,0.011331753531361455,949,4537,2788,273,False,0.13660486150988704,0.1204790274282137,0.5306472468608314,0.5601263542707547,1.9463098432982453
densenet121,1.0,101,raw,1.0,chexpert,pleural_effusion,female,8432,2583,5849,0.30633301707779886,0.8594611041975403,0.7434913479202911,0.1819408615770239,0.5646058710273283,0.1750020344994913,0.1750020344994913,0.9206349206349206,0.5402632928705762,0.4693112295243734,0.9390787518573551,0.6216993464052287,0.03690806619720511,2378,3160,2689,205,False,0.2497442422757069,0.27149126674892865,1.5846340959780136,1.0374961382730383,1.5102038529916737
densenet121,1.0,101,raw,1.0,chexpert,pleural_effusion,male,10501,3059,7442,0.2913055899438149,0.8519448077445637,0.720481346772081,0.18233667148050733,0.5690429198445299,0.17301900742539503,0.17301900742539503,0.9153318077803204,0.5399086267132491,0.4498714652956298,0.939443535188216,0.6032532586448346,0.03690806619720511,2800,4018,3424,259,False,0.23812285563224553,0.23427479904698356,1.5894051129586628,1.0346050850281883,1.5183616867441407
densenet121,1.0,101,raw,1.0,chexpert,pleural_effusion,PA,4254,829,3425,0.19487541137752704,0.8783513687232001,0.7343737201918443,0.11677565583283005,0.4021575386296659,0.10988410578966584,0.10988410578966584,0.8443908323281062,0.7159124087591241,0.41841004184100417,0.9500193723363037,0.5595523581135092,0.03690806619720511,700,2452,973,129,False,0.16354905273004827,0.28599002021993813,1.4400519048265352,1.0055927089446528,1.427136312830979
densenet121,1.0,101,raw,1.0,chexpert,pleural_effusion,AP,14679,4813,9866,0.3278833708018257,0.8419357200743022,0.7277987391779638,0.20110900552635833,0.6148578402111345,0.192454715296992,0.19245471529699193,0.9303968418865572,0.47901885262517735,0.46558536078186735,0.9338075479154317,0.62060841244543,0.03690806619720511,4478,4726,5140,335,False,0.2664101020198477,0.24511494120678812,1.6101242143014722,1.0400423429750163,1.5313897299100991
densenet121,1.0,101,raw,1.0,chexpert,pleural_effusion,age18_44,3985,697,3288,0.17490589711417817,0.8631768667944301,0.6444795271688999,0.11524682431872882,0.39275882440976706,0.09828802421694206,0.09828802421694206,0.8536585365853658,0.6964720194647201,0.37350910232266166,0.9573578595317725,0.519650655021834,0.03690806619720511,595,2290,998,102,False,0.14810572738450944,0.22186112344239683,1.1274685914025304,0.922044099622651,1.3038887073171475
densenet121,1.0,101,raw,1.0,chexpert,pleural_effusion,age45_64,6503,1856,4647,0.28540673535291405,0.862425610145218,0.72814067519779,0.17579851272742675,0.5504623066497446,0.16845029325895733,0.16845029325895736,0.9132543103448276,0.569829997848074,0.4588521927449919,0.9426842292630829,0.6108108108108108,0.03690806619720511,1695,2648,1999,161,False,0.2335610055335426,0.24731222865805114,1.6402552679437212,1.0497037381061853,1.5363944753435377
densenet121,1.0,101,raw,1.0,chexpert,pleural_effusion,age65_100,8445,3089,5356,0.36577856719952634,0.8316256448294811,0.7511144753366591,0.21863426984697248,0.6621049272200865,0.21378090210849854,0.2137809021084985,0.9349303981871155,0.41822255414488424,0.4810126582278481,0.9176566980745596,0.6352139008028154,0.03690806619720511,2888,2240,3116,201,False,0.29571616521623123,0.2606617575772212,1.6714353560623416,1.0574372543491342,1.5616930700972456
densenet121,1.0,101,raw,1.0,nih,cardiomegaly,female,9358,286,9072,0.030562085915793975,0.8896042229375564,0.2726991251787999,0.025631775701808395,0.1002516525311901,0.0064667606101242005,0.00986482735305971,0.9020979020979021,0.6469356261022927,0.07454492921121063,0.9952518229608276,0.1377101681345076,0.011331753531361455,258,5869,3203,28,False,0.029666668186265496,0.13600760486899222,-0.6188914894664365,0.808223709995507,-0.24278588620540317
densenet121,1.0,101,raw,1.0,nih,cardiomegaly,male,11971,211,11760,0.017625929329212264,0.8644392591159686,0.1614001024359876,0.01630657097002712,0.07175097201813058,0.005915420414806169,0.007181353661563056,0.8672985781990521,0.7034013605442176,0.04985017706347045,0.9966265060240964,0.09428129829984544,0.011331753531361455,183,8272,3488,28,False,0.017360432982309947,0.06070482305117031,-0.9179961520298772,0.744971318595917,-0.26243600948795365
densenet121,1.0,101,raw,1.0,nih,cardiomegaly,PA,12801,294,12507,0.022966955706585423,0.9156311921106493,0.2820325203306346,0.01910634679280054,0.07535322339644177,0.006211378262822244,0.00761574212528744,0.9251700680272109,0.7231950107939554,0.07284413497589716,0.9975736186169626,0.13505461767626614,0.011331753531361455,272,9045,3462,22,False,0.0224413800464992,0.14861088073854523,-0.5708024090016084,0.8656089385542965,-0.310174452854175
densenet121,1.0,101,raw,1.0,nih,cardiomegaly,AP,8528,203,8325,0.02380393996247655,0.8169114927735618,0.13719711155549794,0.02233674634205885,0.09761834401009233,0.0068116902517514205,0.0098281874444836,0.8325123152709359,0.6121321321321321,0.04973513831665686,0.9933723196881091,0.09386281588447654,0.011331753531361455,169,5096,3229,34,False,0.02323760766217972,0.03876738660955459,-1.0423200208673609,0.6703469741236805,-0.1701396320719945
densenet121,1.0,101,raw,1.0,nih,cardiomegaly,age18_44,8513,178,8335,0.020909197697638906,0.8934919757621509,0.21772682309482988,0.018752202758012277,0.07669809300463494,0.008124107431767872,0.010144557635746778,0.9044943820224719,0.6849430113977204,0.05776820954431288,0.9970310862731401,0.10860033726812816,0.011331753531361455,161,5709,2626,17,False,0.020483823806248812,0.08453602533469784,-0.7726753645474479,0.8210387029650043,-0.39499259272142817
densenet121,1.0,101,raw,1.0,nih,cardiomegaly,age45_64,9808,238,9570,0.02426590538336052,0.8841793770799857,0.24609433403388595,0.02079563094474259,0.08511192498654369,0.00485141996455935,0.006802928028325935,0.8907563025210085,0.6779519331243469,0.06435944140862174,0.9960085968682837,0.12004530011325028,0.011331753531361455,212,6488,3082,26,False,0.023677077846963157,0.12169774162355707,-0.6160427315601726,0.8104683637294507,-0.1881006442626731
densenet121,1.0,101,raw,1.0,nih,cardiomegaly,age65_100,3008,81,2927,0.0269281914893617,0.8380467929494235,0.22121981891999454,0.023758998575373603,0.10285147087747358,0.010227499564465625,0.011677493889983447,0.8395061728395061,0.6641612572599932,0.06470028544243578,0.9933571793561574,0.12014134275618374,0.011331753531361455,68,1944,983,13,True,0.026209724911135008,0.09350446615028118,-0.8782089579430243,0.6753294591892408,-0.07931427223582534
densenet121,1.0,101,raw,1.0,nih,pleural_effusion,female,9358,1069,8289,0.11423381064329985,0.8832863800808515,0.5312138478480253,0.07181338673627423,0.24182055129144514,0.00874219284700618,0.008304131928197771,0.9270346117867165,0.623718180721438,0.2411192214111922,0.9851371951219512,0.3826993628113535,0.03690806619720511,991,5170,3119,78,False,0.10118526860889815,0.29027824184716333,-0.06132935465141554,0.89508520007541,0.06865767975113746
densenet121,1.0,101,raw,1.0,nih,pleural_effusion,male,11971,1467,10504,0.1225461532035753,0.8808755492113628,0.5385854720378442,0.07624513307092987,0.2562282290274731,0.020192232525420767,0.019979875005998817,0.9100204498977505,0.6454683929931455,0.2638861435066219,0.9809027777777778,0.40913269996935336,0.03690806619720511,1335,6780,3724,132,False,0.10761357772293144,0.29149151357800507,0.13279910580566587,0.8899647554191426,0.2889926043996824
densenet121,1.0,101,raw,1.0,nih,pleural_effusion,PA,12801,1189,11612,0.09288336848683697,0.9008177425574369,0.5519147107612886,0.05641245777410512,0.19763680500516603,0.011588798265337477,0.012838412572715683,0.8915054667788057,0.7230451257320014,0.24789522918615528,0.9848680351906158,0.3879231473010064,0.03690806619720511,1060,8396,3216,129,False,0.08467400948936504,0.3337689083780725,0.06194167377282407,0.9001672506800608,0.21122378612375517
densenet121,1.0,101,raw,1.0,nih,pleural_effusion,AP,8528,1347,7181,0.15795028142589118,0.8427700459649408,0.5154916560045518,0.10115200388178189,0.32836727342895106,0.018359546630603317,0.01795727329988059,0.9398663697104677,0.4949171424592675,0.2587369711833231,0.977716643741403,0.40576923076923077,0.03690806619720511,1266,3554,3627,81,False,0.13499318563437138,0.25068807431693796,0.02240861828982564,0.8728802788656908,0.1765913300000415
densenet121,1.0,101,raw,1.0,nih,pleural_effusion,age18_44,8513,843,7670,0.09902502055679549,0.8838461074482548,0.47855585093842257,0.06609141992997679,0.22364246648660682,0.01307737151662646,0.007919339325515452,0.9122182680901542,0.6724902216427641,0.23437976226760135,0.9858562691131498,0.37293889427740057,0.03690806619720511,769,5158,2512,74,False,0.08942362582077229,0.26091769011423427,-0.08986348370786651,0.8446039176381908,0.12557954224046664
densenet121,1.0,101,raw,1.0,nih,pleural_effusion,age45_64,9808,1231,8577,0.12550978792822187,0.8873934758545586,0.5691899870899677,0.07485392394484895,0.25187977412635415,0.015994778723995903,0.01574162609872913,0.9203899268887084,0.6344875830710038,0.2654639175257732,0.9823104693140794,0.4120749227132206,0.03690806619720511,1133,5442,3135,98,False,0.1099054900175662,0.31892461484057755,0.12757110441612635,0.9275949278595342,0.222772894356241
densenet121,1.0,101,raw,1.0,nih,pleural_effusion,age65_100,3008,462,2546,0.1535904255319149,0.849293773783169,0.5413444219508524,0.0957302583627608,0.3178057536042086,0.02229742128834452,0.021279172569710743,0.9177489177489178,0.5302435192458759,0.2617283950617284,0.9726224783861671,0.40730067243035545,0.03690806619720511,424,1350,1196,38,False,0.13162151258602303,0.27268531958106024,0.0723505551333726,0.8711260531364278,0.24217286485230283
densenet121,1.0,101,raw,1.0,vinbig,cardiomegaly,PA,14998,1817,13181,0.12114948659821309,0.8519205547485693,0.4367703385150247,0.10219587164792224,0.39566649680905996,0.09280668408800855,0.0928119913186473,0.8315905338470005,0.722403459525074,0.2922630560928433,0.9688644688644689,0.43251753256046943,0.011331753531361455,1511,9522,3659,306,False,0.11584294874158528,0.11780671367496032,1.0000794753334408,0.6749335073939958,2.052872874234936
densenet121,1.0,101,raw,1.0,vinbig,pleural_effusion,PA,14998,634,14364,0.04227230297372983,0.9207894209762051,0.6595143176421618,0.024852897216397215,0.10012317918619812,0.021135022495489018,0.020263487835150695,0.9006309148264984,0.748259537733222,0.13637449247671363,0.9941726019794653,0.2368803152872848,0.03690806619720511,571,10748,3616,63,False,0.04553419164022411,0.45419263368579055,0.8512067340941797,1.4988061194374311,-0.09377849787517936
densenet121,1.0,101,temperature,1.0,chexpert,cardiomegaly,female,8564,877,7687,0.10240541802895843,0.7990997996142994,0.3757147091868954,0.08579517072946445,0.3607306149411635,0.07162756893441743,0.07162756893441745,0.7810718358038768,0.6471965656302849,0.20164851339417134,0.9628411070253532,0.3205428170332241,0.009860005828423904,685,4975,2712,192,False,0.09801161569081003,0.12464282804891103,0.24599345967661954,0.5544957733407913,1.6577677149073173
densenet121,1.0,101,temperature,1.0,chexpert,cardiomegaly,male,10691,1157,9534,0.10822186886165934,0.8031965930421604,0.39272635601523037,0.09124044243413791,0.3865436538105937,0.0795318637747469,0.07950082611101131,0.7891097666378565,0.6656177889658066,0.2226286271641063,0.9629742033383915,0.3472803347280335,0.009860005828423904,913,6346,3188,244,False,0.1035448365914991,0.11883155705681381,0.3594984116194589,0.5509155621823277,1.831123436007259
densenet121,1.0,101,temperature,1.0,chexpert,cardiomegaly,PA,4366,368,3998,0.0842876775080165,0.8215038225634557,0.4248272712333147,0.06622659963507407,0.3036093620996448,0.052970090547827406,0.052970090547827406,0.7608695652173914,0.7226113056528264,0.2015838732901368,0.970440040309036,0.3187250996015936,0.009860005828423904,280,2889,1109,88,False,0.08077611187461328,0.18012147282013335,-0.07275888353419431,0.4830116388564501,1.4752391319688316
densenet121,1.0,101,temperature,1.0,chexpert,cardiomegaly,AP,14889,1666,13223,0.11189468735307946,0.7941714385217143,0.3752933410338957,0.09544335268881517,0.39601562994950185,0.08275199254317675,0.08275199254317675,0.7911164465786314,0.6376767753157377,0.21574725814372236,0.9603644646924829,0.3390353697749196,0.009860005828423904,1318,8432,4791,348,False,0.10703880853860248,0.10832945553206086,0.4311274406862935,0.5774743278125968,1.8149903721596725
densenet121,1.0,101,temperature,1.0,chexpert,cardiomegaly,age18_44,4062,251,3811,0.06179222058099458,0.8047218107365867,0.3388124897899808,0.051499150564661735,0.2408682818889878,0.038265999398159944,0.03823616583733172,0.7450199203187251,0.7147730254526371,0.14678178963893249,0.9770444763271162,0.24524590163934426,0.009860005828423904,187,2724,1087,64,False,0.05937606294110433,0.13266141246609386,-0.33495869346675883,0.48856375810194047,1.2912272062982817
densenet121,1.0,101,temperature,1.0,chexpert,cardiomegaly,age45_64,6646,561,6085,0.08441167619620825,0.8179622607241148,0.362041526830783,0.07038242257000774,0.2951461351348266,0.056932337810897564,0.056382426919139673,0.8235294117647058,0.6672144617912901,0.18576598311218334,0.9761962010098582,0.3031496062992126,0.009860005828423904,462,4060,2025,99,False,0.08089407249233281,0.12994338890926005,0.22186528564308636,0.5948795061695397,1.4863998839704688
densenet121,1.0,101,temperature,1.0,chexpert,cardiomegaly,age65_100,8547,1222,7325,0.142974142974143,0.7808370432849411,0.4180690913154237,0.12089040390740313,0.5009812816316902,0.10919959253203805,0.10919959253203805,0.776595744680851,0.6193856655290102,0.25394701632325395,0.9432432432432433,0.3827384553337366,0.009860005828423904,949,4537,2788,273,False,0.13660486150988704,0.11503585911066971,0.5306558010703354,0.5430404123619137,2.0412216318455814
densenet121,1.0,101,temperature,1.0,chexpert,pleural_effusion,female,8432,2583,5849,0.30633301707779886,0.8594611041975403,0.7434913479202911,0.1739169451031585,0.5233697446462126,0.1538045447083976,0.1538045447083976,0.9206349206349206,0.5402632928705762,0.4693112295243734,0.9390787518573551,0.6216993464052287,0.06112186192082524,2378,3160,2689,205,False,0.2497442422757069,0.3036198011277407,1.5846647723446037,1.2387493005543553,1.1817891224878856
densenet121,1.0,101,temperature,1.0,chexpert,pleural_effusion,male,10501,3059,7442,0.2913055899438149,0.8519448077445637,0.720481346772081,0.17375950589972344,0.5252993163059588,0.1508138589751816,0.15081385897518157,0.9153318077803204,0.5399086267132491,0.4498714652956298,0.939443535188216,0.6032532586448346,0.06112186192082524,2800,4018,3424,259,False,0.23812285563224553,0.2702947164043933,1.5894127219752991,1.23530230895682,1.1786821169388122
densenet121,1.0,101,temperature,1.0,chexpert,pleural_effusion,PA,4254,829,3425,0.19487541137752704,0.8783513687232001,0.7343737201918443,0.11268766264213105,0.3717990692029015,0.09338214480192955,0.09338214480192955,0.8443908323281062,0.7159124087591241,0.41841004184100417,0.9500193723363037,0.5595523581135092,0.06112186192082524,700,2452,973,129,False,0.16354905273004827,0.31098553760423364,1.4400669625912947,1.2006523085670449,1.0444402055786852
densenet121,1.0,101,temperature,1.0,chexpert,pleural_effusion,AP,14679,4813,9866,0.3278833708018257,0.8419357200743022,0.7277987391779638,0.19154867059630787,0.5686755614821578,0.16917559848029035,0.16917559848029035,0.9303968418865572,0.47901885262517735,0.46558536078186735,0.9338075479154317,0.62060841244543,0.06112186192082524,4478,4726,5140,335,False,0.2664101020198477,0.2810007235309817,1.6101500403105795,1.2417975064246456,1.2067224558929044
densenet121,1.0,101,temperature,1.0,chexpert,pleural_effusion,age18_44,3985,697,3288,0.17490589711417817,0.8631768667944301,0.6444795271688999,0.11097368952412691,0.3632710151671093,0.08093630267751634,0.08093630267751634,0.8536585365853658,0.6964720194647201,0.37350910232266166,0.9573578595317725,0.519650655021834,0.06112186192082524,595,2290,998,102,False,0.14810572738450944,0.2507130447695719,1.1275499324606997,1.1009325023135228,0.931475327183682
densenet121,1.0,101,temperature,1.0,chexpert,pleural_effusion,age45_64,6503,1856,4647,0.28540673535291405,0.862425610145218,0.72814067519779,0.16761662822152573,0.5082702638461976,0.14726610934959924,0.14726610934959924,0.9132543103448276,0.569829997848074,0.4588521927449919,0.9426842292630829,0.6108108108108108,0.06112186192082524,1695,2648,1999,161,False,0.2335610055335426,0.282343266853877,1.6404421363745296,1.253412978051797,1.1902260678102425
densenet121,1.0,101,temperature,1.0,chexpert,pleural_effusion,age65_100,8445,3089,5356,0.36577856719952634,0.8316256448294811,0.7511144753366591,0.2082741464161754,0.6129431955184115,0.18950545634212485,0.18950545634212482,0.9349303981871155,0.41822255414488424,0.4810126582278481,0.9176566980745596,0.6352139008028154,0.06112186192082524,2888,2240,3116,201,False,0.29571616521623123,0.29569576873187564,1.6714760677497866,1.2625726008180527,1.2470066691027741
densenet121,1.0,101,temperature,1.0,nih,cardiomegaly,female,9358,286,9072,0.030562085915793975,0.8896042229375564,0.2726991251787999,0.02559130093897327,0.10031443713772048,0.00625617000077786,0.009075819044251657,0.9020979020979021,0.6469356261022927,0.07454492921121063,0.9952518229608276,0.1377101681345076,0.009860005828423904,258,5869,3203,28,False,0.029666668186265496,0.13737192264748355,-0.6200967276669419,0.7832165115889286,-0.18577312418474048
densenet121,1.0,101,temperature,1.0,nih,cardiomegaly,male,11971,211,11760,0.017625929329212264,0.8644392591159686,0.1614001024359876,0.01624968541444049,0.07176398672440816,0.005765360695904134,0.006951948113985671,0.8672985781990521,0.7034013605442176,0.04985017706347045,0.9966265060240964,0.09428129829984544,0.009860005828423904,183,8272,3488,28,False,0.017360432982309947,0.06398155904298564,-0.918031210878758,0.7223037010278429,-0.1886459691558801
densenet121,1.0,101,temperature,1.0,nih,cardiomegaly,PA,12801,294,12507,0.022966955706585423,0.9156311921106493,0.2820325203306346,0.019055840048087854,0.07523186546961104,0.005543847854310397,0.006929899931738614,0.9251700680272109,0.7231950107939554,0.07284413497589716,0.9975736186169626,0.13505461767626614,0.009860005828423904,272,9045,3462,22,False,0.0224413800464992,0.15086148852683778,-0.5707994402269697,0.8392086424221328,-0.25292543250277927
densenet121,1.0,101,temperature,1.0,nih,cardiomegaly,AP,8528,203,8325,0.02380393996247655,0.8169114927735618,0.13719711155549794,0.022288293835319696,0.09788767330396196,0.006756228689486574,0.009128217691437698,0.8325123152709359,0.6121321321321321,0.04973513831665686,0.9933723196881091,0.09386281588447654,0.009860005828423904,169,5096,3229,34,False,0.02323760766217972,0.040852476754957734,-1.0417474594315967,0.6500455732751395,-0.09499682290867074
densenet121,1.0,101,temperature,1.0,nih,cardiomegaly,age18_44,8513,178,8335,0.020909197697638906,0.8934919757621509,0.21772682309482988,0.018674277792987963,0.07647309584969883,0.006656531940818252,0.009258483915112489,0.9044943820224719,0.6849430113977204,0.05776820954431288,0.9970310862731401,0.10860033726812816,0.009860005828423904,161,5709,2626,17,False,0.020483823806248812,0.08834024498437776,-0.7726608121043146,0.7960104757534971,-0.33345690235001646
densenet121,1.0,101,temperature,1.0,nih,cardiomegaly,age45_64,9808,238,9570,0.02426590538336052,0.8841793770799857,0.24609433403388595,0.02077106925216923,0.08522529108346284,0.005127742707919988,0.006058498206274112,0.8907563025210085,0.6779519331243469,0.06435944140862174,0.9960085968682837,0.12004530011325028,0.009860005828423904,212,6488,3082,26,False,0.023677077846963157,0.12273510327486015,-0.6176731524756487,0.785321007751352,-0.12191050098860402
densenet121,1.0,101,temperature,1.0,nih,cardiomegaly,age65_100,3008,81,2927,0.0269281914893617,0.8380467929494235,0.22121981891999454,0.02370731522812388,0.10336571406169832,0.009470958238988766,0.011082109652165597,0.8395061728395061,0.6641612572599932,0.06470028544243578,0.9933571793561574,0.12014134275618374,0.009860005828423904,68,1944,983,13,True,0.026209724911135008,0.09547638105686473,-0.8784841355321628,0.6546201837954184,-0.010200627865038591
densenet121,1.0,101,temperature,1.0,nih,pleural_effusion,female,9358,1069,8289,0.11423381064329985,0.8832863800808515,0.5312138478480253,0.07224110609699982,0.24187506997644534,0.01427112308125303,0.016103771227152515,0.9270346117867165,0.623718180721438,0.2411192214111922,0.9851371951219512,0.3826993628113535,0.06112186192082524,991,5170,3119,78,False,0.10118526860889815,0.28605115062523045,-0.06143279758027389,1.0686891634459041,-0.13714886900142492
densenet121,1.0,101,temperature,1.0,nih,pleural_effusion,male,11971,1467,10504,0.1225461532035753,0.8808755492113628,0.5385854720378442,0.07600392463265314,0.2527140940324867,0.01126069215074879,0.011785243650822695,0.9100204498977505,0.6454683929931455,0.2638861435066219,0.9809027777777778,0.40913269996935336,0.06112186192082524,1335,6780,3724,132,False,0.10761357772293144,0.2937329448488597,0.13288404404292095,1.0626404985915248,0.05413817923344919
densenet121,1.0,101,temperature,1.0,nih,pleural_effusion,PA,12801,1189,11612,0.09288336848683697,0.9008177425574369,0.5519147107612886,0.056447631232773535,0.1961010460679282,0.010976504745274274,0.011847838059093105,0.8915054667788057,0.7230451257320014,0.24789522918615528,0.9848680351906158,0.3879231473010064,0.06112186192082524,1060,8396,3216,129,False,0.08467400948936504,0.3333535098528281,0.061942277896217236,1.0747559435413587,-0.03756579843191232
densenet121,1.0,101,temperature,1.0,nih,pleural_effusion,AP,8528,1347,7181,0.15795028142589118,0.8427700459649408,0.5154916560045518,0.10122996308894011,0.3257994645622566,0.015666686733975473,0.01601332743322148,0.9398663697104677,0.4949171424592675,0.2587369711833231,0.977716643741403,0.40576923076923077,0.06112186192082524,1266,3554,3627,81,False,0.13499318563437138,0.25011056955777644,0.022542848310480552,1.0422865845545282,-0.022668558285666746
densenet121,1.0,101,temperature,1.0,nih,pleural_effusion,age18_44,8513,843,7670,0.09902502055679549,0.8838461074482548,0.47855585093842257,0.06612379307792356,0.22186162692234798,0.009973019804044603,0.010582403441031075,0.9122182680901542,0.6724902216427641,0.23437976226760135,0.9858562691131498,0.37293889427740057,0.06112186192082524,769,5158,2512,74,False,0.08942362582077229,0.26055567003677005,-0.0899183634567776,1.008401804220242,-0.10029405881834606
densenet121,1.0,101,temperature,1.0,nih,pleural_effusion,age45_64,9808,1231,8577,0.12550978792822187,0.8873934758545586,0.5691899870899677,0.07495525560809123,0.250382352282335,0.014086419682803433,0.015500858185030018,0.9203899268887084,0.6344875830710038,0.2654639175257732,0.9823104693140794,0.4120749227132206,0.06112186192082524,1133,5442,3135,98,False,0.1099054900175662,0.3180026257458919,0.12764718845201,1.1075453505550485,0.0019502910614417363
densenet121,1.0,101,temperature,1.0,nih,pleural_effusion,age65_100,3008,462,2546,0.1535904255319149,0.849293773783169,0.5413444219508524,0.09567894120900697,0.31391262743596515,0.01530219364193052,0.01617546039405337,0.9177489177489178,0.5302435192458759,0.2617283950617284,0.9726224783861671,0.40730067243035545,0.06112186192082524,424,1350,1196,38,False,0.13162151258602303,0.2730752038237314,0.07234658069718816,1.0400949705235052,0.025776847795385086
densenet121,1.0,101,temperature,1.0,vinbig,cardiomegaly,PA,14998,1817,13181,0.12114948659821309,0.8519205547485693,0.4367703385150247,0.10285315217873486,0.4053993030495303,0.09438377051326888,0.09438763680113778,0.8315905338470005,0.722403459525074,0.2922630560928433,0.9688644688644689,0.43251753256046943,0.009860005828423904,1511,9522,3659,306,False,0.11584294874158528,0.11213282037413597,1.0000800220306763,0.6543466502344606,2.1496582716166728
densenet121,1.0,101,temperature,1.0,vinbig,pleural_effusion,PA,14998,634,14364,0.04227230297372983,0.9207894209762051,0.6595143176421618,0.02591473459432198,0.10901206012163621,0.03595874276568623,0.031766485942657345,0.9006309148264984,0.748259537733222,0.13637449247671363,0.9941726019794653,0.2368803152872848,0.06112186192082524,571,10748,3616,63,False,0.04553419164022411,0.430873072282031,0.8512251193749072,1.7895230421572057,-0.4503893559860182
densenet121,1.0,ensemble,ensemble_temperature,1.0,chexpert,cardiomegaly,female,8564,877,7687,0.10240541802895843,0.8127217700395712,0.3984544146748601,0.08436940866365295,0.3365911203150123,0.06942651103663625,0.06942651103663623,0.7765108323831242,0.6829712501626122,0.21840923669018603,0.9640102827763496,0.3409261576971214,0.014283149503171444,681,5250,2437,196,False,0.09801161569081003,0.13918969635388057,0.5092500072188882,0.6617166746268759,1.5466692456917328
densenet121,1.0,ensemble,ensemble_temperature,1.0,chexpert,cardiomegaly,male,10691,1157,9534,0.10822186886165934,0.8178853682739244,0.4184053354661937,0.0889041224274114,0.3555424996339709,0.07575067065205723,0.07575067065205723,0.7891097666378565,0.6927837214180826,0.23763664757938574,0.9643743612206161,0.3652730546109222,0.014283149503171444,913,6605,2929,244,False,0.1035448365914991,0.14139492268308518,0.5850784278144442,0.6539972632129911,1.656482188607651
densenet121,1.0,ensemble,ensemble_temperature,1.0,chexpert,cardiomegaly,PA,4366,368,3998,0.0842876775080165,0.8384763033690759,0.4477381417095405,0.06471609088704468,0.27305145976177647,0.04972703557669754,0.04972703557669754,0.782608695652174,0.7396198099049525,0.21670428893905191,0.9736582153440896,0.33942251031231585,0.014283149503171444,288,2957,1041,80,False,0.08077611187461328,0.19882141656555796,0.16494352922045719,0.5949787278925505,1.3015011225604327
densenet121,1.0,ensemble,ensemble_temperature,1.0,chexpert,cardiomegaly,AP,14889,1666,13223,0.11189468735307946,0.808146937213969,0.4037873054135588,0.09338861816469488,0.36883125425781665,0.07974416167177348,0.07974416167177348,0.7839135654261705,0.6729183997579974,0.23193038536671995,0.9611147116007777,0.3579553241057969,0.014283149503171444,1306,8898,4325,360,False,0.10703880853860248,0.12752561954185804,0.6784281382142374,0.682079520908601,1.6766961265781632
densenet121,1.0,ensemble,ensemble_temperature,1.0,chexpert,cardiomegaly,age18_44,4062,251,3811,0.06179222058099458,0.8217113179399955,0.3655372348694442,0.05064683120658317,0.22504849777651692,0.03814964442050093,0.03814964442050093,0.7171314741035857,0.7651535030175807,0.16744186046511628,0.9762303314362236,0.27149321266968324,0.014283149503171444,180,2916,895,71,False,0.05937606294110433,0.14701600783433155,-0.001516701321190828,0.5896078261504417,1.289554267095682
densenet121,1.0,ensemble,ensemble_temperature,1.0,chexpert,cardiomegaly,age45_64,6646,561,6085,0.08441167619620825,0.8253620354543552,0.3792372701934987,0.06934055031928114,0.28043430008962156,0.05467116148239544,0.05467116148239544,0.7896613190730838,0.7076417419884963,0.19936993699369937,0.9733273056057866,0.3183614804168164,0.014283149503171444,443,4306,1779,118,False,0.08089407249233281,0.14282285236840708,0.4184187732297435,0.6772807284771173,1.401405557435158
densenet121,1.0,ensemble,ensemble_temperature,1.0,chexpert,cardiomegaly,age65_100,8547,1222,7325,0.142974142974143,0.7932974533998425,0.44078263193707556,0.11775463471205051,0.45697412678141003,0.10367505155151768,0.10367505155151768,0.7945990180032734,0.6324914675767918,0.2650832650832651,0.9486076986076986,0.39754350051177073,0.014283149503171444,971,4633,2692,251,False,0.13660486150988704,0.13799089277999232,0.7400768565302385,0.6546896062845308,1.8048022470141774
densenet121,1.0,ensemble,ensemble_temperature,1.0,chexpert,pleural_effusion,female,8432,2583,5849,0.30633301707779886,0.8789977499950854,0.7693459381768432,0.158528970687022,0.4758926871580866,0.1343993222420549,0.1343993222420549,0.9446380178087496,0.5380406907163617,0.4745235316997277,0.9565349544072949,0.6317152103559871,0.06235053017735481,2440,3147,2702,143,False,0.2497442422757069,0.365234732771085,1.4932793171701544,1.3111971542978091,1.027629118517603
densenet121,1.0,ensemble,ensemble_temperature,1.0,chexpert,pleural_effusion,male,10501,3059,7442,0.2913055899438149,0.8743468394880967,0.7537884706600896,0.15797480109242262,0.47671728241231714,0.13315349265376775,0.13315349265376775,0.932984635501798,0.5487772104273045,0.4594333547971668,0.9522033107950572,0.6156833135584079,0.06235053017735481,2854,4084,3358,205,False,0.23812285563224553,0.33658278759936733,1.51632413540108,1.3025898232549313,1.0423725925693814
densenet121,1.0,ensemble,ensemble_temperature,1.0,chexpert,pleural_effusion,PA,4254,829,3425,0.19487541137752704,0.9002593926373346,0.773598584089931,0.10262436183455309,0.33556863349775784,0.08380929015942697,0.08380929015942697,0.8817852834740652,0.7211678832116788,0.433570581257414,0.9618380062305296,0.5813121272365805,0.06235053017735481,731,2470,955,98,False,0.16354905273004827,0.37251631775609617,1.5800804459429134,1.3441233031642015,0.9387752684359191
densenet121,1.0,ensemble,ensemble_temperature,1.0,chexpert,pleural_effusion,AP,14679,4813,9866,0.3278833708018257,0.8632495089297352,0.7558727736879549,0.1743337851257109,0.5171487399570316,0.14816916623503096,0.14816916623503096,0.9480573446914606,0.48256638962092036,0.47196938353330575,0.9501097585312313,0.6302050963331262,0.06235053017735481,4563,4761,5105,250,False,0.2664101020198477,0.34561871414049106,1.4908806805401773,1.29646644846097,1.0548743149249338
densenet121,1.0,ensemble,ensemble_temperature,1.0,chexpert,pleural_effusion,age18_44,3985,697,3288,0.17490589711417817,0.8871187606251332,0.6849754141311053,0.10317371580838802,0.3331481248384176,0.07395974739903916,0.07477783081914521,0.8766140602582496,0.7171532846715328,0.39649578195976637,0.9648117839607201,0.5460232350312779,0.06235053017735481,611,2358,930,86,False,0.14810572738450944,0.3033779474271764,1.207993325633182,1.1926605712967029,0.8591123305100248
densenet121,1.0,ensemble,ensemble_temperature,1.0,chexpert,pleural_effusion,age45_64,6503,1856,4647,0.28540673535291405,0.8824789862573554,0.7636448823718971,0.15211334717150324,0.4610319691824656,0.13017467198926977,0.13017467198926977,0.9331896551724138,0.5760705831719389,0.46785521339816316,0.955730096394145,0.6232457718603814,0.06235053017735481,1732,2677,1970,124,False,0.2335610055335426,0.3487211325194537,1.5668855733288714,1.3181692190280336,1.0557210820850291
densenet121,1.0,ensemble,ensemble_temperature,1.0,chexpert,pleural_effusion,age65_100,8445,3089,5356,0.36577856719952634,0.8539645121055199,0.7742055062680506,0.18890104357037157,0.5557192596393206,0.16462337787694845,0.16462337787694845,0.9553253480090644,0.4100074682598954,0.4828996890852561,0.9408740359897172,0.6415217391304348,0.06235053017735481,2951,2196,3160,138,False,0.29571616521623123,0.36120826052155497,1.5497466041768428,1.3368197249630207,1.0740205937735
densenet121,1.0,ensemble,ensemble_temperature,1.0,nih,cardiomegaly,female,9358,286,9072,0.030562085915793975,0.9087725546058879,0.28803556958595683,0.024984773060317194,0.09426544936535473,0.005568897548837624,0.0037618331827683764,0.916083916083916,0.7106481481481481,0.09075164530654659,0.9962911451089476,0.16514339741569492,0.014283149503171444,262,6447,2625,24,False,0.029666668186265496,0.15781668155495254,-0.25920666795107977,0.8892857084658279,-0.02310131145472343
densenet121,1.0,ensemble,ensemble_temperature,1.0,nih,cardiomegaly,male,11971,211,11760,0.017625929329212264,0.8968122320018055,0.20297920121528437,0.015537441133898905,0.06525139854927088,0.002937067422259415,0.0036022910875669846,0.8720379146919431,0.7670918367346938,0.06294902497434143,0.9970159151193634,0.11742182514358647,0.014283149503171444,184,9021,2739,27,False,0.017360432982309947,0.105008432120826,-0.2921370813499954,0.9079222420997369,-0.04539871478229476
densenet121,1.0,ensemble,ensemble_temperature,1.0,nih,cardiomegaly,PA,12801,294,12507,0.022966955706585423,0.936441579110256,0.31585327631918364,0.01824075137432183,0.06881148159366751,0.003050506040102123,0.002468532997158432,0.9455782312925171,0.7745262652914368,0.08973531310522918,0.9983510254560445,0.16391509433962265,0.014283149503171444,278,9687,2820,16,False,0.0224413800464992,0.18718227949767552,-0.1313597926495022,0.98524970927812,-0.10084995520957038
densenet121,1.0,ensemble,ensemble_temperature,1.0,nih,cardiomegaly,AP,8528,203,8325,0.02380393996247655,0.8490717318303526,0.14960360298808162,0.021846430085560312,0.09174540235855697,0.005768308752714125,0.006004707888856386,0.8275862068965517,0.6944144144144144,0.061946902654867256,0.9939821182943603,0.11526586620926244,0.014283149503171444,168,5781,2544,35,False,0.02323760766217972,0.05986750429923193,-0.5199206402721197,0.7929397660488905,0.061631649783623656
densenet121,1.0,ensemble,ensemble_temperature,1.0,nih,cardiomegaly,age18_44,8513,178,8335,0.020909197697638906,0.9106239426272049,0.227886201034966,0.018105742820781492,0.07187256286581369,0.003415229182248328,0.004309123079132176,0.8932584269662921,0.7476904619076185,0.07029177718832891,0.9969604863221885,0.130327868852459,0.014283149503171444,159,6232,2103,19,False,0.020483823806248812,0.11609555949909411,-0.3867279673730684,0.9036747091052811,-0.16791162805483514
densenet121,1.0,ensemble,ensemble_temperature,1.0,nih,cardiomegaly,age45_64,9808,238,9570,0.02426590538336052,0.9122160462931254,0.27581270487303444,0.020101493395845833,0.07848286536385776,0.003935240387009063,0.0036262793685103672,0.9159663865546218,0.7482758620689656,0.08298439284354778,0.9972148725804205,0.15218150087260035,0.014283149503171444,218,7161,2409,20,False,0.023677077846963157,0.1510146004599099,-0.14416509400025698,0.9247505036282485,0.03817333272404567
densenet121,1.0,ensemble,ensemble_temperature,1.0,nih,cardiomegaly,age65_100,3008,81,2927,0.0269281914893617,0.8721102380138936,0.2546245699516294,0.02277811777014072,0.09363347607344497,0.008293892478967516,0.006184081284621634,0.8518518518518519,0.7089169798428425,0.0749185667752443,0.9942501197891711,0.1377245508982036,0.014283149503171444,69,2075,852,12,True,0.026209724911135008,0.13092877367577394,-0.3069792329518844,0.8435412880178398,0.09322288581206957
densenet121,1.0,ensemble,ensemble_temperature,1.0,nih,pleural_effusion,female,9358,1069,8289,0.11423381064329985,0.8909045890272829,0.5445356484993646,0.07099040001664483,0.23598598502297988,0.01568080748386606,0.015256964960287726,0.9298409728718429,0.6477259017975631,0.25396014307613696,0.9862233651726672,0.3989564519365844,0.06235053017735481,994,5369,2920,75,False,0.10118526860889815,0.29841170565018393,-0.1457166454455551,1.0300709160432604,-0.17592318368088522
densenet121,1.0,ensemble,ensemble_temperature,1.0,nih,pleural_effusion,male,11971,1467,10504,0.1225461532035753,0.8925048061672614,0.5515268951688543,0.07399181449181107,0.2437343495716127,0.008700604631136975,0.008750025109051675,0.9195637355146558,0.6758377760853008,0.28376104333193103,0.9836497159484551,0.4336923324224401,0.06235053017735481,1349,7099,3405,118,False,0.10761357772293144,0.3124304938330834,-0.017916393520540294,1.0105109889806163,-0.02917915474471324
densenet121,1.0,ensemble,ensemble_temperature,1.0,nih,pleural_effusion,PA,12801,1189,11612,0.09288336848683697,0.9100090622878743,0.5615881220710051,0.055341525826467196,0.1899871253976045,0.007965067477598807,0.006926977539054246,0.8990748528174937,0.7622287289011368,0.27911227154046997,0.9866235648199755,0.4259812711695557,0.06235053017735481,1069,8851,2761,120,False,0.08467400948936504,0.3464166140211179,-0.08673383327911902,0.9924795828339709,-0.0778232903735788
densenet121,1.0,ensemble,ensemble_temperature,1.0,nih,pleural_effusion,AP,8528,1347,7181,0.15795028142589118,0.8552265128416188,0.5374783455420542,0.09869339851461376,0.31590942241464415,0.01761397499942389,0.017999928572769705,0.9458054936896808,0.5036902938309428,0.26333195535345183,0.9802168021680217,0.4119644300727567,0.06235053017735481,1274,3617,3564,73,False,0.13499318563437138,0.2689008852496857,-0.04914057971770323,1.060696468230279,-0.10619458420381796
densenet121,1.0,ensemble,ensemble_temperature,1.0,nih,pleural_effusion,age18_44,8513,843,7670,0.09902502055679549,0.8916193021446656,0.49569019439703227,0.06509785509115194,0.2168416892197124,0.011637541492931775,0.011985608551285578,0.9098457888493475,0.7001303780964798,0.2500815128790349,0.9860448035255234,0.39232736572890026,0.06235053017735481,767,5370,2300,76,False,0.08942362582077229,0.2720284545202336,-0.20506601305495514,0.9503099064184806,-0.15021872587170917
densenet121,1.0,ensemble,ensemble_temperature,1.0,nih,pleural_effusion,age45_64,9808,1231,8577,0.12550978792822187,0.8976135049179852,0.5823196593963955,0.07314211085115603,0.24197540838408363,0.013910584467371033,0.013204590991313237,0.9293257514216084,0.6614200769499825,0.2826086956521739,0.9848958333333333,0.433415419587043,0.06235053017735481,1144,5673,2904,87,False,0.1099054900175662,0.33449993408458734,0.012709181190316915,1.0679075053780442,-0.05693058598233907
densenet121,1.0,ensemble,ensemble_temperature,1.0,nih,pleural_effusion,age65_100,3008,462,2546,0.1535904255319149,0.86635686910628,0.5561794671812306,0.09259584807783174,0.3014736172899991,0.021623743401956753,0.021303336170462362,0.935064935064935,0.5597014925373134,0.2781712813908564,0.979381443298969,0.4287841191066998,0.06235053017735481,432,1425,1121,30,False,0.13162151258602303,0.29649913408103057,-0.0530509117135008,1.0270584073054627,-0.0794449187184611
densenet121,1.0,ensemble,ensemble_temperature,1.0,vinbig,cardiomegaly,PA,14998,1817,13181,0.12114948659821309,0.8674299037109878,0.47613995730747577,0.10207969262246501,0.3853525412399555,0.094985552750473,0.09498870343966549,0.8266373142542652,0.758364312267658,0.32046084915724343,0.9694501018329938,0.461869618696187,0.014283149503171444,1502,9996,3185,315,False,0.11584294874158528,0.11880961481585228,1.518712861253834,0.8211034249201291,2.1155660567708594
densenet121,1.0,ensemble,ensemble_temperature,1.0,vinbig,pleural_effusion,PA,14998,634,14364,0.04227230297372983,0.9248327838523753,0.689252434367664,0.024813832246085788,0.10930739984736305,0.042370409134053204,0.03554347115360832,0.9037854889589906,0.717488164856586,0.1237313755128482,0.9941159448249253,0.21766381766381768,0.06235053017735481,573,10306,4058,61,False,0.04553419164022411,0.4550505597607737,0.6230342387833009,1.8226544981594135,-0.614403864188074
deit_tiny,1.0,17,raw,1.0,chexpert,cardiomegaly,female,8564,877,7687,0.10240541802895843,0.7971143361439347,0.36901054386991494,0.08176563739940566,0.3268829401027726,0.056449627824561595,0.05594092662692051,0.798175598631699,0.6240405880057239,0.19498607242339833,0.9644149577804584,0.31340944705618984,0.011597361823632971,700,4797,2890,177,False,0.09801161569081003,0.1657556420930183,0.04700361750369358,0.5804221774502457,1.1904019373516748
deit_tiny,1.0,17,raw,1.0,chexpert,cardiomegaly,male,10691,1157,9534,0.10822186886165934,0.8128128615432482,0.4025345497739819,0.08382395315185369,0.32796777342929617,0.0577203460907084,0.05742933114036318,0.8349178910976663,0.6170547514159849,0.2092267706302794,0.9685544945670069,0.33460339452719084,0.011597361823632971,966,5883,3651,191,False,0.1035448365914991,0.1904574297359456,0.1267657959043644,0.6005568918690266,1.1643953983043445
deit_tiny,1.0,17,raw,1.0,chexpert,cardiomegaly,PA,4366,368,3998,0.0842876775080165,0.8339257944189485,0.4404532144167726,0.06630493464978214,0.2910588015161408,0.056436638505678,0.05620253499831753,0.7364130434782609,0.8034017008504252,0.2563859981078524,0.9706860078573587,0.38035087719298244,0.011597361823632971,271,3212,786,97,False,0.08077611187461328,0.1791516933532823,0.4320171561653359,0.6012303667778075,1.7180920766879948
deit_tiny,1.0,17,raw,1.0,chexpert,cardiomegaly,AP,14889,1666,13223,0.11189468735307946,0.7964396452069445,0.38103794338913544,0.08777724878460802,0.33816685051738055,0.057319241921935916,0.05693295769036978,0.8373349339735895,0.5647735007184451,0.1951048951048951,0.9649825558857733,0.316470054446461,0.011597361823632971,1395,7468,5755,271,False,0.10703880853860248,0.17994931013313709,0.061301701785169416,0.6016893240495576,1.0787050644475558
deit_tiny,1.0,17,raw,1.0,chexpert,cardiomegaly,age18_44,4062,251,3811,0.06179222058099458,0.8227818194553196,0.36219183746878647,0.048533643759595096,0.20778834682940095,0.029644179812262507,0.028798807280581054,0.7689243027888446,0.7158226187352401,0.15125391849529782,0.9791816223977028,0.25278323510150624,0.011597361823632971,193,2728,1083,58,False,0.05937606294110433,0.1826058961212017,-0.15675486900017743,0.611113912119311,0.9043781582918827
deit_tiny,1.0,17,raw,1.0,chexpert,cardiomegaly,age45_64,6646,561,6085,0.08441167619620825,0.8240272608632606,0.35727179772550743,0.06682685729153702,0.2610246054106335,0.043272029170814234,0.04032125810363187,0.8360071301247772,0.637633525061627,0.17539267015706805,0.9768378650553877,0.2899536321483771,0.011597361823632971,469,3880,2205,92,False,0.08089407249233281,0.17389673640338843,0.030936801894745087,0.6417291231883197,0.9569639984632584
deit_tiny,1.0,17,raw,1.0,chexpert,cardiomegaly,age65_100,8547,1222,7325,0.142974142974143,0.7760313479273612,0.4168220603996763,0.11175006988697175,0.43605044722038766,0.08284769373161487,0.08284769373161488,0.8216039279869067,0.5559044368600683,0.23584684049800328,0.9491841491841492,0.36649023544442416,0.011597361823632971,1004,4072,3253,218,False,0.13660486150988704,0.18194661118350008,0.1590674273750657,0.5447729496071444,1.3720481066169183
deit_tiny,1.0,17,raw,1.0,chexpert,pleural_effusion,female,8432,2583,5849,0.30633301707779886,0.8523732544557451,0.7287714432125731,0.15985924571622234,0.4852131433318878,0.11662767869811147,0.11662767869811147,0.9585753000387147,0.40485553085997605,0.41564545912372,0.9567676767676768,0.5798594847775176,0.050424069043413594,2476,2368,3481,107,False,0.2497442422757069,0.3599081834297321,1.0972471171875704,1.1688883842199103,0.8609047255066842
deit_tiny,1.0,17,raw,1.0,chexpert,pleural_effusion,male,10501,3059,7442,0.2913055899438149,0.8507341156485384,0.7030608971161001,0.15376607091825506,0.467334994479506,0.10083898147982029,0.10083898147982027,0.9571755475645636,0.39223327062617575,0.39296738692792915,0.9570491803278689,0.5571836346336823,0.050424069043413594,2928,2919,4523,131,False,0.23812285563224553,0.35425740418748464,0.9693328401737092,1.1646272515161589,0.7495337652253716
deit_tiny,1.0,17,raw,1.0,chexpert,pleural_effusion,PA,4254,829,3425,0.19487541137752704,0.8912149894781329,0.7442081015867222,0.1071251754927356,0.35049284056500823,0.08780867623961001,0.08780867623961001,0.8817852834740652,0.6922627737226278,0.4095238095238095,0.9603078169299312,0.5592960979342004,0.050424069043413594,731,2371,1054,98,False,0.16354905273004827,0.3449966618299227,1.517406520301536,1.2499194455403357,1.0156785219599913
deit_tiny,1.0,17,raw,1.0,chexpert,pleural_effusion,AP,14679,4813,9866,0.3278833708018257,0.8334303603461956,0.7095718038051115,0.17078276272536863,0.5114657304884683,0.11368462583137597,0.11368462583137597,0.9709121130272179,0.29556051084532736,0.40204766411425624,0.9541884816753927,0.5686298369432952,0.050424069043413594,4673,2916,6950,140,False,0.2664101020198477,0.3589478723571631,0.985955856057477,1.1786869314380337,0.7608171626346566
deit_tiny,1.0,17,raw,1.0,chexpert,pleural_effusion,age18_44,3985,697,3288,0.17490589711417817,0.8609351164357499,0.5995577211861114,0.10683452941024583,0.34528606751820407,0.058397917711623386,0.059940444017281144,0.896700143472023,0.6104014598540146,0.3279118572927597,0.9653679653679653,0.48021513638109875,0.050424069043413594,625,2007,1281,72,False,0.14810572738450944,0.27866037798198084,0.7482023229088308,1.0652640070190056,0.6379858711601518
deit_tiny,1.0,17,raw,1.0,chexpert,pleural_effusion,age45_64,6503,1856,4647,0.28540673535291405,0.8574940358258573,0.7141799191444353,0.15251542071227178,0.4642166252057145,0.10845769421444333,0.10845769421444332,0.9547413793103449,0.42586615020443297,0.3990990990990991,0.9592825981580223,0.5628970775095299,0.050424069043413594,1772,1979,2668,84,False,0.2335610055335426,0.3469996399276143,1.1258892138065317,1.2012580317868626,0.8337236371225208
deit_tiny,1.0,17,raw,1.0,chexpert,pleural_effusion,age65_100,8445,3089,5356,0.36577856719952634,0.8274428209085165,0.7376199124539438,0.18295882652457673,0.5451789590089954,0.13076360494312905,0.13076360494312905,0.9734541922952412,0.24290515309932786,0.42580005664117815,0.940708604483008,0.5924539454240961,0.050424069043413594,3007,1301,4055,82,False,0.29571616521623123,0.3813025865840136,1.034666872664559,1.1738858724281553,0.8239816036390224
deit_tiny,1.0,17,raw,1.0,nih,cardiomegaly,female,9358,286,9072,0.030562085915793975,0.89500777000777,0.2588978554835585,0.0267666627826756,0.10170773683817427,0.010981507809391288,0.01320113006268167,0.8986013986013986,0.6905864197530864,0.08387728459530026,0.9953924372418176,0.15343283582089554,0.011597361823632971,257,6265,2807,29,False,0.029666668186265496,0.09775298612509786,-0.803124227915273,0.7500146673338027,-0.3532822001452777
deit_tiny,1.0,17,raw,1.0,nih,cardiomegaly,male,11971,211,11760,0.017625929329212264,0.8928901892510559,0.19105169115292225,0.016445197284572347,0.0682214224986388,0.00784663906370106,0.009046544016652773,0.8815165876777251,0.7261054421768708,0.05459348400352216,0.9970808033629145,0.10281923714759536,0.011597361823632971,186,8539,3221,25,False,0.017360432982309947,0.05271963543018854,-0.8845713516343452,0.8075199644819655,-0.45704524233889415
deit_tiny,1.0,17,raw,1.0,nih,cardiomegaly,PA,12801,294,12507,0.022966955706585423,0.9308536879211587,0.28145190497665784,0.019609639497523406,0.07346463315780262,0.007572993607694808,0.009540844710671634,0.9217687074829932,0.7711681458383305,0.08649856367698691,0.9976210177906496,0.15815582141815,0.011597361823632971,271,9645,2862,23,False,0.0224413800464992,0.12618388633445643,-0.6887069927817714,0.8255421155343322,-0.3826190001530421
deit_tiny,1.0,17,raw,1.0,nih,cardiomegaly,AP,8528,203,8325,0.02380393996247655,0.8287169928549238,0.15363706790227974,0.02302121151572429,0.09709649167563422,0.01036374998253124,0.013568218920534482,0.8472906403940886,0.6196996996996997,0.05152786099460755,0.9940269749518305,0.09714769839028523,0.011597361823632971,172,5159,3166,31,False,0.02323760766217972,0.009312324642076875,-1.1140203585651194,0.7026465028190046,-0.4255995680076847
deit_tiny,1.0,17,raw,1.0,nih,cardiomegaly,age18_44,8513,178,8335,0.020909197697638906,0.9023752552860214,0.2026178596209534,0.019434093256460845,0.0764360805484341,0.008938052748098358,0.010684730306670253,0.8820224719101124,0.7323335332933413,0.06574539363484087,0.9965714285714286,0.12236944660950896,0.011597361823632971,157,6104,2231,21,False,0.020483823806248812,0.05124680624658251,-0.8915154446269451,0.7793220768782273,-0.45815699399588383
deit_tiny,1.0,17,raw,1.0,nih,cardiomegaly,age45_64,9808,238,9570,0.02426590538336052,0.9005431012530404,0.26262859391309445,0.021280431799214888,0.08354942743390552,0.008445343339632863,0.010458676534052318,0.8991596638655462,0.7034482758620689,0.07011795543905636,0.9964476021314387,0.13009118541033435,0.011597361823632971,214,6732,2838,24,False,0.023677077846963157,0.10122220584985175,-0.7912456658674905,0.8008170127979811,-0.4034619702742339
deit_tiny,1.0,17,raw,1.0,nih,cardiomegaly,age65_100,3008,81,2927,0.0269281914893617,0.8633834837000764,0.21568846071035194,0.02433077660736138,0.09917104789969265,0.01194189235301017,0.014676030800796295,0.8888888888888888,0.672360778954561,0.06983511154219205,0.9954476479514416,0.12949640287769784,0.011597361823632971,72,1968,959,9,True,0.026209724911135008,0.07168897461321211,-0.8472635800815321,0.7343025106560366,-0.2609694269990962
deit_tiny,1.0,17,raw,1.0,nih,pleural_effusion,female,9358,1069,8289,0.11423381064329985,0.8763781973043269,0.48749694248631315,0.07536335509630743,0.24796551926536062,0.009601143547445309,0.009988175742266271,0.9167446211412535,0.6439860055495235,0.24930043245993386,0.9836005159388244,0.392,0.050424069043413594,980,5338,2951,89,False,0.10118526860889815,0.2551943960577673,-0.13525595140561697,0.9304914217239777,-0.049548113900074485
deit_tiny,1.0,17,raw,1.0,nih,pleural_effusion,male,11971,1467,10504,0.1225461532035753,0.8801731518125856,0.5093836517425272,0.07793725974259835,0.2553899424095444,0.009571472736772026,0.009735971941467813,0.9366053169734151,0.6146230007616146,0.2534120250829952,0.9857993586807147,0.398896791987226,0.050424069043413594,1374,6456,4048,93,False,0.10761357772293144,0.2757674134460948,-0.13751524245894,0.9784569510192039,-0.11384975248384947
deit_tiny,1.0,17,raw,1.0,nih,pleural_effusion,PA,12801,1189,11612,0.09288336848683697,0.9029137949865964,0.5279258580527542,0.05808087938459957,0.19712770761721424,0.006777960109671715,0.007207091382068889,0.904121110176619,0.739493627282122,0.2621951219512195,0.9868980576945179,0.4065040650406504,0.050424069043413594,1075,8587,3025,114,False,0.08467400948936504,0.31406485018411157,-0.11721678396014867,0.9672663153593929,-0.0755182268027498
deit_tiny,1.0,17,raw,1.0,nih,pleural_effusion,AP,8528,1347,7181,0.15795028142589118,0.8319695616794587,0.4714853325412646,0.1049183719943282,0.3346977655560437,0.012227994934828746,0.016073891733323208,0.949517446176689,0.44659518172956414,0.24347991623834,0.979236641221374,0.3875757575757576,0.050424069043413594,1279,3207,3974,68,False,0.13499318563437138,0.22278764293703468,-0.15851348324327996,0.9411355613486949,-0.09631903773576762
deit_tiny,1.0,17,raw,1.0,nih,pleural_effusion,age18_44,8513,843,7670,0.09902502055679549,0.8758556932542093,0.4384596717918181,0.06957500994919459,0.23020970338222807,0.016918554273869603,0.01847305846958037,0.9122182680901542,0.676923076923077,0.2368340006159532,0.9859475883023168,0.37603911980440097,0.050424069043413594,769,5192,2478,74,False,0.08942362582077229,0.22196165375087096,-0.28299405707959496,0.8793754315974188,-0.1345994143127573
deit_tiny,1.0,17,raw,1.0,nih,pleural_effusion,age45_64,9808,1231,8577,0.12550978792822187,0.8861541176139653,0.5359722387259527,0.07707417489519003,0.2527365037274066,0.007864904068340003,0.0066941002251585495,0.9350121852152722,0.6262096304069021,0.2641725958228139,0.9853237937993029,0.4119541875447387,0.050424069043413594,1151,5371,3206,80,False,0.1099054900175662,0.29872315857132103,-0.01671232835710006,1.0153664861883962,-0.03455645375525101
deit_tiny,1.0,17,raw,1.0,nih,pleural_effusion,age65_100,3008,462,2546,0.1535904255319149,0.8536797386954496,0.5210398416836294,0.09641012177538986,0.31220727939447757,0.01624250784442185,0.016899161959030563,0.9393939393939394,0.483503534956795,0.24814179531160663,0.977760127084988,0.39258254183627317,0.050424069043413594,434,1231,1315,28,False,0.13162151258602303,0.26752002859426405,-0.15973887760977598,0.972337416734791,-0.13202956708455477
deit_tiny,1.0,17,raw,1.0,vinbig,cardiomegaly,PA,14998,1817,13181,0.12114948659821309,0.867019630205199,0.5170487470585491,0.09126223019477471,0.3297244190688811,0.07688020665799243,0.07691954861697446,0.9020363236103467,0.6559441620514377,0.26546809199870425,0.979827742520399,0.41021148792391443,0.011597361823632971,1639,8646,4535,178,False,0.11584294874158528,0.2121900280840019,0.9439423343927322,0.7909876738609943,1.5096349954876331
deit_tiny,1.0,17,raw,1.0,vinbig,pleural_effusion,PA,14998,634,14364,0.04227230297372983,0.916669741300324,0.6563808686182694,0.024881710089923407,0.1072358547933163,0.032781423917227694,0.02611023120535554,0.8990536277602523,0.7208298524087998,0.12445414847161572,0.9938567863313496,0.2186421173762946,0.050424069043413594,570,10354,4010,64,False,0.04553419164022411,0.4535598592258012,0.31467734222860133,1.5613411099735401,-0.5534174809415869
deit_tiny,1.0,17,temperature,1.0,chexpert,cardiomegaly,female,8564,877,7687,0.10240541802895843,0.7971143361439347,0.36901054386991494,0.0822178427829335,0.33533634542522417,0.059100579279665034,0.05833123694799876,0.798175598631699,0.6240405880057239,0.19498607242339833,0.9644149577804584,0.31340944705618984,0.009700771936035853,700,4797,2890,177,False,0.09801161569081003,0.16114184830602096,0.047059561413399204,0.5577879108099916,1.2908108222516048
deit_tiny,1.0,17,temperature,1.0,chexpert,cardiomegaly,male,10691,1157,9534,0.10822186886165934,0.8128128615432482,0.4025345497739819,0.08434338322527943,0.33619320393604885,0.06043051491420933,0.059866492324330375,0.8349178910976663,0.6170547514159849,0.2092267706302794,0.9685544945670069,0.33460339452719084,0.009700771936035853,966,5883,3651,191,False,0.1035448365914991,0.18544095483942347,0.1268122633230991,0.5771293097083992,1.2603159237029449
deit_tiny,1.0,17,temperature,1.0,chexpert,cardiomegaly,PA,4366,368,3998,0.0842876775080165,0.8339257944189485,0.4404532144167726,0.06672212047498347,0.2999222453265405,0.05815975721186608,0.0576936675034064,0.7364130434782609,0.8034017008504252,0.2563859981078524,0.9706860078573587,0.38035087719298244,0.009700771936035853,271,3212,786,97,False,0.08077611187461328,0.17398697552372255,0.4319956756795139,0.5777642294883496,1.8366427856198841
deit_tiny,1.0,17,temperature,1.0,chexpert,cardiomegaly,AP,14889,1666,13223,0.11189468735307946,0.7964396452069445,0.38103794338913544,0.08828799366382747,0.34633632093533767,0.06033141889393887,0.05962058098879744,0.8373349339735895,0.5647735007184451,0.1951048951048951,0.9649825558857733,0.316470054446461,0.009700771936035853,1395,7468,5755,271,False,0.10703880853860248,0.17517772414304023,0.061300369549729755,0.5782183308086905,1.1733739964276668
deit_tiny,1.0,17,temperature,1.0,chexpert,cardiomegaly,age18_44,4062,251,3811,0.06179222058099458,0.8227818194553196,0.36219183746878647,0.04876302128917595,0.21268509436528435,0.03208989096999532,0.030648298082897676,0.7689243027888446,0.7158226187352401,0.15125391849529782,0.9791816223977028,0.25278323510150624,0.009700771936035853,193,2728,1083,58,False,0.05937606294110433,0.17874276478141626,-0.15683858957790436,0.5872516568946666,1.0034494217571068
deit_tiny,1.0,17,temperature,1.0,chexpert,cardiomegaly,age45_64,6646,561,6085,0.08441167619620825,0.8240272608632606,0.35727179772550743,0.06720009991361316,0.26702563413027386,0.04464600568345434,0.04261782235036614,0.8360071301247772,0.637633525061627,0.17539267015706805,0.9768378650553877,0.2899536321483771,0.009700771936035853,469,3880,2205,92,False,0.08089407249233281,0.16928276889530536,0.031042447523612064,0.6167050606185202,1.0523453857341514
deit_tiny,1.0,17,temperature,1.0,chexpert,cardiomegaly,age65_100,8547,1222,7325,0.142974142974143,0.7760313479273612,0.4168220603996763,0.11245366317444709,0.4478159339838929,0.08577020791008472,0.0856265296020608,0.8216039279869067,0.5559044368600683,0.23584684049800328,0.9491841491841492,0.36649023544442416,0.009700771936035853,1004,4072,3253,218,False,0.13660486150988704,0.17679603835835644,0.15904777345868773,0.5235195133182217,1.470870757505654
deit_tiny,1.0,17,temperature,1.0,chexpert,pleural_effusion,female,8432,2583,5849,0.30633301707779886,0.8523732544557451,0.7287714432125731,0.1594899503087893,0.4835757315077329,0.11481879630851712,0.1148187963085171,0.9585753000387147,0.40485553085997605,0.41564545912372,0.9567676767676768,0.5798594847775176,0.05254406421009426,2476,2368,3481,107,False,0.2497442422757069,0.3613868778095023,1.0972433237298909,1.1864363804176448,0.8398180502212209
deit_tiny,1.0,17,temperature,1.0,chexpert,pleural_effusion,male,10501,3059,7442,0.2913055899438149,0.8507341156485384,0.7030608971161001,0.15344284996541913,0.4659948564107628,0.0990111200226767,0.09901112002267667,0.9571755475645636,0.39223327062617575,0.39296738692792915,0.9570491803278689,0.5571836346336823,0.05254406421009426,2928,2919,4523,131,False,0.23812285563224553,0.35561477474302305,0.9693342853439724,1.1821112105916622,0.7293824978689539
deit_tiny,1.0,17,temperature,1.0,chexpert,pleural_effusion,PA,4254,829,3425,0.19487541137752704,0.8912149894781329,0.7442081015867222,0.10684004427064597,0.34882645185576633,0.08631934983409488,0.08631934983409487,0.8817852834740652,0.6922627737226278,0.4095238095238095,0.9603078169299312,0.5592960979342004,0.05254406421009426,731,2371,1054,98,False,0.16354905273004827,0.34674006062881557,1.517455059397881,1.2687260146309751,0.9853099156460932
deit_tiny,1.0,17,temperature,1.0,chexpert,pleural_effusion,AP,14679,4813,9866,0.3278833708018257,0.8334303603461956,0.7095718038051115,0.17042203693461744,0.51004937863943,0.11176955839207742,0.11176955839207742,0.9709121130272179,0.29556051084532736,0.40204766411425624,0.9541884816753927,0.5686298369432952,0.05254406421009426,4673,2916,6950,140,False,0.2664101020198477,0.36030189680299396,0.9859567764281255,1.1963821022177186,0.7418456397458284
deit_tiny,1.0,17,temperature,1.0,chexpert,pleural_effusion,age18_44,3985,697,3288,0.17490589711417817,0.8609351164357499,0.5995577211861114,0.10661501416134116,0.3441246929193587,0.05686345826321546,0.05847726037099773,0.896700143472023,0.6104014598540146,0.3279118572927597,0.9653679653679653,0.48021513638109875,0.05254406421009426,625,2007,1281,72,False,0.14810572738450944,0.2801425303118146,0.7481900672012081,1.0812491921094434,0.6126838526746307
deit_tiny,1.0,17,temperature,1.0,chexpert,pleural_effusion,age45_64,6503,1856,4647,0.28540673535291405,0.8574940358258573,0.7141799191444353,0.15214467784724464,0.4626782170492605,0.10660679744190642,0.10660679744190645,0.9547413793103449,0.42586615020443297,0.3990990990990991,0.9592825981580223,0.5628970775095299,0.05254406421009426,1772,1979,2668,84,False,0.2335610055335426,0.34858698908369545,1.1258862168255284,1.2192921926230256,0.8117692368299069
deit_tiny,1.0,17,temperature,1.0,chexpert,pleural_effusion,age65_100,8445,3089,5356,0.36577856719952634,0.8274428209085165,0.7376199124539438,0.18257725956388407,0.5436103266415202,0.12889533159051522,0.12889533159051525,0.9734541922952412,0.24290515309932786,0.42580005664117815,0.940708604483008,0.5924539454240961,0.05254406421009426,3007,1301,4055,82,False,0.29571616521623123,0.3825929014385082,1.0346713949166317,1.191511022261377,0.8058168856656086
deit_tiny,1.0,17,temperature,1.0,nih,cardiomegaly,female,9358,286,9072,0.030562085915793975,0.89500777000777,0.2588978554835585,0.026733456524301303,0.10198743948967526,0.01156398979996283,0.012383120731475895,0.8986013986013986,0.6905864197530864,0.08387728459530026,0.9953924372418176,0.15343283582089554,0.009700771936035853,257,6265,2807,29,False,0.029666668186265496,0.09887229814779652,-0.8031613507231707,0.7207763444044213,-0.289939425755974
deit_tiny,1.0,17,temperature,1.0,nih,cardiomegaly,male,11971,211,11760,0.017625929329212264,0.8928901892510559,0.19105169115292225,0.016369634468234483,0.06799408093937807,0.0070478570354887615,0.008165354158583882,0.8815165876777251,0.7261054421768708,0.05459348400352216,0.9970808033629145,0.10281923714759536,0.009700771936035853,186,8539,3221,25,False,0.017360432982309947,0.05707222366429887,-0.8845446338431515,0.7760180567569555,-0.3753430553098296
deit_tiny,1.0,17,temperature,1.0,nih,cardiomegaly,PA,12801,294,12507,0.022966955706585423,0.9308536879211587,0.28145190497665784,0.019576524998874835,0.07345373567643784,0.0075502380843264945,0.008658943202435963,0.9217687074829932,0.7711681458383305,0.08649856367698691,0.9976210177906496,0.15815582141815,0.009700771936035853,271,9645,2862,23,False,0.0224413800464992,0.12765948625656276,-0.6886955154695105,0.7933145726756607,-0.3188867686271491
deit_tiny,1.0,17,temperature,1.0,nih,cardiomegaly,AP,8528,203,8325,0.02380393996247655,0.8287169928549238,0.15363706790227974,0.022928410396699093,0.0971006486017349,0.010894764673667163,0.012409941628318703,0.8472906403940886,0.6196996996996997,0.05152786099460755,0.9940269749518305,0.09714769839028523,0.009700771936035853,172,5159,3166,31,False,0.02323760766217972,0.01330589921198555,-1.1141067837227194,0.6752074051045064,-0.3432978510575747
deit_tiny,1.0,17,temperature,1.0,nih,cardiomegaly,age18_44,8513,178,8335,0.020909197697638906,0.9023752552860214,0.2026178596209534,0.019367900603935843,0.07632341046278458,0.007901565952048915,0.009543570704311903,0.8820224719101124,0.7323335332933413,0.06574539363484087,0.9965714285714286,0.12236944660950896,0.009700771936035853,157,6104,2231,21,False,0.020483823806248812,0.0544782660145976,-0.8915321449112424,0.7488987980636117,-0.38786604625667404
deit_tiny,1.0,17,temperature,1.0,nih,cardiomegaly,age45_64,9808,238,9570,0.02426590538336052,0.9005431012530404,0.26262859391309445,0.021235637760947147,0.0835325559860469,0.00895375699678517,0.009709699468606113,0.8991596638655462,0.7034482758620689,0.07011795543905636,0.9964476021314387,0.13009118541033435,0.009700771936035853,214,6732,2838,24,False,0.023677077846963157,0.10311407943988116,-0.7913795633461677,0.7694794559993788,-0.3325637648122286
deit_tiny,1.0,17,temperature,1.0,nih,cardiomegaly,age65_100,3008,81,2927,0.0269281914893617,0.8633834837000764,0.21568846071035194,0.02426014207878031,0.09951033885932273,0.01255641373682856,0.013914507749741071,0.8888888888888888,0.672360778954561,0.06983511154219205,0.9954476479514416,0.12949640287769784,0.009700771936035853,72,1968,959,9,True,0.026209724911135008,0.07438394866656661,-0.847453183920138,0.7056425759690078,-0.18198381793059246
deit_tiny,1.0,17,temperature,1.0,nih,pleural_effusion,female,9358,1069,8289,0.11423381064329985,0.8763781973043269,0.48749694248631315,0.07534570844884919,0.2479076045591485,0.007686454715853618,0.009320096806997254,0.9167446211412535,0.6439860055495235,0.24930043245993386,0.9836005159388244,0.392,0.05254406421009426,980,5338,2951,89,False,0.10118526860889815,0.25536879543132085,-0.13503797048921892,0.9445377046825595,-0.06737780695342412
deit_tiny,1.0,17,temperature,1.0,nih,pleural_effusion,male,11971,1467,10504,0.1225461532035753,0.8801731518125856,0.5093836517425272,0.07795462759177514,0.2555201497613276,0.01075758097898191,0.01051806672399948,0.9366053169734151,0.6146230007616146,0.2534120250829952,0.9857993586807147,0.398896791987226,0.05254406421009426,1374,6456,4048,93,False,0.10761357772293144,0.2756060225738248,-0.1375308631302113,0.9931362211972291,-0.13005087212266642
deit_tiny,1.0,17,temperature,1.0,nih,pleural_effusion,PA,12801,1189,11612,0.09288336848683697,0.9029137949865964,0.5279258580527542,0.0580772485871031,0.19716764908522486,0.006701559682146363,0.007521495034375101,0.904121110176619,0.739493627282122,0.2621951219512195,0.9868980576945179,0.4065040650406504,0.05254406421009426,1075,8587,3025,114,False,0.08467400948936504,0.3141077299003121,-0.1172544170277664,0.9817730563134838,-0.09420832379291609
deit_tiny,1.0,17,temperature,1.0,nih,pleural_effusion,AP,8528,1347,7181,0.15795028142589118,0.8319695616794587,0.4714853325412646,0.10492883764094327,0.33475703568449816,0.013459729227015728,0.016154250868867195,0.949517446176689,0.44659518172956414,0.24347991623834,0.979236641221374,0.3875757575757576,0.05254406421009426,1279,3207,3974,68,False,0.13499318563437138,0.2227101157154503,-0.15857040984411647,0.9552301677341235,-0.11172941204964192
deit_tiny,1.0,17,temperature,1.0,nih,pleural_effusion,age18_44,8513,843,7670,0.09902502055679549,0.8758556932542093,0.4384596717918181,0.06956987072710051,0.23014769530297544,0.01592009975569946,0.01814803232596338,0.9122182680901542,0.676923076923077,0.2368340006159532,0.9859475883023168,0.37603911980440097,0.05254406421009426,769,5192,2478,74,False,0.08942362582077229,0.2220191242688343,-0.2829276278690177,0.8925924721330166,-0.15193746977759692
deit_tiny,1.0,17,temperature,1.0,nih,pleural_effusion,age45_64,9808,1231,8577,0.12550978792822187,0.8861541176139653,0.5359722387259527,0.07707383288511253,0.2528448970765014,0.009662049100342707,0.006738608784219076,0.9350121852152722,0.6262096304069021,0.2641725958228139,0.9853237937993029,0.4119541875447387,0.05254406421009426,1151,5371,3206,80,False,0.1099054900175662,0.29872627042749345,-0.016712539685261686,1.0306450406141603,-0.05194546016329212
deit_tiny,1.0,17,temperature,1.0,nih,pleural_effusion,age65_100,3008,462,2546,0.1535904255319149,0.8536797386954496,0.5210398416836294,0.09644000137250021,0.31236735226622636,0.017380054666314017,0.017703600446028925,0.9393939393939394,0.483503534956795,0.24814179531160663,0.977760127084988,0.39258254183627317,0.05254406421009426,434,1231,1315,28,False,0.13162151258602303,0.2672930170934593,-0.15970009944023314,0.9869563222399337,-0.14675643895534046
deit_tiny,1.0,17,temperature,1.0,vinbig,cardiomegaly,PA,14998,1817,13181,0.12114948659821309,0.867019630205199,0.5170487470585491,0.09202227753750472,0.3383690588409622,0.07929298669283431,0.07932129650911628,0.9020363236103467,0.6559441620514377,0.26546809199870425,0.979827742520399,0.41021148792391443,0.009700771936035853,1639,8646,4535,178,False,0.11584294874158528,0.20562901292523317,0.9439317770363431,0.7601258174955269,1.6150228718584816
deit_tiny,1.0,17,temperature,1.0,vinbig,pleural_effusion,PA,14998,634,14364,0.04227230297372983,0.916669741300324,0.6563808686182694,0.02503562096800116,0.10833260281493066,0.034345903934643554,0.027436923432073667,0.8990536277602523,0.7208298524087998,0.12445414847161572,0.9938567863313496,0.2186421173762946,0.05254406421009426,570,10354,4010,64,False,0.04553419164022411,0.45017974260280647,0.3146151433262842,1.5847682644133405,-0.5798328233008605
deit_tiny,1.0,43,raw,1.0,chexpert,cardiomegaly,female,8564,877,7687,0.10240541802895843,0.7911348054787222,0.37065295912698376,0.08819828590703867,0.35298033507574633,0.07554220195757519,0.07554220195757519,0.82212086659065,0.5894367113308183,0.1859685323703895,0.9667164497546405,0.30332351703828353,0.009974920824078677,721,4531,3156,156,False,0.09801161569081003,0.10012415074075243,0.8819358685999046,0.7548419640550755,1.7029839648497629
deit_tiny,1.0,43,raw,1.0,chexpert,cardiomegaly,male,10691,1157,9534,0.10822186886165934,0.8133823559007938,0.4176946348535759,0.0927981469425728,0.3698656169269337,0.08347180870416121,0.08333900074598123,0.8072601555747623,0.6432766939374869,0.2154555940023068,0.9649150409062304,0.34013109978150036,0.009974920824078677,934,6133,3401,223,False,0.1035448365914991,0.10378778896840324,1.186149051783543,0.7908972933160311,1.9037824494881659
deit_tiny,1.0,43,raw,1.0,chexpert,cardiomegaly,PA,4366,368,3998,0.0842876775080165,0.8280318827892206,0.4475540699445127,0.07009758130511427,0.2947300284016377,0.06332170349279208,0.06332170349279208,0.7635869565217391,0.7548774387193596,0.22283901665344966,0.9719806763285024,0.34499693063228976,0.009974920824078677,281,3018,980,87,False,0.08077611187461328,0.13219911582368582,1.084843971802106,0.772165083506388,1.8967520416720922
deit_tiny,1.0,43,raw,1.0,chexpert,cardiomegaly,AP,14889,1666,13223,0.11189468735307946,0.7933224866744701,0.38188244122348536,0.09680899116749252,0.38218588193652964,0.08481952897920148,0.0847241666391584,0.8247298919567827,0.5782348937457461,0.1976694000863185,0.963214915595868,0.3189044911222003,0.009974920824078677,1374,7646,5577,292,False,0.10703880853860248,0.09557110650592382,1.042658078236609,0.7758662516408313,1.7958231486905722
deit_tiny,1.0,43,raw,1.0,chexpert,cardiomegaly,age18_44,4062,251,3811,0.06179222058099458,0.8168898794744924,0.36786837410161355,0.05270321987735921,0.22232833683230413,0.04316581021976265,0.04316581021976265,0.7649402390438247,0.7021779060614012,0.14468726450640543,0.9784277879341865,0.24334600760456274,0.009974920824078677,192,2676,1135,59,False,0.05937606294110433,0.11238271339014128,0.8112115452039007,0.8038956476652185,1.4919257674759505
deit_tiny,1.0,43,raw,1.0,chexpert,cardiomegaly,age45_64,6646,561,6085,0.08441167619620825,0.8128617608244464,0.38056840265586644,0.07182825646071861,0.2879305263174099,0.06045033244321057,0.06023669267780254,0.8057040998217468,0.6419063270336894,0.1717977955150133,0.972851805728518,0.2832080200501253,0.009974920824078677,452,3906,2179,109,False,0.08089407249233281,0.11207021419861718,0.9387246575127584,0.8069954587325848,1.5797136858846357
deit_tiny,1.0,43,raw,1.0,chexpert,cardiomegaly,age65_100,8547,1222,7325,0.142974142974143,0.7794039871971757,0.417461274126619,0.12355025598352122,0.4867758181860552,0.11258313956834068,0.1125831395683407,0.8273322422258592,0.5572696245733788,0.23765867418899858,0.9508502212904728,0.36924762600438277,0.009974920824078677,1011,4082,3243,211,False,0.13660486150988704,0.09556472135818517,1.1049336824231193,0.72744112663436,2.0312391791000572
deit_tiny,1.0,43,raw,1.0,chexpert,pleural_effusion,female,8432,2583,5849,0.30633301707779886,0.8609212609479489,0.7371294316331847,0.16766236373895768,0.5034231867770761,0.13789199769921728,0.13831344747034718,0.9748354626403407,0.3453581808856215,0.39672286119426503,0.9688249400479616,0.5639417693169093,0.0423245913810851,2518,2020,3829,65,False,0.2497442422757069,0.3286637473152809,1.533579890853081,1.30562687907976,1.0315366629144012
deit_tiny,1.0,43,raw,1.0,chexpert,pleural_effusion,male,10501,3059,7442,0.2913055899438149,0.8584018029720785,0.7128242882096685,0.16791588050383288,0.5028908697975406,0.13820301373583094,0.13899712679008122,0.9666557698594311,0.3802741198602526,0.390672479852028,0.9652114597544338,0.5564546480993602,0.0423245913810851,2957,2830,4612,102,False,0.23812285563224553,0.2948350965387362,1.597709758193838,1.306358819550114,1.0681298448157532
deit_tiny,1.0,43,raw,1.0,chexpert,pleural_effusion,PA,4254,829,3425,0.19487541137752704,0.8934561911721975,0.7436260422813086,0.11203176688713748,0.36196832808615176,0.09545859484099924,0.09819174679792299,0.9071170084439083,0.6490510948905109,0.38485158648925283,0.9665217391304348,0.5404240028745958,0.0423245913810851,752,2223,1202,77,False,0.16354905273004827,0.31499592925154074,1.9958971523372881,1.4087495570399766,1.0920973051154876
deit_tiny,1.0,43,raw,1.0,chexpert,pleural_effusion,AP,14679,4813,9866,0.3278833708018257,0.8431791217355151,0.7195495287393077,0.18396556821852697,0.5440362468131201,0.150411765746042,0.1504994826355509,0.9813006440889258,0.2662679910804784,0.3948336398595553,0.9668752300331248,0.5630998509687034,0.0423245913810851,4723,2627,7239,90,False,0.2664101020198477,0.30946474317696326,1.5247185364177869,1.3006176100656917,1.0440104342592513
deit_tiny,1.0,43,raw,1.0,chexpert,pleural_effusion,age18_44,3985,697,3288,0.17490589711417817,0.8713263656895909,0.6377025488285505,0.10915115080552969,0.34913538325671695,0.07281392659805108,0.07491764983097492,0.9325681492109039,0.5574817518248175,0.3087885985748218,0.975,0.46395431834404,0.0423245913810851,650,1833,1455,47,False,0.14810572738450944,0.2630187047246767,1.3724470194312595,1.2962847370908628,0.7970588645643174
deit_tiny,1.0,43,raw,1.0,chexpert,pleural_effusion,age45_64,6503,1856,4647,0.28540673535291405,0.8669003060001632,0.7265971953100323,0.16200790455779857,0.4877988180029166,0.13420511865212104,0.13549070518540765,0.9660560344827587,0.399397460727351,0.3911431064572426,0.9671704012506513,0.5568322981366459,0.0423245913810851,1793,1856,2791,63,False,0.2335610055335426,0.3063572226549094,1.6483169848407662,1.3310887257386286,1.065805910246483
deit_tiny,1.0,43,raw,1.0,chexpert,pleural_effusion,age65_100,8445,3089,5356,0.36577856719952634,0.8336391616787604,0.7397600491647868,0.19994185588137836,0.5875975274005087,0.17182661785101055,0.1721444465958686,0.9815474263515701,0.2167662434652726,0.41953784419537843,0.9532019704433498,0.5878247382706475,0.0423245913810851,3032,1161,4195,57,False,0.29571616521623123,0.3238724175420763,1.5447277676673388,1.2709574334203761,1.1216692461269346
deit_tiny,1.0,43,raw,1.0,nih,cardiomegaly,female,9358,286,9072,0.030562085915793975,0.8783488887655554,0.2462864452856627,0.026020203231893507,0.10363207075725216,0.009475049925969939,0.007925387900580916,0.9055944055944056,0.6628086419753086,0.07805907172995781,0.9955298013245033,0.1437291897891232,0.009974920824078677,259,6013,3059,27,False,0.029666668186265496,0.12291454272779312,0.04852842535823739,0.893611747006967,0.34635667746299187
deit_tiny,1.0,43,raw,1.0,nih,cardiomegaly,male,11971,211,11760,0.017625929329212264,0.8854055840345616,0.1762204482215735,0.015844773912212885,0.06763758593093275,0.004401351225354417,0.004602224901804697,0.8862559241706162,0.7362244897959184,0.056856187290969896,0.9972356599861782,0.10685714285714286,0.009974920824078677,187,8658,3102,24,False,0.017360432982309947,0.08730537260455995,0.3623891716691984,1.0226748455253898,0.2893070385523616
deit_tiny,1.0,43,raw,1.0,nih,cardiomegaly,PA,12801,294,12507,0.022966955706585423,0.9192682030035968,0.2645895255685835,0.019338236882813182,0.07611052580321047,0.0078948955280945,0.007257395034374403,0.9047619047619048,0.7822819221236108,0.08899297423887588,0.9971463514064411,0.16204690831556504,0.009974920824078677,266,9784,2723,28,False,0.0224413800464992,0.1382777332435089,0.33393429611454456,0.9681925909615617,0.42625426414084844
deit_tiny,1.0,43,raw,1.0,nih,cardiomegaly,AP,8528,203,8325,0.02380393996247655,0.8221884939126318,0.14815242318599067,0.021766660413962052,0.09441693462929929,0.005728063399367077,0.005498168565448013,0.8866995073891626,0.587027027027027,0.04975124378109453,0.995315682281059,0.0942161737764983,0.009974920824078677,180,4887,3438,23,False,0.02323760766217972,0.06330028760282858,-0.14347701780653777,0.8920322286347924,0.19571858044967574
deit_tiny,1.0,43,raw,1.0,nih,cardiomegaly,age18_44,8513,178,8335,0.020909197697638906,0.8929992653154761,0.2024945899769942,0.018390475606063543,0.07560560932226557,0.005217205639643706,0.00581217118209598,0.8876404494382022,0.7180563887222555,0.06299840510366826,0.9966694421315571,0.11764705882352941,0.009974920824078677,158,5985,2350,20,False,0.020483823806248812,0.102195186796455,0.23592786652326406,0.9902154596390357,0.2649073074932143
deit_tiny,1.0,43,raw,1.0,nih,cardiomegaly,age45_64,9808,238,9570,0.02426590538336052,0.8905113142435658,0.23907307276857687,0.02083442088598576,0.08471626162837,0.0073596803630180015,0.00682328223716048,0.9159663865546218,0.7013584117032393,0.07087126137841353,0.9970291146761735,0.1315630657815329,0.009974920824078677,218,6712,2858,20,False,0.023677077846963157,0.12005945072068924,0.16358754697385272,0.944684241273941,0.32799095454927585
deit_tiny,1.0,43,raw,1.0,nih,cardiomegaly,age65_100,3008,81,2927,0.0269281914893617,0.8459869161953206,0.19349229987159197,0.024026838917218296,0.10137992457249395,0.009490798936968308,0.008903349314646074,0.8641975308641975,0.674410659378203,0.06842619745845552,0.9944584382871536,0.12681159420289856,0.009974920824078677,70,1974,953,11,True,0.026209724911135008,0.0832853454707313,0.03387289044329858,0.8733897565970221,0.42809891041487524
deit_tiny,1.0,43,raw,1.0,nih,pleural_effusion,female,9358,1069,8289,0.11423381064329985,0.8758519552268772,0.5047538555417881,0.07438749666575475,0.24798198515924633,0.011978298312915072,0.012825763565336275,0.912067352666043,0.6316805404753287,0.2420556107249255,0.9823639774859287,0.3825779870512066,0.0423245913810851,975,5236,3053,94,False,0.10118526860889815,0.26483866981390625,0.10897473533653958,0.98608479080046,0.1297904957433335
deit_tiny,1.0,43,raw,1.0,nih,pleural_effusion,male,11971,1467,10504,0.1225461532035753,0.8799032835090966,0.5157656354202069,0.07811102234631297,0.2579450503726872,0.02051584597467836,0.021312537052679617,0.9284253578732107,0.6463252094440213,0.2682686625960213,0.984769364664926,0.41625916870415647,0.0423245913810851,1362,6789,3715,105,False,0.10761357772293144,0.27415272311248284,0.29787066124577577,1.0219378701951702,0.2629683005431568
deit_tiny,1.0,43,raw,1.0,nih,pleural_effusion,PA,12801,1189,11612,0.09288336848683697,0.9028563951852829,0.5336665916005017,0.05745507007820932,0.19753105947144126,0.010167601624912991,0.011667852779979778,0.8915054667788057,0.752583534274888,0.26951436562420544,0.9854533152909337,0.4139008199921905,0.0423245913810851,1060,8739,2873,129,False,0.08467400948936504,0.32145565770774553,0.12592772572594205,1.0029235785977557,0.1212251224021445
deit_tiny,1.0,43,raw,1.0,nih,pleural_effusion,AP,8528,1347,7181,0.15795028142589118,0.8313641014443894,0.48848943997942057,0.10503082671607501,0.33769705943219347,0.026739226422810534,0.02774513362667956,0.9480326651818857,0.45759643503690295,0.2469064191802011,0.9791418355184743,0.3917778800429514,0.0423245913810851,1277,3286,3895,70,False,0.13499318563437138,0.22195460294899116,0.2783277832931093,1.001284195712631,0.2764165108790517
deit_tiny,1.0,43,raw,1.0,nih,pleural_effusion,age18_44,8513,843,7670,0.09902502055679549,0.8809784079643539,0.4596288279427049,0.06743959797713872,0.2259380348272085,0.012564070218214958,0.012753675837901239,0.9145907473309609,0.6777053455019557,0.23774283071230343,0.9863377609108159,0.37738619676945667,0.0423245913810851,771,5198,2472,72,False,0.08942362582077229,0.24584138298859803,0.1371464957396575,0.9961281421750839,0.14333102640480697
deit_tiny,1.0,43,raw,1.0,nih,pleural_effusion,age45_64,9808,1231,8577,0.12550978792822187,0.8820833341620664,0.5399452238851646,0.07812604832608262,0.2584634783720375,0.018899191696431766,0.02157236798256805,0.9236393176279447,0.6443978080914072,0.27155481251492714,0.9832769969756271,0.41971207087486156,0.0423245913810851,1137,5527,3050,94,False,0.1099054900175662,0.28915244985854904,0.2776435747263296,1.0199279775788768,0.2467170052912932
deit_tiny,1.0,43,raw,1.0,nih,pleural_effusion,age65_100,3008,462,2546,0.1535904255319149,0.8500597661045423,0.5216326603628894,0.09667940915699634,0.3158428619596727,0.02228310025350939,0.022828611581845078,0.9285714285714286,0.5106048703849175,0.25611940298507463,0.9752438109527382,0.40149742629854934,0.0423245913810851,429,1300,1246,33,False,0.13162151258602303,0.26547410634101176,0.18526833132860346,0.9749521552649884,0.2209037862217788
deit_tiny,1.0,43,raw,1.0,vinbig,cardiomegaly,PA,14998,1817,13181,0.12114948659821309,0.8898255302104474,0.5609823692559321,0.10197326422703025,0.37772834919485676,0.09826151016251745,0.09842178538858957,0.9053384700055036,0.7002503603671952,0.29395997140814867,0.9817060199957456,0.4438149197355996,0.009974920824078677,1645,9230,3951,172,False,0.11584294874158528,0.1197283448429356,2.7096524647598583,1.1391716657266422,2.2162837285826367
deit_tiny,1.0,43,raw,1.0,vinbig,pleural_effusion,PA,14998,634,14364,0.04227230297372983,0.9183628761704471,0.6542300412356837,0.02424320847540614,0.10351748282717498,0.025844250274941045,0.024110116204049698,0.8990536277602523,0.7160261765524923,0.12260701226070123,0.9938158276161948,0.21578648495173197,0.0423245913810851,570,10285,4079,64,False,0.04553419164022411,0.46758232435622926,0.8299159056474761,1.6269726213860536,-0.3659181826545665
deit_tiny,1.0,43,temperature,1.0,chexpert,cardiomegaly,female,8564,877,7687,0.10240541802895843,0.7911348054787222,0.37065295912698376,0.08654527048240705,0.3304775419336444,0.06909683619039579,0.06909683619039576,0.82212086659065,0.5894367113308183,0.1859685323703895,0.9667164497546405,0.30332351703828353,0.015069371030128422,721,4531,3156,156,False,0.09801161569081003,0.11698965604826883,0.8819588889564435,0.8302909816744816,1.4048953997088318
deit_tiny,1.0,43,temperature,1.0,chexpert,cardiomegaly,male,10691,1157,9534,0.10822186886165934,0.8133823559007938,0.4176946348535759,0.09088775016761447,0.34509499573583585,0.07753239514436987,0.07740277271095741,0.8072601555747623,0.6432766939374869,0.2154555940023068,0.9649150409062304,0.34013109978150036,0.015069371030128422,934,6133,3401,223,False,0.1035448365914991,0.12223773623612788,1.1861425833170134,0.869943793536264,1.5967632100096687
deit_tiny,1.0,43,temperature,1.0,chexpert,cardiomegaly,PA,4366,368,3998,0.0842876775080165,0.8280318827892206,0.4475540699445127,0.06879703196343775,0.2749546265155202,0.058776324566854964,0.058776324566854964,0.7635869565217391,0.7548774387193596,0.22283901665344966,0.9719806763285024,0.34499693063228976,0.015069371030128422,281,3018,980,87,False,0.08077611187461328,0.14829978360149776,1.0846581642929176,0.8492944869915513,1.580057233083266
deit_tiny,1.0,43,temperature,1.0,chexpert,cardiomegaly,AP,14889,1666,13223,0.11189468735307946,0.7933224866744701,0.38188244122348536,0.09486780790522743,0.357254910952031,0.0781803149012102,0.07808723991728837,0.8247298919567827,0.5782348937457461,0.1976694000863185,0.963214915595868,0.3189044911222003,0.015069371030128422,1374,7646,5577,292,False,0.10703880853860248,0.11370642853321467,1.043069684636337,0.853528335816679,1.4955127967282051
deit_tiny,1.0,43,temperature,1.0,chexpert,cardiomegaly,age18_44,4062,251,3811,0.06179222058099458,0.8168898794744924,0.36786837410161355,0.05179241699166972,0.20906307809750724,0.03836877077492351,0.038368770774923525,0.7649402390438247,0.7021779060614012,0.14468726450640543,0.9784277879341865,0.24334600760456274,0.015069371030128422,192,2676,1135,59,False,0.05937606294110433,0.12772227685350068,0.8113181364912514,0.8842668665543827,1.1820780692707806
deit_tiny,1.0,43,temperature,1.0,chexpert,cardiomegaly,age45_64,6646,561,6085,0.08441167619620825,0.8128617608244464,0.38056840265586644,0.07045037752517076,0.27042870679789155,0.054600770987139224,0.054392255574016675,0.8057040998217468,0.6419063270336894,0.1717977955150133,0.972851805728518,0.2832080200501253,0.015069371030128422,452,3906,2179,109,False,0.08089407249233281,0.12910334027442993,0.9387193308963362,0.8876465383473604,1.2826679187061394
deit_tiny,1.0,43,temperature,1.0,chexpert,cardiomegaly,age65_100,8547,1222,7325,0.142974142974143,0.7794039871971757,0.417461274126619,0.12100861432091414,0.4531574657681865,0.1055239816022863,0.10552398160228631,0.8273322422258592,0.5572696245733788,0.23765867418899858,0.9508502212904728,0.36924762600438277,0.015069371030128422,1011,4082,3243,211,False,0.13660486150988704,0.11417051352776408,1.1048699168221416,0.8001246548116199,1.7284407513537765
deit_tiny,1.0,43,temperature,1.0,chexpert,pleural_effusion,female,8432,2583,5849,0.30633301707779886,0.8609212609479489,0.7371294316331847,0.1648868101346331,0.49283570866901444,0.12728112866349883,0.1290668924475746,0.9748354626403407,0.3453581808856215,0.39672286119426503,0.9688249400479616,0.5639417693169093,0.05333722890325599,2518,2020,3829,65,False,0.2497442422757069,0.33977733127234555,1.533580471229823,1.415854425237037,0.9007770344224909
deit_tiny,1.0,43,temperature,1.0,chexpert,pleural_effusion,male,10501,3059,7442,0.2913055899438149,0.8584018029720785,0.7128242882096685,0.16479815437993897,0.49108715443570367,0.12695090153916813,0.12972094973480722,0.9666557698594311,0.3802741198602526,0.390672479852028,0.9652114597544338,0.5564546480993602,0.05333722890325599,2957,2830,4612,102,False,0.23812285563224553,0.30792802756216087,1.5976971914736082,1.416648979010531,0.9302866389388289
deit_tiny,1.0,43,temperature,1.0,chexpert,pleural_effusion,PA,4254,829,3425,0.19487541137752704,0.8934561911721975,0.7436260422813086,0.11017256647174266,0.35296767415216895,0.08629934395183834,0.09196726155216275,0.9071170084439083,0.6490510948905109,0.38485158648925283,0.9665217391304348,0.5404240028745958,0.05333722890325599,752,2223,1202,77,False,0.16354905273004827,0.3263637750712508,1.995882126492289,1.5276786406487253,0.9160533887537653
deit_tiny,1.0,43,temperature,1.0,chexpert,pleural_effusion,AP,14679,4813,9866,0.3278833708018257,0.8431791217355151,0.7195495287393077,0.18067967194142465,0.5321188376853414,0.1393256627529641,0.14034403577724225,0.9813006440889258,0.2662679910804784,0.3948336398595553,0.9668752300331248,0.5630998509687034,0.05333722890325599,4723,2627,7239,90,False,0.2664101020198477,0.32179872095104,1.5247186889811992,1.4104222007905665,0.9171837520209535
deit_tiny,1.0,43,temperature,1.0,chexpert,pleural_effusion,age18_44,3985,697,3288,0.17490589711417817,0.8713263656895909,0.6377025488285505,0.10757266767751719,0.34287648784402575,0.06505313535494273,0.06836847292985147,0.9325681492109039,0.5574817518248175,0.3087885985748218,0.975,0.46395431834404,0.05333722890325599,650,1833,1455,47,False,0.14810572738450944,0.2736765175985466,1.3724791240636283,1.4057534347923395,0.6399456531456099
deit_tiny,1.0,43,temperature,1.0,chexpert,pleural_effusion,age45_64,6503,1856,4647,0.28540673535291405,0.8669003060001632,0.7265971953100323,0.159053551818673,0.4765956550645696,0.12318951289922538,0.1271121066344188,0.9660560344827587,0.399397460727351,0.3911431064572426,0.9671704012506513,0.5568322981366459,0.05333722890325599,1793,1856,2791,63,False,0.2335610055335426,0.3190063921186933,1.6483100092607905,1.4434672773305186,0.9255495717226148
deit_tiny,1.0,43,temperature,1.0,chexpert,pleural_effusion,age65_100,8445,3089,5356,0.36577856719952634,0.8336391616787604,0.7397600491647868,0.1963136381322947,0.5739292546220385,0.16020377219596107,0.16148784250400625,0.9815474263515701,0.2167662434652726,0.41953784419537843,0.9532019704433498,0.5878247382706475,0.05333722890325599,3032,1161,4195,57,False,0.29571616521623123,0.3361416749444597,1.544770134075034,1.3782589886670717,0.9986654479279309
deit_tiny,1.0,43,temperature,1.0,nih,cardiomegaly,female,9358,286,9072,0.030562085915793975,0.8783488887655554,0.2462864452856627,0.025862803024701994,0.10205262994588939,0.004483914592033605,0.005806569759854834,0.9055944055944056,0.6628086419753086,0.07805907172995781,0.9955298013245033,0.1437291897891232,0.015069371030128422,259,6013,3059,27,False,0.029666668186265496,0.12822016741753772,0.048479186829455435,0.9828998833089417,0.09296514228818935
deit_tiny,1.0,43,temperature,1.0,nih,cardiomegaly,male,11971,211,11760,0.017625929329212264,0.8854055840345616,0.1762204482215735,0.015774990004432193,0.06722949049698962,0.0020668892506140865,0.002312789522320926,0.8862559241706162,0.7362244897959184,0.056856187290969896,0.9972356599861782,0.10685714285714286,0.015069371030128422,187,8658,3102,24,False,0.017360432982309947,0.09132508270348438,0.36259282291008776,1.1249246790038177,-0.010923792183726858
deit_tiny,1.0,43,temperature,1.0,nih,cardiomegaly,PA,12801,294,12507,0.022966955706585423,0.9192682030035968,0.2645895255685835,0.0191696216890756,0.07491458895836474,0.003994242141381791,0.004852421638328284,0.9047619047619048,0.7822819221236108,0.08899297423887588,0.9971463514064411,0.16204690831556504,0.015069371030128422,266,9784,2723,28,False,0.0224413800464992,0.14579131722935135,0.33377810532847485,1.06487423312103,0.15791427884595713
deit_tiny,1.0,43,temperature,1.0,nih,cardiomegaly,AP,8528,203,8325,0.02380393996247655,0.8221884939126318,0.14815242318599067,0.021749084053278883,0.09390608448839927,0.003056849976034472,0.005173057107190042,0.8866995073891626,0.587027027027027,0.04975124378109453,0.995315682281059,0.0942161737764983,0.015069371030128422,180,4887,3438,23,False,0.02323760766217972,0.0640566632564108,-0.14371291252209512,0.9811438198996797,-0.08870048031436742
deit_tiny,1.0,43,temperature,1.0,nih,cardiomegaly,age18_44,8513,178,8335,0.020909197697638906,0.8929992653154761,0.2024945899769942,0.018311915287595373,0.07514554901366345,0.002983371839945129,0.005085024533210008,0.8876404494382022,0.7180563887222555,0.06299840510366826,0.9966694421315571,0.11764705882352941,0.015069371030128422,158,5985,2350,20,False,0.020483823806248812,0.10603042377228789,0.23679367517974714,1.0894143416527593,-0.0109130600404312
deit_tiny,1.0,43,temperature,1.0,nih,cardiomegaly,age45_64,9808,238,9570,0.02426590538336052,0.8905113142435658,0.23907307276857687,0.020706725111311816,0.08372759671744395,0.002868522050905362,0.0036065044310426967,0.9159663865546218,0.7013584117032393,0.07087126137841353,0.9970291146761735,0.1315630657815329,0.015069371030128422,218,6712,2858,20,False,0.023677077846963157,0.1254526743059351,0.16439770873062778,1.0393252396678336,0.055648888996776995
deit_tiny,1.0,43,temperature,1.0,nih,cardiomegaly,age65_100,3008,81,2927,0.0269281914893617,0.8459869161953206,0.19349229987159197,0.023898145383368808,0.09936782394118647,0.00603044641345209,0.004764333239750538,0.8641975308641975,0.674410659378203,0.06842619745845552,0.9944584382871536,0.12681159420289856,0.015069371030128422,70,1974,953,11,True,0.026209724911135008,0.08819548986506698,0.03304843707827108,0.9604524974557682,0.14743746419277678
deit_tiny,1.0,43,temperature,1.0,nih,pleural_effusion,female,9358,1069,8289,0.11423381064329985,0.8758519552268772,0.5047538555417881,0.074204060955637,0.24768919714225,0.011438210813006179,0.01122781085938746,0.912067352666043,0.6316805404753287,0.2420556107249255,0.9823639774859287,0.3825779870512066,0.05333722890325599,975,5236,3053,94,False,0.10118526860889815,0.2666515395393084,0.10887347269833095,1.069285846749523,0.010785778845143026
deit_tiny,1.0,43,temperature,1.0,nih,pleural_effusion,male,11971,1467,10504,0.1225461532035753,0.8799032835090966,0.5157656354202069,0.07772184694094779,0.25687007083412755,0.020054492582074198,0.019024201043636692,0.9284253578732107,0.6463252094440213,0.2682686625960213,0.984769364664926,0.41625916870415647,0.05333722890325599,1362,6789,3715,105,False,0.10761357772293144,0.27776913856488206,0.29763017104365624,1.1081297617357981,0.13620731007402914
deit_tiny,1.0,43,temperature,1.0,nih,pleural_effusion,PA,12801,1189,11612,0.09288336848683697,0.9028563951852829,0.5336665916005017,0.057306359436217,0.19764539573355946,0.011316981164075172,0.009301959081776822,0.8915054667788057,0.752583534274888,0.26951436562420544,0.9854533152909337,0.4139008199921905,0.05333722890325599,1060,8739,2873,129,False,0.08467400948936504,0.3232119302982267,0.12585510267989833,1.0875623813126056,-0.0064832293435861344
deit_tiny,1.0,43,temperature,1.0,nih,pleural_effusion,AP,8528,1347,7181,0.15795028142589118,0.8313641014443894,0.48848943997942057,0.10450646400210171,0.3356951705003777,0.022705981748828773,0.021717809423685053,0.9480326651818857,0.45759643503690295,0.2469064191802011,0.9791418355184743,0.3917778800429514,0.05333722890325599,1277,3286,3895,70,False,0.13499318563437138,0.22583896727085806,0.27855715454836516,1.0859377337291645,0.15895246340061883
deit_tiny,1.0,43,temperature,1.0,nih,pleural_effusion,age18_44,8513,843,7670,0.09902502055679549,0.8809784079643539,0.4596288279427049,0.06721730419600996,0.22566564576360748,0.013823427739539887,0.010127665041705536,0.9145907473309609,0.6777053455019557,0.23774283071230343,0.9863377609108159,0.37738619676945667,0.05333722890325599,771,5198,2472,72,False,0.08942362582077229,0.248327233669427,0.1371470443860656,1.0801933514671085,0.014878037426881869
deit_tiny,1.0,43,temperature,1.0,nih,pleural_effusion,age45_64,9808,1231,8577,0.12550978792822187,0.8820833341620664,0.5399452238851646,0.07777778564758492,0.2575564445337067,0.019786156238878985,0.01899195084692227,0.9236393176279447,0.6443978080914072,0.27155481251492714,0.9832769969756271,0.41971207087486156,0.05333722890325599,1137,5527,3050,94,False,0.1099054900175662,0.29232119673772716,0.27755578549987736,1.1060086050489768,0.12290646802730039
deit_tiny,1.0,43,temperature,1.0,nih,pleural_effusion,age65_100,3008,462,2546,0.1535904255319149,0.8500597661045423,0.5216326603628894,0.09632460103084824,0.3143822720878759,0.013562412444153599,0.018541086405212116,0.9285714285714286,0.5106048703849175,0.25611940298507463,0.9752438109527382,0.40149742629854934,0.05333722890325599,429,1300,1246,33,False,0.13162151258602303,0.2681697760622984,0.18538115513914682,1.0573390708031893,0.10864075079057128
deit_tiny,1.0,43,temperature,1.0,vinbig,cardiomegaly,PA,14998,1817,13181,0.12114948659821309,0.8898255302104474,0.5609823692559321,0.09954519935469759,0.3515250127230578,0.09279321740692639,0.09311149326847844,0.9053384700055036,0.7002503603671952,0.29395997140814867,0.9817060199957456,0.4438149197355996,0.015069371030128422,1645,9230,3951,172,False,0.11584294874158528,0.14068831606871146,2.709679087298091,1.2530389714467465,1.8871355738949196
deit_tiny,1.0,43,temperature,1.0,vinbig,pleural_effusion,PA,14998,634,14364,0.04227230297372983,0.9183628761704471,0.6542300412356837,0.024846184783347474,0.10954158975606826,0.034273708493272784,0.031627981659707344,0.8990536277602523,0.7160261765524923,0.12260701226070123,0.9938158276161948,0.21578648495173197,0.05333722890325599,570,10285,4079,64,False,0.04553419164022411,0.4543400489095586,0.8299382539947107,1.7643147868255535,-0.5336428154640012
deit_tiny,1.0,101,raw,1.0,chexpert,cardiomegaly,female,8564,877,7687,0.10240541802895843,0.7848434747227583,0.33790295898922884,0.08417135957746841,0.3366054344807809,0.05899979192963182,0.05768041647676242,0.8494868871151653,0.5198386886951997,0.16794409377817854,0.9680232558139535,0.28044419348767174,0.0073743653082378275,745,3996,3691,132,False,0.09801161569081003,0.14121036589175773,-0.02125056232420773,0.5580277435184775,1.2040288879654186
deit_tiny,1.0,101,raw,1.0,chexpert,cardiomegaly,male,10691,1157,9534,0.10822186886165934,0.7975108962709814,0.37751703755389926,0.08660462705450497,0.35142373002759647,0.06361510413681883,0.06319162415282613,0.8349178910976663,0.5719530102790015,0.1914008321775312,0.9661587526576896,0.3114119922630561,0.0073743653082378275,966,5453,4081,191,False,0.1035448365914991,0.16360264881025366,0.08365260492479631,0.5520075329157647,1.333321224166357
deit_tiny,1.0,101,raw,1.0,chexpert,cardiomegaly,PA,4366,368,3998,0.0842876775080165,0.8172455793113949,0.3731078298384765,0.07079602362041422,0.31786748248878793,0.061141511987483556,0.06060659191305713,0.7364130434782609,0.7631315657828914,0.22249589490968802,0.9691867852604829,0.3417402269861286,0.0073743653082378275,271,3051,947,97,False,0.08077611187461328,0.12355247142485515,0.41539818151919283,0.5719397379554637,1.9332173701754427
deit_tiny,1.0,101,raw,1.0,chexpert,cardiomegaly,AP,14889,1666,13223,0.11189468735307946,0.7838747765611576,0.36083889744050496,0.08984069797396893,0.35274031903233216,0.06121382180197718,0.06077966016740209,0.8643457382953181,0.4838538909475913,0.17422867513611615,0.9658816425120773,0.2900010069479408,0.0073743653082378275,1440,6398,6825,226,False,0.10703880853860248,0.160671730183088,0.0104180726762613,0.5664140932681573,1.1599050951258878
deit_tiny,1.0,101,raw,1.0,chexpert,cardiomegaly,age18_44,4062,251,3811,0.06179222058099458,0.8100534100804863,0.3293731941431477,0.050328933057277314,0.21941909879661492,0.03238876225550613,0.03112289484414569,0.7848605577689243,0.6538966150616636,0.1299472295514512,0.9787902592301649,0.22297679683078664,0.0073743653082378275,197,2492,1319,54,False,0.05937606294110433,0.15236998608009666,-0.2354131836300803,0.5701289423036168,0.992696172188249
deit_tiny,1.0,101,raw,1.0,chexpert,cardiomegaly,age45_64,6646,561,6085,0.08441167619620825,0.7969897632616951,0.3389014391198426,0.06841909452497308,0.28241256017583677,0.04575904298852004,0.04408848587814839,0.8235294117647058,0.5809367296631059,0.15338645418326693,0.972757292239956,0.2586062132661629,0.0073743653082378275,462,3535,2550,99,False,0.08089407249233281,0.1542137462363774,-0.11610631935739246,0.5664907037184506,1.066764803105215
deit_tiny,1.0,101,raw,1.0,chexpert,cardiomegaly,age65_100,8547,1222,7325,0.142974142974143,0.7660167129363266,0.38347050335755684,0.1155474626148965,0.4529736497458735,0.08854339385212165,0.08778328242772912,0.8608837970540099,0.46716723549488054,0.21231079717457113,0.9526726057906458,0.3406184231827748,0.0073743653082378275,1052,3422,3903,170,False,0.13660486150988704,0.15414823939824773,0.14500594444408033,0.5262191550193411,1.464097063175268
deit_tiny,1.0,101,raw,1.0,chexpert,pleural_effusion,female,8432,2583,5849,0.30633301707779886,0.8552757627813192,0.7252768869068422,0.1765348537743193,0.5350577358684868,0.15705319868072087,0.15705319868072087,0.9701897018970189,0.3617712429475124,0.40166693380349416,0.9648882808937529,0.5681251416912265,0.028007520605988132,2506,2116,3733,77,False,0.2497442422757069,0.2931374426665164,1.5104933253452852,1.1366609233438438,1.2627106314904384
deit_tiny,1.0,101,raw,1.0,chexpert,pleural_effusion,male,10501,3059,7442,0.2913055899438149,0.8491298162914268,0.6976722966763196,0.1769988899978042,0.5407441403145145,0.1578150781505526,0.15781507815055262,0.9597907813010788,0.40943294813222253,0.4004910653389715,0.961198738170347,0.5651588065447546,0.028007520605988132,2936,3047,4395,123,False,0.23812285563224553,0.256690881151033,1.4924592458664252,1.0863754556701861,1.3267995995614026
deit_tiny,1.0,101,raw,1.0,chexpert,pleural_effusion,PA,4254,829,3425,0.19487541137752704,0.8860981043029594,0.7278615926659422,0.12466340513075046,0.4111246334648422,0.11912401641225145,0.11912401641225145,0.893848009650181,0.654014598540146,0.3847352024922118,0.9621993127147767,0.5379310344827586,0.028007520605988132,741,2240,1185,88,False,0.16354905273004827,0.2377613746469196,2.2249742420590204,1.271080030125151,1.522092628038719
deit_tiny,1.0,101,raw,1.0,chexpert,pleural_effusion,AP,14679,4813,9866,0.3278833708018257,0.8359887756691801,0.7092107472604656,0.1918992510025063,0.5750416823711669,0.16859017243116517,0.1685901724311652,0.9767296904217744,0.29627001824447596,0.40372724149776706,0.9630971993410214,0.5713070425958559,0.028007520605988132,4701,2923,6943,112,False,0.2664101020198477,0.279684780916417,1.43932084710746,1.105130050949119,1.2558061504898623
deit_tiny,1.0,101,raw,1.0,chexpert,pleural_effusion,age18_44,3985,697,3288,0.17490589711417817,0.8684010723748286,0.6306641262096031,0.1169293023686674,0.38267700087538653,0.0972739834225831,0.0973025697471303,0.9096126255380201,0.6055352798053528,0.3283272915587778,0.9693281402142162,0.4824961948249619,0.028007520605988132,634,1991,1297,63,False,0.14810572738450944,0.21050114378698104,1.476551245286432,1.1063709091860223,1.2315081059815438
deit_tiny,1.0,101,raw,1.0,chexpert,pleural_effusion,age45_64,6503,1856,4647,0.28540673535291405,0.8604266726586673,0.7162840984800751,0.17015573461417752,0.5211132757619008,0.15348252377275926,0.15348252377275923,0.9601293103448276,0.4269421131913062,0.40089988751406075,0.9640427599611273,0.5656245040469766,0.028007520605988132,1782,1984,2663,74,False,0.2335610055335426,0.27147198983204923,1.5901510801382224,1.1344740722403093,1.3278470653621184
deit_tiny,1.0,101,raw,1.0,chexpert,pleural_effusion,age65_100,8445,3089,5356,0.36577856719952634,0.8215408647273046,0.7230249747210695,0.21015052916007887,0.6247712925420654,0.18895855901735284,0.18895855901735284,0.9796050501780511,0.22180731889469754,0.4206283013622463,0.9496402877697842,0.5885441991636682,0.028007520605988132,3026,1188,4168,63,False,0.29571616521623123,0.2893505534051063,1.450101228033363,1.0899555107315726,1.2977116174884362
deit_tiny,1.0,101,raw,1.0,nih,cardiomegaly,female,9358,286,9072,0.030562085915793975,0.8911904068154068,0.2624160496767126,0.026167720495197805,0.10099235381041781,0.008815170025552588,0.010078584870047497,0.9230769230769231,0.6209215167548501,0.07129354577369701,0.9961096374889479,0.13236400100275758,0.0073743653082378275,264,5633,3439,22,False,0.029666668186265496,0.11794205096100296,-0.6915387890421129,0.7574884754996635,-0.21440683086591772
deit_tiny,1.0,101,raw,1.0,nih,cardiomegaly,male,11971,211,11760,0.017625929329212264,0.889023761163233,0.17496483260737067,0.016542627231786136,0.06931605536833588,0.008119808423245362,0.008011494101901693,0.9241706161137441,0.7114795918367347,0.05434782608695652,0.9980913754026005,0.10265859436693867,0.0073743653082378275,195,8367,3393,16,False,0.017360432982309947,0.047107451257531685,-0.8674652920053402,0.7319448061446588,-0.20715259984270676
deit_tiny,1.0,101,raw,1.0,nih,cardiomegaly,PA,12801,294,12507,0.022966955706585423,0.9245750271004699,0.26504607596765656,0.019634974086812296,0.0749390107933862,0.007866315449458849,0.007286169756889456,0.9387755102040817,0.7495002798432877,0.08096215899090642,0.998083475298126,0.14906832298136646,0.0073743653082378275,276,9374,3133,18,False,0.0224413800464992,0.12505496336998656,-0.5844992997564831,0.7726608309726968,-0.12017506261276314
deit_tiny,1.0,101,raw,1.0,nih,cardiomegaly,AP,8528,203,8325,0.02380393996247655,0.833806713117058,0.16409641096906882,0.022462712910470063,0.09563492830746975,0.010901910101907369,0.011734787275356403,0.9014778325123153,0.5556756756756757,0.04714064914992272,0.9956952216960826,0.08959608323133415,0.0073743653082378275,183,4626,3699,20,False,0.02323760766217972,0.03334658037844551,-1.0473346515981428,0.6950099424009959,-0.3183919796476529
deit_tiny,1.0,101,raw,1.0,nih,cardiomegaly,age18_44,8513,178,8335,0.020909197697638906,0.8958379110694714,0.20514655346265986,0.019394221305756982,0.07771987837419372,0.010288124697530607,0.010220670867272205,0.9269662921348315,0.6844631073785243,0.059033989266547404,0.9977264777894369,0.11099899091826437,0.0073743653082378275,165,5705,2630,13,False,0.020483823806248812,0.053193315408202047,-0.9266744080641524,0.7356744534842847,-0.3868439071928542
deit_tiny,1.0,101,raw,1.0,nih,cardiomegaly,age45_64,9808,238,9570,0.02426590538336052,0.9020244461420932,0.24546571766646214,0.021027259637645606,0.08291489345003086,0.007808891531508382,0.00755163875186679,0.9327731092436975,0.6733542319749216,0.06630824372759857,0.9975232198142415,0.1238148354712772,0.0073743653082378275,222,6444,3126,16,False,0.023677077846963157,0.11191491730713798,-0.6221593823572207,0.7777553082520392,-0.12648073495234846
deit_tiny,1.0,101,raw,1.0,nih,cardiomegaly,age65_100,3008,81,2927,0.0269281914893617,0.8547959187977408,0.21022889967209507,0.02379353407042407,0.0997374821192902,0.0085611674762912,0.011526186362676482,0.8888888888888888,0.6323881106935428,0.0627177700348432,0.9951612903225806,0.11716842961757526,0.0073743653082378275,72,1851,1076,9,True,0.026209724911135008,0.09218680657287004,-0.7119086293278549,0.7170425946480969,-0.015617853886368313
deit_tiny,1.0,101,raw,1.0,nih,pleural_effusion,female,9358,1069,8289,0.11423381064329985,0.8766331363677966,0.4955598765800538,0.07485393473636799,0.24991116231819405,0.019633365232705407,0.0167596301661503,0.9186155285313377,0.6087585957292798,0.23242603550295857,0.9830508474576272,0.370986021911598,0.028007520605988132,982,5046,3243,87,False,0.10118526860889815,0.26022892694297406,-0.031104446875200444,0.8415577117917651,0.18997202970231955
deit_tiny,1.0,101,raw,1.0,nih,pleural_effusion,male,11971,1467,10504,0.1225461532035753,0.8786600462783418,0.5192420888535415,0.07724763882897707,0.26053435089133997,0.023392207521876783,0.022305153546394254,0.9100204498977505,0.6443259710586443,0.2632616840859791,0.9808695652173913,0.4083817681248088,0.028007520605988132,1335,6768,3736,132,False,0.10761357772293144,0.28217572109846945,0.10174606050806329,0.8379249096569669,0.3376940583880057
deit_tiny,1.0,101,raw,1.0,nih,pleural_effusion,PA,12801,1189,11612,0.09288336848683697,0.8983277138263918,0.5326080482645574,0.05796683013851315,0.20370322983932462,0.01984606405048695,0.019004945604939424,0.8730025231286795,0.7453496383052015,0.25982478097622025,0.9828526004996593,0.40046296296296297,0.028007520605988132,1038,8655,2957,151,False,0.08467400948936504,0.3154117717102588,0.15097949218908174,0.8541008481544352,0.3958980973061688
deit_tiny,1.0,101,raw,1.0,nih,pleural_effusion,AP,8528,1347,7181,0.15795028142589118,0.8367513690700125,0.48288443609298354,0.10356252498610567,0.3341839031801942,0.02305610085692669,0.018956362855573894,0.949517446176689,0.43991087592257344,0.24127523108847387,0.9789277967152153,0.38477737665463296,0.028007520605988132,1279,3159,4022,68,False,0.13499318563437138,0.23283146108867714,-0.03197993861568309,0.8326946226524102,0.1774684733603218
deit_tiny,1.0,101,raw,1.0,nih,pleural_effusion,age18_44,8513,843,7670,0.09902502055679549,0.877348390998189,0.4474849927602321,0.06855489531075076,0.2318704695910558,0.021312438350463175,0.018725678053423372,0.900355871886121,0.6641460234680574,0.22758620689655173,0.9837775202780996,0.363331737673528,0.028007520605988132,759,5094,2576,84,False,0.08942362582077229,0.23336931731942712,-0.1147257598800263,0.7868777418142392,0.20510040483214428
deit_tiny,1.0,101,raw,1.0,nih,pleural_effusion,age45_64,9808,1231,8577,0.12550978792822187,0.8823123012284094,0.543711813361267,0.0770881104707555,0.25928283945797564,0.022460003288261064,0.021730309614180238,0.9155158407798538,0.6349539466013757,0.2646782527007985,0.9812612612612612,0.4106394607396611,0.028007520605988132,1127,5446,3131,104,False,0.1099054900175662,0.2985963625799356,0.13321805537403955,0.8664840249632776,0.3229518484891995
deit_tiny,1.0,101,raw,1.0,nih,pleural_effusion,age65_100,3008,462,2546,0.1535904255319149,0.8566667686856217,0.5354900360469316,0.09492240505552686,0.3126881564033933,0.026068458953995437,0.025216709393433578,0.9329004329004329,0.5003927729772192,0.2530827950675279,0.9762452107279693,0.39815242494226327,0.028007520605988132,431,1274,1272,31,False,0.13162151258602303,0.27882301919688823,0.11634463896467509,0.879997304008542,0.274627019982831
deit_tiny,1.0,101,raw,1.0,vinbig,cardiomegaly,PA,14998,1817,13181,0.12114948659821309,0.8596428073513698,0.5089264419598213,0.095825734825582,0.36626725759873896,0.08708847924579903,0.0871314023246247,0.8882773802971932,0.638798270237463,0.2531764705882353,0.9764583091731416,0.39404296875,0.0073743653082378275,1614,8420,4761,203,False,0.11584294874158528,0.17279613591895304,1.146803428657735,0.7607239856237888,1.8995665802191115
deit_tiny,1.0,101,raw,1.0,vinbig,pleural_effusion,PA,14998,634,14364,0.04227230297372983,0.9114162355591044,0.6100747215549385,0.02576333046789535,0.10205123247827384,0.013918087847756862,0.014298387493836183,0.8769716088328076,0.753411306042885,0.13567593948267448,0.9928440366972477,0.23499577345731193,0.028007520605988132,556,10822,3542,78,False,0.04553419164022411,0.4341981368318292,0.8087395681798754,1.3413445031809228,0.07265079571646134
deit_tiny,1.0,101,temperature,1.0,chexpert,cardiomegaly,female,8564,877,7687,0.10240541802895843,0.7848434747227583,0.33790295898922884,0.08349353475742571,0.3253288195314056,0.05537930568369737,0.05388643615085922,0.8494868871151653,0.5198386886951997,0.16794409377817854,0.9680232558139535,0.28044419348767174,0.009599739065085777,745,3996,3691,132,False,0.09801161569081003,0.14812612598065344,-0.0213853899024463,0.5900038511673967,1.0657699563119607
deit_tiny,1.0,101,temperature,1.0,chexpert,cardiomegaly,male,10691,1157,9534,0.10822186886165934,0.7975108962709814,0.37751703755389926,0.08589075036093223,0.3390710000881435,0.06025488228607182,0.05969473744157022,0.8349178910976663,0.5719530102790015,0.1914008321775312,0.9661587526576896,0.3114119922630561,0.009599739065085777,966,5453,4081,191,False,0.1035448365914991,0.17049702150011647,0.0835818351080937,0.583652452736787,1.1946566658941018
deit_tiny,1.0,101,temperature,1.0,chexpert,cardiomegaly,PA,4366,368,3998,0.0842876775080165,0.8172455793113949,0.3731078298384765,0.07017215304032363,0.3044593379452493,0.05858328317357199,0.05842545663053881,0.7364130434782609,0.7631315657828914,0.22249589490968802,0.9691867852604829,0.3417402269861286,0.009599739065085777,271,3051,947,97,False,0.08077611187461328,0.1312759253719702,0.4153021893453647,0.6047194789344074,1.755563649637992
deit_tiny,1.0,101,temperature,1.0,chexpert,cardiomegaly,AP,14889,1666,13223,0.11189468735307946,0.7838747765611576,0.36083889744050496,0.0891211648597802,0.3413160456001304,0.05737559412244078,0.05672606175934268,0.8643457382953181,0.4838538909475913,0.17422867513611615,0.9658816425120773,0.2900010069479408,0.009599739065085777,1440,6398,6825,226,False,0.10703880853860248,0.16739390061839554,0.010402381536791128,0.5988989899450541,1.0272564910903086
deit_tiny,1.0,101,temperature,1.0,chexpert,cardiomegaly,age18_44,4062,251,3811,0.06179222058099458,0.8100534100804863,0.3293731941431477,0.05004899135379265,0.2124457838089198,0.029707050242390096,0.02838119501369448,0.7848605577689243,0.6538966150616636,0.1299472295514512,0.9787902592301649,0.22297679683078664,0.009599739065085777,197,2492,1319,54,False,0.05937606294110433,0.15708470931397533,-0.23542074276057046,0.6028362009272432,0.8528115323239385
deit_tiny,1.0,101,temperature,1.0,chexpert,cardiomegaly,age45_64,6646,561,6085,0.08441167619620825,0.7969897632616951,0.3389014391198426,0.06796389281686727,0.27336774302499156,0.041954267113843285,0.04070318889778857,0.8235294117647058,0.5809367296631059,0.15338645418326693,0.972757292239956,0.2586062132661629,0.009599739065085777,462,3535,2550,99,False,0.08089407249233281,0.15984087927692203,-0.11639277313098918,0.5989169377353559,0.9327661899892575
deit_tiny,1.0,101,temperature,1.0,chexpert,cardiomegaly,age65_100,8547,1222,7325,0.142974142974143,0.7660167129363266,0.38347050335755684,0.11446233874240255,0.4365704081471129,0.08410385242029567,0.08355340256701421,0.8608837970540099,0.46716723549488054,0.21231079717457113,0.9526726057906458,0.3406184231827748,0.009599739065085777,1052,3422,3903,170,False,0.13660486150988704,0.16209176249471824,0.14505703779609538,0.5564124947807316,1.3239850815842422
deit_tiny,1.0,101,temperature,1.0,chexpert,pleural_effusion,female,8432,2583,5849,0.30633301707779886,0.8552757627813192,0.7252768869068422,0.16818139250821182,0.49978242747025947,0.12906830124028884,0.12912564288883632,0.9701897018970189,0.3617712429475124,0.40166693380349416,0.9648882808937529,0.5681251416912265,0.05382467104576401,2506,2116,3733,77,False,0.2497442422757069,0.3265855061333234,1.510378497674625,1.4063029025903395,0.905892470273921
deit_tiny,1.0,101,temperature,1.0,chexpert,pleural_effusion,male,10501,3059,7442,0.2913055899438149,0.8491298162914268,0.6976722966763196,0.16798327423202364,0.500541271464873,0.12975735207260636,0.13000220757173678,0.9597907813010788,0.40943294813222253,0.4004910653389715,0.961198738170347,0.5651588065447546,0.05382467104576401,2936,3047,4395,123,False,0.23812285563224553,0.2945520757089556,1.4924602181047604,1.3441396243526584,0.9495720598720107
deit_tiny,1.0,101,temperature,1.0,chexpert,pleural_effusion,PA,4254,829,3425,0.19487541137752704,0.8860981043029594,0.7278615926659422,0.11815270636596002,0.3746122475609952,0.09631728373907147,0.09854563182792131,0.893848009650181,0.654014598540146,0.3847352024922118,0.9621993127147767,0.5379310344827586,0.05382467104576401,741,2240,1185,88,False,0.16354905273004827,0.2775702188811745,2.2249658476668364,1.572647592605562,1.011778607341908
deit_tiny,1.0,101,temperature,1.0,chexpert,pleural_effusion,AP,14679,4813,9866,0.3278833708018257,0.8359887756691801,0.7092107472604656,0.18253806468144482,0.5365998241676808,0.13905253390193775,0.1390525339019378,0.9767296904217744,0.29627001824447596,0.40372724149776706,0.9630971993410214,0.5713070425958559,0.05382467104576401,4701,2923,6943,112,False,0.2664101020198477,0.314823036748638,1.4392503929938494,1.367311343488719,0.9136383688684755
deit_tiny,1.0,101,temperature,1.0,chexpert,pleural_effusion,age18_44,3985,697,3288,0.17490589711417817,0.8684010723748286,0.6306641262096031,0.11139336880439317,0.353800388180451,0.07314941570824916,0.07612320056637764,0.9096126255380201,0.6055352798053528,0.3283272915587778,0.9693281402142162,0.4824961948249619,0.05382467104576401,634,1991,1297,63,False,0.14810572738450944,0.2478793982409897,1.4765327040592764,1.368832470561608,0.7736832087755012
deit_tiny,1.0,101,temperature,1.0,chexpert,pleural_effusion,age45_64,6503,1856,4647,0.28540673535291405,0.8604266726586673,0.7162840984800751,0.1616062734772281,0.48337572620020247,0.12605047107063275,0.12605047107063277,0.9601293103448276,0.4269421131913062,0.40089988751406075,0.9640427599611273,0.5656245040469766,0.05382467104576401,1782,1984,2663,74,False,0.2335610055335426,0.3080768208372042,1.590151892304012,1.40365103645727,0.9435320515120575
deit_tiny,1.0,101,temperature,1.0,chexpert,pleural_effusion,age65_100,8445,3089,5356,0.36577856719952634,0.8215408647273046,0.7230249747210695,0.1997951087308231,0.5822454026883181,0.15863578865634778,0.1586357886563478,0.9796050501780511,0.22180731889469754,0.4206283013622463,0.9496402877697842,0.5885441991636682,0.05382467104576401,3026,1188,4168,63,False,0.29571616521623123,0.32436866079089555,1.4500894377393092,1.3485451728312632,0.9676885412578017
deit_tiny,1.0,101,temperature,1.0,nih,cardiomegaly,female,9358,286,9072,0.030562085915793975,0.8911904068154068,0.2624160496767126,0.026221906567472194,0.10080508353820393,0.00942793324506127,0.010549965656504769,0.9230769230769231,0.6209215167548501,0.07129354577369701,0.9961096374889479,0.13236400100275758,0.009599739065085777,264,5633,3439,22,False,0.029666668186265496,0.1161155542363228,-0.6915407890970259,0.8009458937524461,-0.31275610081076255
deit_tiny,1.0,101,temperature,1.0,nih,cardiomegaly,male,11971,211,11760,0.017625929329212264,0.889023761163233,0.17496483260737067,0.01662651573949693,0.06925193502437721,0.0076927901618666535,0.008273701373836078,0.9241706161137441,0.7114795918367347,0.05434782608695652,0.9980913754026005,0.10265859436693867,0.009599739065085777,195,8367,3393,16,False,0.017360432982309947,0.04227528446789708,-0.8673801064776113,0.7739487543603055,-0.32929426796456807
deit_tiny,1.0,101,temperature,1.0,nih,cardiomegaly,PA,12801,294,12507,0.022966955706585423,0.9245750271004699,0.26504607596765656,0.0196478681275509,0.07459202483229681,0.006687736597621339,0.0065845355078798466,0.9387755102040817,0.7495002798432877,0.08096215899090642,0.998083475298126,0.14906832298136646,0.009599739065085777,276,9374,3133,18,False,0.0224413800464992,0.12448039795948651,-0.5837816119306877,0.8171851338722463,-0.22187444505608733
deit_tiny,1.0,101,temperature,1.0,nih,cardiomegaly,AP,8528,203,8325,0.02380393996247655,0.833806713117058,0.16409641096906882,0.022620574774289807,0.0958602692365268,0.011047149059031454,0.01312081096699949,0.9014778325123153,0.5556756756756757,0.04714064914992272,0.9956952216960826,0.08959608323133415,0.009599739065085777,183,4626,3699,20,False,0.02323760766217972,0.026553201898410705,-1.0468863278721023,0.7349728943131266,-0.43648315831703105
deit_tiny,1.0,101,temperature,1.0,nih,cardiomegaly,age18_44,8513,178,8335,0.020909197697638906,0.8958379110694714,0.20514655346265986,0.019520996808937572,0.07794905765716267,0.010283967493565532,0.01110498108576018,0.9269662921348315,0.6844631073785243,0.059033989266547404,0.9977264777894369,0.11099899091826437,0.009599739065085777,165,5705,2630,13,False,0.020483823806248812,0.047004260845942225,-0.9266693622565089,0.7778826386727498,-0.4868410472578319
deit_tiny,1.0,101,temperature,1.0,nih,cardiomegaly,age45_64,9808,238,9570,0.02426590538336052,0.9020244461420932,0.24546571766646214,0.0210530300291708,0.08266476540816534,0.006671168590954716,0.0074498226770461995,0.9327731092436975,0.6733542319749216,0.06630824372759857,0.9975232198142415,0.1238148354712772,0.009599739065085777,222,6444,3126,16,False,0.023677077846963157,0.1108265063261985,-0.62190760879566,0.8224081617542761,-0.23970452053454308
deit_tiny,1.0,101,temperature,1.0,nih,cardiomegaly,age65_100,3008,81,2927,0.0269281914893617,0.8547959187977408,0.21022889967209507,0.023853144021053787,0.0990666685400999,0.010935735632769734,0.012856240718148126,0.8888888888888888,0.6323881106935428,0.0627177700348432,0.9951612903225806,0.11716842961757526,0.009599739065085777,72,1851,1076,9,True,0.026209724911135008,0.08991246180840473,-0.7120478656058112,0.7581630318379655,-0.13829986916794015
deit_tiny,1.0,101,temperature,1.0,nih,pleural_effusion,female,9358,1069,8289,0.11423381064329985,0.8766331363677966,0.4955598765800538,0.07457411994036174,0.2469554004348899,0.01024099759013652,0.011142550975601469,0.9186155285313377,0.6087585957292798,0.23242603550295857,0.9830508474576272,0.370986021911598,0.05382467104576401,982,5046,3243,87,False,0.10118526860889815,0.26299429782999306,-0.031138382570727253,1.0412262327971356,-0.08139863662198522
deit_tiny,1.0,101,temperature,1.0,nih,pleural_effusion,male,11971,1467,10504,0.1225461532035753,0.8786600462783418,0.5192420888535415,0.07671733609708807,0.2545324361332153,0.0072017676716223085,0.009302414545495283,0.9100204498977505,0.6443259710586443,0.2632616840859791,0.9808695652173913,0.4083817681248088,0.05382467104576401,1335,6768,3736,132,False,0.10761357772293144,0.2871035633197768,0.10174892530914396,1.0367587615681202,0.05504651064515886
deit_tiny,1.0,101,temperature,1.0,nih,pleural_effusion,PA,12801,1189,11612,0.09288336848683697,0.8983277138263918,0.5326080482645574,0.057512200383957816,0.19835415563138087,0.006207472329217596,0.007203492257710901,0.8730025231286795,0.7453496383052015,0.25982478097622025,0.9828526004996593,0.40046296296296297,0.05382467104576401,1038,8655,2957,151,False,0.08467400948936504,0.3207809488319875,0.15100326979672188,1.0567579489177557,0.06761759226852421
deit_tiny,1.0,101,temperature,1.0,nih,pleural_effusion,AP,8528,1347,7181,0.15795028142589118,0.8367513690700125,0.48288443609298354,0.10319349996542009,0.3305446627559937,0.013487534107193286,0.011028701882469953,0.949517446176689,0.43991087592257344,0.24127523108847387,0.9789277967152153,0.38477737665463296,0.05382467104576401,1279,3159,4022,68,False,0.13499318563437138,0.2355651177466146,-0.03206850795951788,1.0302380960266333,-0.06463818821663393
deit_tiny,1.0,101,temperature,1.0,nih,pleural_effusion,age18_44,8513,843,7670,0.09902502055679549,0.877348390998189,0.4474849927602321,0.06807245463732871,0.22708579043094895,0.009033751112423792,0.00930506757346737,0.900355871886121,0.6641460234680574,0.22758620689655173,0.9837775202780996,0.363331737673528,0.05382467104576401,759,5094,2576,84,False,0.08942362582077229,0.23876431969149592,-0.11478996806630787,0.9735717693353404,-0.07995484005901404
deit_tiny,1.0,101,temperature,1.0,nih,pleural_effusion,age45_64,9808,1231,8577,0.12550978792822187,0.8823123012284094,0.543711813361267,0.07668887020467481,0.2545333369585281,0.009648930225431718,0.009124769386033321,0.9155158407798538,0.6349539466013757,0.2646782527007985,0.9812612612612612,0.4106394607396611,0.05382467104576401,1127,5446,3131,104,False,0.1099054900175662,0.30222894058870375,0.13317171000188385,1.0720428553593269,0.043877958318218134
deit_tiny,1.0,101,temperature,1.0,nih,pleural_effusion,age65_100,3008,462,2546,0.1535904255319149,0.8566667686856217,0.5354900360469316,0.09460857696978606,0.3086343508618714,0.012714389547891015,0.018433112999112874,0.9329004329004329,0.5003927729772192,0.2530827950675279,0.9762452107279693,0.39815242494226327,0.05382467104576401,431,1274,1272,31,False,0.13162151258602303,0.28120734133067093,0.11621629376978544,1.0887346385278112,0.01492175524469301
deit_tiny,1.0,101,temperature,1.0,vinbig,cardiomegaly,PA,14998,1817,13181,0.12114948659821309,0.8596428073513698,0.5089264419598213,0.09470490586115815,0.35193048285148626,0.08395084208913081,0.0840192794822342,0.8882773802971932,0.638798270237463,0.2531764705882353,0.9764583091731416,0.39404296875,0.009599739065085777,1614,8420,4761,203,False,0.11584294874158528,0.18247155403114323,1.1468028309116542,0.804363115587095,1.7335009092632865
deit_tiny,1.0,101,temperature,1.0,vinbig,pleural_effusion,PA,14998,634,14364,0.04227230297372983,0.9114162355591044,0.6100747215549385,0.026500232710836246,0.11078540701136423,0.029771107503973108,0.02830711704732154,0.8769716088328076,0.753411306042885,0.13567593948267448,0.9928440366972477,0.23499577345731193,0.05382467104576401,556,10822,3542,78,False,0.04553419164022411,0.4180146444627689,0.8087406367525783,1.659602740191408,-0.3952684821711218
deit_tiny,1.0,ensemble,ensemble_temperature,1.0,chexpert,cardiomegaly,female,8564,877,7687,0.10240541802895843,0.8058062457622555,0.38522257967507495,0.08346528224776972,0.3241359266380085,0.0651132672434229,0.06470982351706993,0.8449258836944128,0.580720697281124,0.1869323915237134,0.9704347826086956,0.3061350960545342,0.01058636512607336,741,4464,3223,136,False,0.09801161569081003,0.14841438272917107,0.4932739895817332,0.7036090857807725,1.359630357338898
deit_tiny,1.0,ensemble,ensemble_temperature,1.0,chexpert,cardiomegaly,male,10691,1157,9534,0.10822186886165934,0.8228580639113728,0.42369603361453595,0.08635045426109296,0.3323920332326346,0.06971238501148828,0.0695732832919866,0.8530682800345721,0.6085588420390182,0.20915448188175462,0.9715338245144005,0.3359428182437032,0.01058636512607336,987,5802,3732,170,False,0.1035448365914991,0.1660573612013192,0.611635538331842,0.7115452687637065,1.4449175943489834
deit_tiny,1.0,ensemble,ensemble_temperature,1.0,chexpert,cardiomegaly,PA,4366,368,3998,0.0842876775080165,0.837211404615351,0.4465316626019147,0.06865044913618966,0.290454627689703,0.061060973904747594,0.061060973904747594,0.7608695652173914,0.7831415707853927,0.24411508282476024,0.9726623174899037,0.3696369636963696,0.01058636512607336,280,3131,867,88,False,0.08077611187461328,0.1501144640044817,0.8380649105624394,0.7042128244687206,1.8521287522150776
deit_tiny,1.0,ensemble,ensemble_temperature,1.0,chexpert,cardiomegaly,AP,14889,1666,13223,0.11189468735307946,0.807500690664226,0.4008952942359477,0.08988122256341195,0.33994078840249564,0.06937187350996575,0.06927199195424055,0.8691476590636255,0.539590108144899,0.1921443736730361,0.9703522371821025,0.3147141925668333,0.01058636512607336,1448,7135,6088,218,False,0.10703880853860248,0.160293133018225,0.5492720946050951,0.7239386127071624,1.325818494916139
deit_tiny,1.0,ensemble,ensemble_temperature,1.0,chexpert,cardiomegaly,age18_44,4062,251,3811,0.06179222058099458,0.8290271085691348,0.38552031436098977,0.04971559534575681,0.20715264765356786,0.03588475597061933,0.0355660279391012,0.8167330677290837,0.6958803463657832,0.15029325513196481,0.9829503335804299,0.25386996904024767,0.01058636512607336,205,2652,1159,46,False,0.05937606294110433,0.16269969945514617,0.3005242681366455,0.7209415354585021,1.1401245961957183
deit_tiny,1.0,ensemble,ensemble_temperature,1.0,chexpert,cardiomegaly,age45_64,6646,561,6085,0.08441167619620825,0.827117030423135,0.3834243112219184,0.06785727998963091,0.26363689969792486,0.04995555236681684,0.04973178822549989,0.8360071301247772,0.6202136400986031,0.16870503597122302,0.9762027935851009,0.28075426519006286,0.01058636512607336,469,3774,2311,92,False,0.08089407249233281,0.1611588105412487,0.4764468119659385,0.7461691649271073,1.1994210932080043
deit_tiny,1.0,ensemble,ensemble_temperature,1.0,chexpert,cardiomegaly,age65_100,8547,1222,7325,0.142974142974143,0.7891534607285098,0.4295423867395524,0.11525039810105223,0.437102891407137,0.0962906552286784,0.0962906552286784,0.8625204582651391,0.5242320819112628,0.23220973782771537,0.9580838323353293,0.3659086964068738,0.01058636512607336,1054,3840,3485,168,False,0.13660486150988704,0.15632286561989772,0.6274864643491738,0.6669609722136417,1.5924305703939043
deit_tiny,1.0,ensemble,ensemble_temperature,1.0,chexpert,pleural_effusion,female,8432,2583,5849,0.30633301707779886,0.8695434005117961,0.7537723532703988,0.16322309333139468,0.4864294645931263,0.130807938773654,0.13183544206883527,0.9701897018970189,0.3976748162078988,0.4156576546690994,0.9679567207657095,0.5819786344635393,0.0529693141579628,2506,2326,3523,77,False,0.2497442422757069,0.3464390135921396,1.6116971557769926,1.447347923562909,0.9395957612338378
deit_tiny,1.0,ensemble,ensemble_temperature,1.0,chexpert,pleural_effusion,male,10501,3059,7442,0.2913055899438149,0.8660337118106954,0.7297650349754622,0.16103621482965622,0.4797473830961753,0.1257858008249653,0.12616120246798634,0.9643674403399803,0.4125235151840903,0.4028953837749249,0.9657124882038377,0.568346016761391,0.0529693141579628,2950,3070,4372,109,False,0.23812285563224553,0.3237263411692035,1.5898548056463253,1.4333078565736357,0.9260675054816897
deit_tiny,1.0,ensemble,ensemble_temperature,1.0,chexpert,pleural_effusion,PA,4254,829,3425,0.19487541137752704,0.8994665985753657,0.761558848481064,0.11159547200999466,0.35608411553443187,0.09567886989725273,0.09818372286588643,0.887816646562123,0.703065693430657,0.41985168282943525,0.9628148740503798,0.5701006971340047,0.0529693141579628,736,2408,1017,93,False,0.16354905273004827,0.3176635991026341,2.1510176682200117,1.513314880147472,1.0618254203053827
deit_tiny,1.0,ensemble,ensemble_temperature,1.0,chexpert,pleural_effusion,AP,14679,4813,9866,0.3278833708018257,0.8532055704765065,0.7382271791086411,0.17662042897786107,0.5194235770732819,0.1373956891926901,0.13825408987957513,0.9806773322252234,0.30285830123657004,0.4069667183997241,0.9698149951314509,0.5752239351654378,0.0529693141579628,4720,2988,6878,93,False,0.2664101020198477,0.3370355416751324,1.5789818316242894,1.4722004560491164,0.9081711995744528
deit_tiny,1.0,ensemble,ensemble_temperature,1.0,chexpert,pleural_effusion,age18_44,3985,697,3288,0.17490589711417817,0.8791553651904057,0.6545663305129484,0.10757899065722563,0.34109458483145105,0.07040659292055343,0.07220970334314566,0.921090387374462,0.6161800486618005,0.33718487394957986,0.9735703988467083,0.4936562860438293,0.0529693141579628,642,2026,1262,55,False,0.14810572738450944,0.2736338252609841,1.4509485044380508,1.3819570399971994,0.7505928920501113
deit_tiny,1.0,ensemble,ensemble_temperature,1.0,chexpert,pleural_effusion,age45_64,6503,1856,4647,0.28540673535291405,0.8752018590043261,0.7440682146492978,0.1567488388746559,0.46854506662672246,0.12564992524550858,0.12651817882379113,0.9612068965517241,0.4417904024101571,0.40749200548195524,0.9661176470588235,0.5723452037215271,0.0529693141579628,1784,2053,2594,72,False,0.2335610055335426,0.328874105004893,1.7106510556112902,1.4760373734650858,0.9526610398722684
deit_tiny,1.0,ensemble,ensemble_temperature,1.0,chexpert,pleural_effusion,age65_100,8445,3089,5356,0.36577856719952634,0.8427028887345326,0.7564204992233975,0.19174641064838463,0.5604724720562781,0.15703700385345923,0.15703700385345923,0.9808999676270638,0.2458924570575056,0.428632055453388,0.9571220930232558,0.596574128765505,0.0529693141579628,3030,1317,4039,59,False,0.29571616521623123,0.35158630740332597,1.575175811747682,1.43695112473519,0.9734023142189946
deit_tiny,1.0,ensemble,ensemble_temperature,1.0,nih,cardiomegaly,female,9358,286,9072,0.030562085915793975,0.9041857062690396,0.2807200676007289,0.025124734134806172,0.09549594319473884,0.004811896716802177,0.004275970461206756,0.9300699300699301,0.6599426807760141,0.07937928976424947,0.9966705510238055,0.14627440197965355,0.01058636512607336,266,5987,3085,20,False,0.029666668186265496,0.15309889276889077,-0.26290185620468554,0.8967044431321528,-0.03545995310344572
deit_tiny,1.0,ensemble,ensemble_temperature,1.0,nih,cardiomegaly,male,11971,211,11760,0.017625929329212264,0.9024849276203373,0.20068182695075582,0.015547613810851593,0.06447850332327304,0.0019520424936568647,0.0026380423704012966,0.9146919431279621,0.7267857142857143,0.056664709336465065,0.9978984238178634,0.10671827481338125,0.01058636512607336,193,8547,3213,18,False,0.017360432982309947,0.10442246304027059,-0.23000030264534607,0.9438104694118709,-0.08126565197547525
deit_tiny,1.0,ensemble,ensemble_temperature,1.0,nih,cardiomegaly,PA,12801,294,12507,0.022966955706585423,0.9358965781883234,0.291124654415531,0.018626827376945605,0.06995610327926835,0.002968731999273831,0.0017205816475258473,0.9455782312925171,0.7698888622371471,0.08808618504435994,0.9983411093831001,0.16115942028985508,0.01058636512607336,278,9629,2878,16,False,0.0224413800464992,0.1699785245671046,-0.12557912244813532,0.941488532887447,0.004713084027900065
deit_tiny,1.0,ensemble,ensemble_temperature,1.0,nih,cardiomegaly,AP,8528,203,8325,0.02380393996247655,0.8476657938726904,0.17610541252703404,0.021434771307568,0.090292579927457,0.004122689708991273,0.00454823584220648,0.8916256157635468,0.5891891891891892,0.0502638156067759,0.9955348081997158,0.09516298633017876,0.01058636512607336,181,4905,3420,22,False,0.02323760766217972,0.07758270045784099,-0.4792578456972851,0.8682942174257504,-0.13101976992749467
deit_tiny,1.0,ensemble,ensemble_temperature,1.0,nih,cardiomegaly,age18_44,8513,178,8335,0.020909197697638906,0.9109751083491167,0.22307260986021343,0.018067779228049145,0.07166620993399421,0.004267113740566178,0.003457998736605663,0.9325842696629213,0.7115776844631074,0.06459143968871596,0.9979808177688037,0.12081513828238719,0.01058636512607336,166,5931,2404,12,False,0.020483823806248812,0.1179489045137474,-0.3103455751973364,0.9326191440629745,-0.15303383909418333
deit_tiny,1.0,ensemble,ensemble_temperature,1.0,nih,cardiomegaly,age45_64,9808,238,9570,0.02426590538336052,0.9117897315666078,0.27370516890249474,0.02015545769748128,0.07867270655825978,0.0029417873994348805,0.0022011563781951485,0.9327731092436975,0.6979101358411703,0.07131384516543528,0.9976101568334578,0.13249776186213072,0.01058636512607336,222,6679,2891,16,False,0.023677077846963157,0.14873542133213724,-0.1953550227032154,0.9298321952044748,-0.02669165697438341
deit_tiny,1.0,ensemble,ensemble_temperature,1.0,nih,cardiomegaly,age65_100,3008,81,2927,0.0269281914893617,0.8708364440057869,0.2309752809693705,0.02318550974000725,0.0943506810531126,0.00788639347828916,0.004677005293566988,0.8765432098765432,0.65732832251452,0.06610800744878957,0.9948293691830403,0.12294372294372294,0.01058636512607336,71,1924,1003,10,True,0.026209724911135008,0.11538523129798062,-0.23754701770339676,0.8737516742369841,0.09148372972412842
deit_tiny,1.0,ensemble,ensemble_temperature,1.0,nih,pleural_effusion,female,9358,1069,8289,0.11423381064329985,0.8831409666309706,0.5167381731133321,0.07295995556066072,0.24160920044273104,0.008911589521426668,0.008496793068397644,0.921421889616464,0.6474846181686572,0.2521115945738418,0.9845899834892681,0.3959003215434084,0.0529693141579628,985,5367,2922,84,False,0.10118526860889815,0.27894686090456566,0.09089372370044826,1.0540112304659064,0.019469129201665897
deit_tiny,1.0,ensemble,ensemble_temperature,1.0,nih,pleural_effusion,male,11971,1467,10504,0.1225461532035753,0.887024081714448,0.536923670343678,0.0754561164937193,0.24880893442044727,0.01031131080924987,0.010292144385159853,0.929107021131561,0.64499238385377,0.26767478397486255,0.9848815234772496,0.4156121359963409,0.0529693141579628,1363,6775,3729,104,False,0.10761357772293144,0.2988234561999854,0.20669776013413052,1.0966462117470819,0.07989757479461859
deit_tiny,1.0,ensemble,ensemble_temperature,1.0,nih,pleural_effusion,PA,12801,1189,11612,0.09288336848683697,0.9078438765964387,0.5478839478546293,0.05631759374799501,0.19255516125422117,0.007790208243011282,0.008273502296346378,0.8957106812447435,0.7585256631071305,0.27526492633755495,0.9861173309449172,0.4211150652431791,0.0529693141579628,1065,8808,2804,124,False,0.08467400948936504,0.3348892524680972,0.15923702033157805,1.0694870352309147,0.05807209088364521
deit_tiny,1.0,ensemble,ensemble_temperature,1.0,nih,pleural_effusion,AP,8528,1347,7181,0.15795028142589118,0.8428815957973731,0.5078510890761514,0.1014449949712585,0.32534850286995387,0.01307059121977775,0.015470673869395412,0.9524870081662955,0.4642807408438936,0.2500974658869396,0.9811653914067098,0.39617106685193765,0.0529693141579628,1283,3334,3847,64,False,0.13499318563437138,0.24851766039493317,0.16375462918803807,1.0939036483178015,0.050678900674332734
deit_tiny,1.0,ensemble,ensemble_temperature,1.0,nih,pleural_effusion,age18_44,8513,843,7670,0.09902502055679549,0.8847623112958779,0.4722170408343026,0.06649419287157254,0.22172762181078975,0.00818129449204406,0.005948663471025071,0.9134045077105575,0.6857887874837028,0.24213836477987422,0.9863116444777799,0.38279890628883917,0.0529693141579628,770,5260,2410,73,False,0.08942362582077229,0.2564135902424284,0.024318940841819108,1.0210275572607594,-0.004862149036057875
deit_tiny,1.0,ensemble,ensemble_temperature,1.0,nih,pleural_effusion,age45_64,9808,1231,8577,0.12550978792822187,0.8905734424533072,0.55904028235168,0.07537902887767696,0.2487004255903864,0.013332447004293703,0.013617131467705422,0.9277010560519903,0.6497609886906844,0.2754462132175591,0.9842811727304839,0.4247721777943091,0.0529693141579628,1142,5573,3004,89,False,0.1099054900175662,0.31414682864678434,0.24914133203673922,1.1134615860926365,0.09962992996014626
deit_tiny,1.0,ensemble,ensemble_temperature,1.0,nih,pleural_effusion,age65_100,3008,462,2546,0.1535904255319149,0.8633022515583396,0.5472066466813644,0.09330513814329254,0.3034074577873967,0.017447321036052788,0.013513872448845395,0.9437229437229437,0.51413982717989,0.26060968320382544,0.9805243445692884,0.40843091334894616,0.0529693141579628,436,1309,1237,26,False,0.13162151258602303,0.2911102728567133,0.1715848594644216,1.1025220026434093,0.049612925494934644
deit_tiny,1.0,ensemble,ensemble_temperature,1.0,vinbig,cardiomegaly,PA,14998,1817,13181,0.12114948659821309,0.8869253483013713,0.5618393710370886,0.09578254831681726,0.340592206345983,0.0888833075820759,0.0890771979587569,0.9273527793065492,0.6628480388437903,0.27492249959210313,0.9851166986131469,0.4241127611376793,0.01058636512607336,1685,8737,4444,132,False,0.11584294874158528,0.17316893814156453,1.8910321335309999,1.0151569936553466,1.844410394746868
deit_tiny,1.0,ensemble,ensemble_temperature,1.0,vinbig,pleural_effusion,PA,14998,634,14364,0.04227230297372983,0.9272919417365708,0.6815241964689366,0.024250304906368727,0.10349933439391835,0.03129175646786776,0.031091854608531283,0.9022082018927445,0.75682261208577,0.14071340713407135,0.99432909539925,0.24345605447967653,0.0529693141579628,572,10871,3493,62,False,0.04553419164022411,0.46742647595512754,1.03347293779182,1.7984613101544642,-0.40274584294969223
