model,fraction,seed,method,cal_fraction,domain,label,n,positive,negative,prevalence,auroc,auprc,brier,nll,ece15,adaptive_ece15,sensitivity,specificity,ppv,npv,f1,threshold,tp,tn,fp,fn,low_event_warning,source_constant_brier,brier_skill_vs_source_constant,calibration_intercept,calibration_slope,calibration_in_large
resnet18,1.0,17,temperature,0.1,chexpert,cardiomegaly,19255,2034,17221,0.10563490002596729,0.7791241193993955,0.33099755933229924,0.09314859378435847,0.3944706406299101,0.08144823528654069,0.0814482352865407,0.627826941986234,0.7798617966436328,0.2519731649565904,0.9466412913230422,0.3596170092931569,0.019343955137151727,1277.0,13430.0,3791.0,757.0,False,0.1010838392508862,0.0785016232598047,0.5102134462055194,0.5965669500191837,1.9290022944060568
resnet18,1.0,17,temperature,0.1,chexpert,pleural_effusion,18933,5642,13291,0.2979982041937358,0.8418616958897672,0.70492202265985,0.18028096429729337,0.5380075765014719,0.15209431631982503,0.15209431631982506,0.924849344204183,0.49161086449477087,0.435741127348643,0.9390629491233113,0.5923823579497076,0.06290417546246735,5218.0,6534.0,6757.0,424.0,False,0.24329855584761897,0.2590134221338919,1.6797559996057447,1.3165192948374755,1.1315661556899965
resnet18,1.0,17,temperature,0.1,nih,cardiomegaly,21329,497,20832,0.023301608139153267,0.8863223020921226,0.22689347095125292,0.020163210900935122,0.0822632403991278,0.005419705687338912,0.00616395017286648,0.8511066398390342,0.7563844086021505,0.07693706802473627,0.9953256269344956,0.14111759799833196,0.019343955137151727,423.0,15757.0,5075.0,74.0,False,0.022759736702063146,0.11408417571424068,-0.49738523350168046,0.8531040523482837,-0.15162302155198865
resnet18,1.0,17,temperature,0.1,nih,pleural_effusion,21329,2536,18793,0.11889915139012612,0.8718285665294867,0.49831626491633985,0.07707213443460079,0.2557004269233838,0.004382579623176961,0.005143986142436401,0.9037854889589906,0.6534347895493002,0.26030664395229985,0.9805174065793676,0.4041971607442025,0.06290417546246735,2292.0,12280.0,6513.0,244.0,False,0.10479318686123498,0.26453105642585195,0.04609240508448801,1.0086329074187232,0.034583885489584
resnet18,1.0,17,temperature,0.1,vinbig,cardiomegaly,14998,1817,13181,0.12114948659821309,0.8683891361947287,0.4979519878646569,0.09919451365124834,0.3725310836628668,0.09174580700720868,0.09175117242956334,0.7699504678040726,0.7961459676807526,0.3423886441507587,0.9616935483870968,0.473996273081484,0.019343955137151727,1399.0,10494.0,2687.0,418.0,False,0.11584294874158528,0.14371556725023593,1.441488968677072,0.8228672066283046,2.0175228055651933
resnet18,1.0,17,temperature,0.1,vinbig,pleural_effusion,14998,634,14364,0.04227230297372983,0.8991201167130937,0.6265565726062475,0.02706131995185281,0.11994863907110553,0.04276820877479771,0.03697525676232793,0.886435331230284,0.6849763297131718,0.11047768822488696,0.9927353445666431,0.19646914875021848,0.06290417546246735,562.0,9839.0,4525.0,72.0,False,0.04553419164022411,0.40569231654159177,0.6559329169263977,1.7814015423570415,-0.6403229968461325
resnet18,1.0,17,logistic,0.1,chexpert,cardiomegaly,19255,2034,17221,0.10563490002596729,0.7791241193993955,0.33099755933229924,0.09403495871952018,0.3908380197377273,0.08287326950714353,0.08282514083217045,0.627826941986234,0.7798617966436328,0.2519731649565904,0.9466412913230422,0.3596170092931569,0.02049014926954292,1277.0,13430.0,3791.0,757.0,False,0.1010838392508862,0.06973301156350986,0.7255531399489856,0.6613062508438847,1.925603343479011
resnet18,1.0,17,logistic,0.1,chexpert,pleural_effusion,18933,5642,13291,0.2979982041937358,0.8418616958897672,0.70492202265985,0.1681152682086986,0.5097223606212092,0.13128564473117849,0.13128564473117849,0.924849344204183,0.49161086449477087,0.435741127348643,0.9390629491233113,0.5923823579497076,0.0624641372106103,5218.0,6534.0,6757.0,424.0,False,0.24329855584761897,0.3090165799669138,1.2173380541181194,1.1421235209044867,0.99399191209427
resnet18,1.0,17,logistic,0.1,nih,cardiomegaly,21329,497,20832,0.023301608139153267,0.8863223020921226,0.22689347095125292,0.019986349609737417,0.08160811427611399,0.0027212660515028735,0.003452712119190902,0.8511066398390342,0.7563844086021505,0.07693706802473627,0.9953256269344956,0.14111759799833196,0.02049014926954292,423.0,15757.0,5075.0,74.0,False,0.022759736702063146,0.12185497260494782,-0.19049687623362876,0.94535744498745,-0.052720747689002714
resnet18,1.0,17,logistic,0.1,nih,pleural_effusion,21329,2536,18793,0.11889915139012612,0.8718285665294867,0.49831626491633985,0.07789444188327707,0.2580332290875477,0.016163342471007786,0.016828650688195775,0.9037854889589906,0.6534347895493002,0.26030664395229985,0.9805174065793676,0.4041971607442025,0.0624641372106103,2292.0,12280.0,6513.0,244.0,False,0.10479318686123498,0.2566841011675376,-0.3081460240030608,0.8750540806635417,-0.17654541995937986
resnet18,1.0,17,logistic,0.1,vinbig,cardiomegaly,14998,1817,13181,0.12114948659821309,0.8683891361947287,0.4979519878646569,0.10114131116226209,0.37520580882664917,0.09410557482592168,0.09411582186742767,0.7699504678040726,0.7961459676807526,0.3423886441507587,0.9616935483870968,0.473996273081484,0.02049014926954292,1399.0,10494.0,2687.0,418.0,False,0.11584294874158528,0.12691007729886628,1.7384664858987486,0.9121586855332103,2.028108757269997
resnet18,1.0,17,logistic,0.1,vinbig,pleural_effusion,14998,634,14364,0.04227230297372983,0.8991201167130937,0.6265565726062475,0.02672993571893833,0.11914227807881467,0.042777479606802324,0.03412674459214371,0.886435331230284,0.6849763297131718,0.11047768822488696,0.9927353445666431,0.19646914875021848,0.0624641372106103,562.0,9839.0,4525.0,72.0,False,0.04553419164022411,0.412970017560923,0.030600077570968585,1.5456413803523181,-0.7654274610762393
resnet18,1.0,17,temperature,0.25,chexpert,cardiomegaly,19255,2034,17221,0.10563490002596729,0.7791241193993955,0.33099755933229924,0.09374839261810884,0.40634294272627264,0.08336510580896782,0.0833651058089678,0.6588003933136677,0.7532663608385112,0.23975666487743783,0.949217034977316,0.351567624294897,0.014271782283596627,1340.0,12972.0,4249.0,694.0,False,0.1010838392508862,0.07256794644068731,0.5102156222095651,0.5748137715554819,2.0541982650604846
resnet18,1.0,17,temperature,0.25,chexpert,pleural_effusion,18933,5642,13291,0.2979982041937358,0.8418616958897672,0.70492202265985,0.17669517305837046,0.5240160425611148,0.1404259115514107,0.14042591155141074,0.9397376816731655,0.44706944548942895,0.41909730456090427,0.9458771092008914,0.5796752856283824,0.06714875479005225,5302.0,5942.0,7349.0,340.0,False,0.24329855584761897,0.27375165691884773,1.679436187603795,1.4243109437421566,0.9965695130017517
resnet18,1.0,17,temperature,0.25,nih,cardiomegaly,21329,497,20832,0.023301608139153267,0.8863223020921226,0.22689347095125292,0.020128955709443237,0.08236478031287783,0.005266880337046967,0.005602986902184536,0.8672032193158954,0.7351190476190477,0.07244915111783493,0.9957087126137841,0.1337263419174682,0.014271782283596627,431.0,15314.0,5518.0,66.0,False,0.022759736702063146,0.11558925426327238,-0.497571948935946,0.821977009285857,-0.06756646644828013
resnet18,1.0,17,temperature,0.25,nih,pleural_effusion,21329,2536,18793,0.11889915139012612,0.8718285665294867,0.49831626491633985,0.0771558523273867,0.256314354104677,0.010281873129058244,0.00953157640399665,0.916403785488959,0.6285319001755973,0.24975819451907577,0.9823685961410512,0.3925344143231146,0.06714875479005225,2324.0,11812.0,6981.0,212.0,False,0.10479318686123498,0.26373216963470236,0.045930519938775775,1.091272900080858,-0.06829305350161274
resnet18,1.0,17,temperature,0.25,vinbig,cardiomegaly,14998,1817,13181,0.12114948659821309,0.8683891361947287,0.4979519878646569,0.10002817902186453,0.3832999161608902,0.09365794981836012,0.09366163635058085,0.7952669235002752,0.7731583339655564,0.3258173618940248,0.9647827321783584,0.46225207933461293,0.014271782283596627,1445.0,10191.0,2990.0,372.0,False,0.11584294874158528,0.13651905352477933,1.4414896990296533,0.7928621504519043,2.1373733422963643
resnet18,1.0,17,temperature,0.25,vinbig,pleural_effusion,14998,634,14364,0.04227230297372983,0.8991201167130937,0.6265565726062475,0.028223165574487535,0.12774670228564086,0.05305281723655677,0.04570601327895251,0.8974763406940063,0.6361737677527152,0.09818809318377912,0.9929370857329132,0.17701042152745372,0.06714875479005225,569.0,9138.0,5226.0,65.0,False,0.04553419164022411,0.3801764222041073,0.6558368268947816,1.927519308676667,-0.7861614303050508
resnet18,1.0,17,logistic,0.25,chexpert,cardiomegaly,19255,2034,17221,0.10563490002596729,0.7791241193993955,0.33099755933229924,0.09459440839075932,0.40213162128886154,0.08471436837923885,0.08466503803671893,0.6588003933136677,0.7532663608385112,0.23975666487743783,0.949217034977316,0.351567624294897,0.015455578151809982,1340.0,12972.0,4249.0,694.0,False,0.1010838392508862,0.06419850005914751,0.7144313310299809,0.6351652036738573,2.047230465200376
resnet18,1.0,17,logistic,0.25,chexpert,pleural_effusion,18933,5642,13291,0.2979982041937358,0.8418616958897672,0.70492202265985,0.16946766252872728,0.5071876618579816,0.1279441214452614,0.1279441214452614,0.9397376816731655,0.44706944548942895,0.41909730456090427,0.9458771092008914,0.5796752856283824,0.06681826075778426,5302.0,5942.0,7349.0,340.0,False,0.24329855584761897,0.30345800065140105,1.3818137014533372,1.3085818357236636,0.914649317940713
resnet18,1.0,17,logistic,0.25,nih,cardiomegaly,21329,497,20832,0.023301608139153267,0.8863223020921226,0.22689347095125292,0.019978153166457787,0.08171190722136912,0.0030010264657475937,0.002908251345536026,0.8672032193158954,0.7351190476190477,0.07244915111783493,0.9957087126137841,0.1337263419174682,0.015455578151809982,431.0,15314.0,5518.0,66.0,False,0.022759736702063146,0.12221510169549599,-0.20612744358871005,0.9081108464249886,0.030857349031697717
resnet18,1.0,17,logistic,0.25,nih,pleural_effusion,21329,2536,18793,0.11889915139012612,0.8718285665294867,0.49831626491633985,0.07745611595115832,0.257010807730111,0.015118886684348997,0.01554125311068511,0.916403785488959,0.6285319001755973,0.24975819451907577,0.9823685961410512,0.3925344143231146,0.06681826075778426,2324.0,11812.0,6981.0,212.0,False,0.10479318686123498,0.2608668724453991,-0.18220279197988604,1.0025395876065486,-0.1849849527083446
resnet18,1.0,17,logistic,0.25,vinbig,cardiomegaly,14998,1817,13181,0.12114948659821309,0.8683891361947287,0.4979519878646569,0.1018928145117993,0.38540274350035875,0.09590410049408267,0.09591121334994193,0.7952669235002752,0.7731583339655564,0.3258173618940248,0.9647827321783584,0.46225207933461293,0.015455578151809982,1445.0,10191.0,2990.0,372.0,False,0.11584294874158528,0.1204228171099565,1.723181853397644,0.876110096562153,2.144410331157711
resnet18,1.0,17,logistic,0.25,vinbig,pleural_effusion,14998,634,14364,0.04227230297372983,0.8991201167130937,0.6265565726062475,0.028072444823556794,0.1274091179864159,0.052834598320900164,0.043802582522692,0.8974763406940063,0.6361737677527152,0.09818809318377912,0.9929370857329132,0.17701042152745372,0.06681826075778426,569.0,9138.0,5226.0,65.0,False,0.04553419164022411,0.3834864787901915,0.25307912915514397,1.7708932012450451,-0.8565309249191283
resnet18,1.0,17,temperature,0.5,chexpert,cardiomegaly,19255,2034,17221,0.10563490002596729,0.7791241193993955,0.33099755933229924,0.09371256616894941,0.4056062433704459,0.08325343271953317,0.08325343271953317,0.6814159292035398,0.7300969746240056,0.2296983758700696,0.9509870660313138,0.34357957362419433,0.012770681732484322,1386.0,12573.0,4648.0,648.0,False,0.1010838392508862,0.07292236955544962,0.5102208726183295,0.5761038179285153,2.0465300569153606
resnet18,1.0,17,temperature,0.5,chexpert,pleural_effusion,18933,5642,13291,0.2979982041937358,0.8418616958897672,0.70492202265985,0.17875613538695637,0.5318589555756981,0.14734178048020805,0.14734178048020805,0.9436370081531372,0.43232262433225493,0.4137073587691351,0.9475593667546174,0.5752255415698774,0.056975942437893064,5324.0,5746.0,7545.0,318.0,False,0.24329855584761897,0.265280738045508,1.6794316728541343,1.3599490484225842,1.0746845842617259
resnet18,1.0,17,temperature,0.5,nih,cardiomegaly,21329,497,20832,0.023301608139153267,0.8863223020921226,0.22689347095125292,0.020130564804880305,0.08235255685598834,0.005220609435973333,0.005635228227933533,0.8812877263581489,0.7183179723502304,0.06945765937202664,0.9960726885442321,0.12876672056445684,0.012770681732484322,438.0,14964.0,5868.0,59.0,False,0.022759736702063146,0.11551855505184772,-0.498684807732888,0.8235289852191489,-0.07268182576269003
resnet18,1.0,17,temperature,0.5,nih,pleural_effusion,21329,2536,18793,0.11889915139012612,0.8718285665294867,0.49831626491633985,0.07707927361199078,0.25575987683335905,0.005762953546514512,0.006440889743521851,0.9191640378548895,0.6187942318948545,0.24549763033175356,0.9826770322798716,0.3874989610173718,0.056975942437893064,2331.0,11629.0,7164.0,205.0,False,0.10479318686123498,0.2644629300752386,0.04590742728441813,1.04194789506897,-0.008315666750006922
resnet18,1.0,17,temperature,0.5,vinbig,cardiomegaly,14998,1817,13181,0.12114948659821309,0.8683891361947287,0.4979519878646569,0.0999782679173219,0.38263143055233223,0.09354613949706239,0.0935499120429139,0.8167308750687947,0.7572263105985889,0.31682322801024765,0.9677137870855148,0.4565451469004769,0.012770681732484322,1484.0,9981.0,3200.0,333.0,False,0.11584294874158528,0.1369499049929509,1.4414897701662255,0.7946439799329601,2.130032663924555
resnet18,1.0,17,temperature,0.5,vinbig,pleural_effusion,14998,634,14364,0.04227230297372983,0.8991201167130937,0.6265565726062475,0.02750331508812634,0.12299293184413587,0.046664629931801274,0.040454940241321055,0.9022082018927445,0.6177248677248677,0.09434273461982517,0.9930609960828204,0.17082275645811557,0.056975942437893064,572.0,8873.0,5491.0,62.0,False,0.04553419164022411,0.3959854321026226,0.655928439006232,1.8403862847529824,-0.7013785855320073
resnet18,1.0,17,logistic,0.5,chexpert,cardiomegaly,19255,2034,17221,0.10563490002596729,0.7791241193993955,0.33099755933229924,0.09427832045830714,0.4026442722511612,0.08414949138040383,0.08414949138040384,0.6814159292035398,0.7300969746240056,0.2296983758700696,0.9509870660313138,0.34357957362419433,0.013595543166490028,1386.0,12573.0,4648.0,648.0,False,0.1010838392508862,0.06732548786248627,0.6443204441905378,0.6159277172342914,2.0418189945442498
resnet18,1.0,17,logistic,0.5,chexpert,pleural_effusion,18933,5642,13291,0.2979982041937358,0.8418616958897672,0.70492202265985,0.18034160817624542,0.5356491763544002,0.14980033700008455,0.14980033700008458,0.9436370081531372,0.43232262433225493,0.4137073587691351,0.9475593667546174,0.5752255415698774,0.0571427756248248,5324.0,5746.0,7545.0,318.0,False,0.24329855584761897,0.25876416508943156,1.7452886853125684,1.384945034721688,1.0911077272151504
resnet18,1.0,17,logistic,0.5,nih,cardiomegaly,21329,497,20832,0.023301608139153267,0.8863223020921226,0.22689347095125292,0.02000555769159608,0.08184432973494235,0.0035912836498960066,0.003775358435916506,0.8812877263581489,0.7183179723502304,0.06945765937202664,0.9960726885442321,0.12876672056445684,0.013595543166490028,438.0,14964.0,5868.0,59.0,False,0.022759736702063146,0.12101102251404361,-0.30596336944394736,0.8807213541289599,-0.0053636831977267
resnet18,1.0,17,logistic,0.5,nih,pleural_effusion,21329,2536,18793,0.11889915139012612,0.8718285665294867,0.49831626491633985,0.07713828605041967,0.2558812270910901,0.006680844599979177,0.007458371363680129,0.9191640378548895,0.6187942318948545,0.24549763033175356,0.9826770322798716,0.3874989610173718,0.0571427756248248,2331.0,11629.0,7164.0,205.0,False,0.10479318686123498,0.26389979767897864,0.0963987818487961,1.061107184145627,0.015486053807892882
resnet18,1.0,17,logistic,0.5,vinbig,cardiomegaly,14998,1817,13181,0.12114948659821309,0.8683891361947287,0.4979519878646569,0.10122925760493012,0.3839179914813117,0.09508763430609518,0.09509352785049639,0.8167308750687947,0.7572263105985889,0.31682322801024765,0.9677137870855148,0.4565451469004769,0.013595543166490028,1484.0,9981.0,3200.0,333.0,False,0.11584294874158528,0.1261508904547518,1.6261276863572258,0.8494983706483161,2.1347972280582126
resnet18,1.0,17,logistic,0.5,vinbig,pleural_effusion,14998,634,14364,0.04227230297372983,0.8991201167130937,0.6265565726062475,0.027591885491170212,0.12319262674188965,0.04678731456424453,0.04089527215041356,0.9022082018927445,0.6177248677248677,0.09434273461982517,0.9930609960828204,0.17082275645811557,0.0571427756248248,572.0,8873.0,5491.0,62.0,False,0.04553419164022411,0.39404029154223474,0.7451172228892803,1.8742082689350024,-0.687480892043868
resnet18,1.0,17,temperature,1.0,chexpert,cardiomegaly,19255,2034,17221,0.10563490002596729,0.7791241193993955,0.33099755933229924,0.09318458270464344,0.39515629539494834,0.08156614190731053,0.08156614190731051,0.7232055063913471,0.6832936530979618,0.2124187725631769,0.9543390105433901,0.3283848643821855,0.011398597841683646,1471.0,11767.0,5454.0,563.0,False,0.1010838392508862,0.07814559285423561,0.51020959146213,0.5952527833715696,1.9363316003963895
resnet18,1.0,17,temperature,1.0,chexpert,pleural_effusion,18933,5642,13291,0.2979982041937358,0.8418616958897672,0.70492202265985,0.17814543056149423,0.5294786556021686,0.1453558031084764,0.14535580310847637,0.9470046082949308,0.4208110751636446,0.40970784449045317,0.9492532247114732,0.5719638173740834,0.057135927816705255,5343.0,5593.0,7698.0,299.0,False,0.24329855584761897,0.267790842650669,1.6794679121156106,1.3783126344797727,1.0517129166112218
resnet18,1.0,17,temperature,1.0,nih,cardiomegaly,21329,497,20832,0.023301608139153267,0.8863223020921226,0.22689347095125292,0.020160708591373873,0.08226324102187133,0.005328453328394948,0.00612167704701788,0.903420523138833,0.6838517665130568,0.06382373845060413,0.9966419476703512,0.11922464152947425,0.011398597841683646,449.0,14246.0,6586.0,48.0,False,0.022759736702063146,0.11419412028846865,-0.49717361454775394,0.8512763792694382,-0.14666998639460382
resnet18,1.0,17,temperature,1.0,nih,pleural_effusion,21329,2536,18793,0.11889915139012612,0.8718285665294867,0.49831626491633985,0.0770932525021104,0.25586417593274996,0.007134912867492798,0.007120741271565267,0.9215299684542587,0.6119831852285426,0.24270433066777444,0.982991452991453,0.3842170160295931,0.057135927816705255,2337.0,11501.0,7292.0,199.0,False,0.10479318686123498,0.26432953504700907,0.04593729907627244,1.056034639931526,-0.025823223984172153
resnet18,1.0,17,temperature,1.0,vinbig,cardiomegaly,14998,1817,13181,0.12114948659821309,0.8683891361947287,0.4979519878646569,0.09924442365731245,0.37315276325614793,0.0918630068000524,0.0918682560227897,0.8514034122179417,0.7169410515135423,0.29310344827586204,0.9722222222222222,0.4360817477096547,0.011398597841683646,1547.0,9450.0,3731.0,270.0,False,0.11584294874158528,0.14328472526454505,1.4414890015608228,0.8210553603326811,2.024539353201825
resnet18,1.0,17,temperature,1.0,vinbig,pleural_effusion,14998,634,14364,0.04227230297372983,0.8991201167130937,0.6265565726062475,0.02770062961629126,0.12431965528179886,0.04848758184139273,0.04194050822585184,0.9053627760252366,0.6044973544973545,0.09176658673061551,0.9931373670364864,0.1666424735084918,0.057135927816705255,574.0,8683.0,5681.0,60.0,False,0.04553419164022411,0.39165210540773043,0.6559201149869468,1.8652386778718524,-0.7261971630517728
resnet18,1.0,17,logistic,1.0,chexpert,cardiomegaly,19255,2034,17221,0.10563490002596729,0.7791241193993955,0.33099755933229924,0.09399347105049406,0.39150464612733316,0.08286170630945756,0.08281157699773295,0.7232055063913471,0.6832936530979618,0.2124187725631769,0.9543390105433901,0.3283848643821855,0.012659925432530873,1471.0,11767.0,5454.0,563.0,False,0.1010838392508862,0.07014343987068117,0.7084059016376929,0.6552570059772151,1.9307533736644806
resnet18,1.0,17,logistic,1.0,chexpert,pleural_effusion,18933,5642,13291,0.2979982041937358,0.8418616958897672,0.70492202265985,0.17783005570674082,0.5287334403615825,0.14485934741507722,0.14485934741507722,0.9470046082949308,0.4208110751636446,0.40970784449045317,0.9492532247114732,0.5719638173740834,0.057090404827577004,5343.0,5593.0,7698.0,299.0,False,0.24329855584761897,0.2690870889586452,1.6662702529731692,1.373191707347572,1.048452359697614
resnet18,1.0,17,logistic,1.0,nih,cardiomegaly,21329,497,20832,0.023301608139153267,0.8863223020921226,0.22689347095125292,0.0199911498764645,0.08163349986231365,0.0028625692026421528,0.003617535618203165,0.903420523138833,0.6838517665130568,0.06382373845060413,0.9966419476703512,0.11922464152947425,0.012659925432530873,449.0,14246.0,6586.0,48.0,False,0.022759736702063146,0.12164406213660972,-0.2162359670914213,0.9363220941743534,-0.05602083722829704
resnet18,1.0,17,logistic,1.0,nih,pleural_effusion,21329,2536,18793,0.11889915139012612,0.8718285665294867,0.49831626491633985,0.07708646870421135,0.25585029966118633,0.007771074168547437,0.006911863016751045,0.9215299684542587,0.6119831852285426,0.24270433066777444,0.982991452991453,0.3842170160295931,0.057090404827577004,2337.0,11501.0,7292.0,199.0,False,0.10479318686123498,0.26439427015147765,0.03583521381536627,1.0521147757371736,-0.03058309182751244
resnet18,1.0,17,logistic,1.0,vinbig,cardiomegaly,14998,1817,13181,0.12114948659821309,0.8683891361947287,0.4979519878646569,0.10103167055415282,0.37537788125352967,0.09402235568276579,0.09403200898608437,0.8514034122179417,0.7169410515135423,0.29310344827586204,0.9722222222222222,0.4360817477096547,0.012659925432530873,1547.0,9450.0,3731.0,270.0,False,0.11584294874158528,0.12785653635658456,1.7148348080408162,0.903816677549914,2.0320623549937022
resnet18,1.0,17,logistic,1.0,vinbig,pleural_effusion,14998,634,14364,0.04227230297372983,0.8991201167130937,0.6265565726062475,0.02768440637027813,0.12427944065749982,0.04847418546401813,0.041847172301336166,0.9053627760252366,0.6044973544973545,0.09176658673061551,0.9931373670364864,0.1666424735084918,0.057090404827577004,574.0,8683.0,5681.0,60.0,False,0.04553419164022411,0.39200839252799635,0.6380575179413103,1.858310234501688,-0.7289379281561273
resnet18,1.0,43,temperature,0.1,chexpert,cardiomegaly,0,0,0,,,,,,,,,,,,,,,,,,,,,,,
resnet18,1.0,43,temperature,0.1,chexpert,pleural_effusion,18933,5642,13291,0.2979982041937358,0.8522181374997129,0.7150208720858318,0.172984348424817,0.5141472096389731,0.14191853491673484,0.14191853491673487,0.9443459766040411,0.47821834323978635,0.4344776971377314,0.9529235382308846,0.5951410220608768,0.06035382297338086,5328.0,6356.0,6935.0,314.0,False,0.24329855584761897,0.28900380102067136,1.5737816067747377,1.3312120655739532,1.044252077923765
resnet18,1.0,43,temperature,0.1,nih,cardiomegaly,0,0,0,,,,,,,,,,,,,,,,,,,,,,,
resnet18,1.0,43,temperature,0.1,nih,pleural_effusion,21329,2536,18793,0.11889915139012612,0.8733990657975375,0.49625207828712065,0.0775383977691648,0.256232684010908,0.01417642045218872,0.013872735260480624,0.9211356466876972,0.6206034161655936,0.24677794210859919,0.9831408581303211,0.38926845525745707,0.06035382297338086,2336.0,11663.0,7130.0,200.0,False,0.10479318686123498,0.2600816895487722,-0.14996059553744648,1.008882445501115,-0.15938848505511247
resnet18,1.0,43,temperature,0.1,vinbig,cardiomegaly,0,0,0,,,,,,,,,,,,,,,,,,,,,,,
resnet18,1.0,43,temperature,0.1,vinbig,pleural_effusion,14998,634,14364,0.04227230297372983,0.893839598119027,0.5171063366474837,0.03229047714366576,0.13625179819395067,0.05108839435844449,0.04482305860001274,0.9116719242902208,0.6122250069618491,0.09401431359791802,0.9936723163841807,0.17045119433795342,0.06035382297338086,578.0,8794.0,5570.0,56.0,False,0.04553419164022411,0.2908520832257201,-0.13748265513126282,1.5630894282961836,-0.8903725016105802
resnet18,1.0,43,logistic,0.1,chexpert,cardiomegaly,0,0,0,,,,,,,,,,,,,,,,,,,,,,,
resnet18,1.0,43,logistic,0.1,chexpert,pleural_effusion,18933,5642,13291,0.2979982041937358,0.8522181374997129,0.7150208720858318,0.17746596292237085,0.5244292774629673,0.14867258375837236,0.1486725837583724,0.9443459766040411,0.47821834323978635,0.4344776971377314,0.9529235382308846,0.5951410220608768,0.061204193558561236,5328.0,6356.0,6935.0,314.0,False,0.24329855584761897,0.2705835745547126,1.7563508607173957,1.4053474501725889,1.0869738883509414
resnet18,1.0,43,logistic,0.1,nih,cardiomegaly,0,0,0,,,,,,,,,,,,,,,,,,,,,,,
resnet18,1.0,43,logistic,0.1,nih,pleural_effusion,21329,2536,18793,0.11889915139012612,0.8733990657975375,0.49625207828712065,0.0773563882937731,0.25575163427991926,0.011403365750161274,0.011938622753295072,0.9211356466876972,0.6206034161655936,0.24677794210859919,0.9831408581303211,0.38926845525745707,0.061204193558561236,2336.0,11663.0,7130.0,200.0,False,0.10479318686123498,0.2618185340979575,-0.011316467357929174,1.0652335084648237,-0.08719405534921688
resnet18,1.0,43,logistic,0.1,vinbig,cardiomegaly,0,0,0,,,,,,,,,,,,,,,,,,,,,,,
resnet18,1.0,43,logistic,0.1,vinbig,pleural_effusion,14998,634,14364,0.04227230297372983,0.893839598119027,0.5171063366474837,0.032029254657357106,0.13584092482519194,0.05009729891652798,0.042621804789270364,0.9116719242902208,0.6122250069618491,0.09401431359791802,0.9936723163841807,0.17045119433795342,0.061204193558561236,578.0,8794.0,5570.0,56.0,False,0.04553419164022411,0.29658892573678586,0.07707456984226645,1.6501728200112031,-0.8439250573098637
resnet18,1.0,43,temperature,0.25,chexpert,cardiomegaly,19255,2034,17221,0.10563490002596729,0.7777690988860927,0.3345176680223425,0.09507095559133494,0.4290478515376854,0.08743081246277694,0.08735140897377576,0.7094395280235988,0.7108762557342779,0.22469635627530365,0.9539468557624874,0.3412961210974456,0.008308415349438082,1443.0,12242.0,4979.0,591.0,False,0.1010838392508862,0.05948412430821426,0.6872567296935421,0.5812868939689897,2.3395195285653547
resnet18,1.0,43,temperature,0.25,chexpert,pleural_effusion,18933,5642,13291,0.2979982041937358,0.8522181374997129,0.7150208720858318,0.17223277241969454,0.5112767535721927,0.13934855919526687,0.13934855919526687,0.9537398085785183,0.44556466782032955,0.4220392156862745,0.9577874818049491,0.5851457155284906,0.057166901682985174,5381.0,5922.0,7369.0,261.0,False,0.24329855584761897,0.2920929110341035,1.573771020012454,1.3556966349951938,1.014495921957788
resnet18,1.0,43,temperature,0.25,nih,cardiomegaly,21329,497,20832,0.023301608139153267,0.8849194919903445,0.2312394980069876,0.020026381238950522,0.0833620356793585,0.005962257084718342,0.005227353160509179,0.8712273641851107,0.7102054531490015,0.0669242658423493,0.9956928460865468,0.1243002727142242,0.008308415349438082,433.0,14795.0,6037.0,64.0,False,0.022759736702063146,0.12009609332892013,-0.4048897799812848,0.773012114943203,0.19977488599862742
resnet18,1.0,43,temperature,0.25,nih,pleural_effusion,21329,2536,18793,0.11889915139012612,0.8733990657975375,0.49625207828712065,0.07762338378464245,0.2565509066230694,0.015988743985899532,0.015292749999374853,0.929416403785489,0.601606981322833,0.23943518894758228,0.9844144536351763,0.3807754442649435,0.057166901682985174,2357.0,11306.0,7487.0,179.0,False,0.10479318686123498,0.2592707015635495,-0.15000382310581478,1.027424837678051,-0.17887898893870102
resnet18,1.0,43,temperature,0.25,vinbig,cardiomegaly,14998,1817,13181,0.12114948659821309,0.8728719358349941,0.5139386672120124,0.09781889981724139,0.36468570504392794,0.09062458820540016,0.09064899538557417,0.8976334617501376,0.6641377740687353,0.2692307692307692,0.9791946308724833,0.4142222222222222,0.008308415349438082,1631.0,8754.0,4427.0,186.0,False,0.11584294874158528,0.1555903843966433,1.4434998891936035,0.8302124868990809,1.9853766138913498
resnet18,1.0,43,temperature,0.25,vinbig,pleural_effusion,14998,634,14364,0.04227230297372983,0.893839598119027,0.5171063366474837,0.03261622075014995,0.13810062276712348,0.053390232247046164,0.0470659767963258,0.9211356466876972,0.5821498189919243,0.08867294260552687,0.9940561103185925,0.16177285318559556,0.057166901682985174,584.0,8362.0,6002.0,50.0,False,0.04553419164022411,0.2836982589290693,-0.13747481444064305,1.5918452545559225,-0.9186431892586084
resnet18,1.0,43,logistic,0.25,chexpert,cardiomegaly,19255,2034,17221,0.10563490002596729,0.7777690988860927,0.3345176680223425,0.09554845570698645,0.4264114071967741,0.08807567376008915,0.08805858557324159,0.7094395280235988,0.7108762557342779,0.22469635627530365,0.9539468557624874,0.3412961210974456,0.008852527261114206,1443.0,12242.0,4979.0,591.0,False,0.1010838392508862,0.05476032157980404,0.8057746341849947,0.6142894018528967,2.3299332325637305
resnet18,1.0,43,logistic,0.25,chexpert,pleural_effusion,18933,5642,13291,0.2979982041937358,0.8522181374997129,0.7150208720858318,0.17671474551237548,0.5216068525335453,0.14624095253783134,0.14624095253783137,0.9537398085785183,0.44556466782032955,0.4220392156862745,0.9577874818049491,0.5851457155284906,0.05806247929840805,5381.0,5922.0,7369.0,261.0,False,0.24329855584761897,0.27367121067889033,1.7574173337490056,1.4296206041052266,1.0587109710257139
resnet18,1.0,43,logistic,0.25,nih,cardiomegaly,21329,497,20832,0.023301608139153267,0.8849194919903445,0.2312394980069876,0.019970241163595394,0.08299478031514278,0.0060371780474136934,0.004383599510364903,0.8712273641851107,0.7102054531490015,0.0669242658423493,0.9956928460865468,0.1243002727142242,0.008852527261114206,433.0,14795.0,6037.0,64.0,False,0.022759736702063146,0.12256273325933897,-0.24698702537599318,0.8169863192411476,0.257383645557067
resnet18,1.0,43,logistic,0.25,nih,pleural_effusion,21329,2536,18793,0.11889915139012612,0.8733990657975375,0.49625207828712065,0.07742334779378555,0.25605299716528634,0.013047700486961881,0.01367288122480451,0.929416403785489,0.601606981322833,0.23943518894758228,0.9844144536351763,0.3807754442649435,0.05806247929840805,2357.0,11306.0,7487.0,179.0,False,0.10479318686123498,0.2611795660312537,-0.010618163635370857,1.0835683751466907,-0.10678564292257264
resnet18,1.0,43,logistic,0.25,vinbig,cardiomegaly,14998,1817,13181,0.12114948659821309,0.8728719358349941,0.5139386672120124,0.09915231357005234,0.3676917388692304,0.09240059478596443,0.0924333283620711,0.8976334617501376,0.6641377740687353,0.2692307692307692,0.9791946308724833,0.4142222222222222,0.008852527261114206,1631.0,8754.0,4427.0,186.0,False,0.11584294874158528,0.14407985425824488,1.6127748760304907,0.8773411597839346,2.0094869292783955
resnet18,1.0,43,logistic,0.25,vinbig,pleural_effusion,14998,634,14364,0.04227230297372983,0.893839598119027,0.5171063366474837,0.032319882970456786,0.13756319454338603,0.05229725147582944,0.0447393701199464,0.9211356466876972,0.5821498189919243,0.08867294260552687,0.9940561103185925,0.16177285318559556,0.05806247929840805,584.0,8362.0,6002.0,50.0,False,0.04553419164022411,0.29020628661153247,0.0783420532998785,1.678697439681989,-0.8714292452739231
resnet18,1.0,43,temperature,0.5,chexpert,cardiomegaly,19255,2034,17221,0.10563490002596729,0.7777690988860927,0.3345176680223425,0.09445609410899546,0.41459623172093146,0.08561989620241527,0.08554336886254472,0.7094395280235988,0.7108762557342779,0.22469635627530365,0.9539468557624874,0.3412961210974456,0.010044390707098233,1443.0,12242.0,4979.0,591.0,False,0.1010838392508862,0.06556681256873254,0.6874350905838854,0.6055702552483715,2.188773395141099
resnet18,1.0,43,temperature,0.5,chexpert,pleural_effusion,18933,5642,13291,0.2979982041937358,0.8522181374997129,0.7150208720858318,0.17434470583974648,0.5195399852821782,0.1463513126491183,0.1463513126491183,0.9399149237858915,0.48860130915657213,0.4382644628099174,0.9503878237962827,0.5977905534888964,0.05746572616018102,5303.0,6494.0,6797.0,339.0,False,0.24329855584761897,0.2834124919798504,1.5737868710406173,1.2893737028406151,1.0974544237616985
resnet18,1.0,43,temperature,0.5,nih,cardiomegaly,21329,497,20832,0.023301608139153267,0.8849194919903445,0.2312394980069876,0.02001441563351223,0.08264503254690816,0.005120460572388719,0.0045732206776503085,0.8712273641851107,0.7102054531490015,0.0669242658423493,0.9956928460865468,0.1243002727142242,0.010044390707098233,433.0,14795.0,6037.0,64.0,False,0.022759736702063146,0.12062182899954443,-0.4045401959742507,0.8053509952822239,0.09931037491997298
resnet18,1.0,43,temperature,0.5,nih,pleural_effusion,21329,2536,18793,0.11889915139012612,0.8733990657975375,0.49625207828712065,0.07741581547363462,0.25585615351141017,0.012935649252685392,0.01257299416958733,0.9175867507886435,0.6270951950194221,0.2492769148366363,0.9825746206436552,0.39204784769606604,0.05746572616018102,2327.0,11785.0,7008.0,209.0,False,0.10479318686123498,0.26125144398798494,-0.1498727231186635,0.9772117890093374,-0.12505806569956512
resnet18,1.0,43,temperature,0.5,vinbig,cardiomegaly,14998,1817,13181,0.12114948659821309,0.8728719358349941,0.5139386672120124,0.09688303339283798,0.3539301811319761,0.08836097759582882,0.08839604763495701,0.8976334617501376,0.6641377740687353,0.2692307692307692,0.9791946308724833,0.4142222222222222,0.010044390707098233,1631.0,8754.0,4427.0,186.0,False,0.11584294874158528,0.1636691361426047,1.443502867108715,0.8648430073220268,1.8597534449179731
resnet18,1.0,43,temperature,0.5,vinbig,pleural_effusion,14998,634,14364,0.04227230297372983,0.893839598119027,0.5171063366474837,0.03175666683638474,0.13318326360250782,0.04709784365954603,0.04100880795293282,0.9037854889589906,0.6230854915065441,0.09570736595957909,0.9932304960603706,0.17308563661078388,0.05746572616018102,573.0,8950.0,5414.0,61.0,False,0.04553419164022411,0.3025753682573019,-0.1375018157389145,1.5139495189882644,-0.8403763935328841
resnet18,1.0,43,logistic,0.5,chexpert,cardiomegaly,19255,2034,17221,0.10563490002596729,0.7777690988860927,0.3345176680223425,0.09555090886957095,0.41126610216309323,0.08715183179168237,0.08715183179168239,0.7094395280235988,0.7108762557342779,0.22469635627530365,0.9539468557624874,0.3412961210974456,0.011165947007172872,1443.0,12242.0,4979.0,591.0,False,0.1010838392508862,0.05473605298649897,0.9617784892293273,0.6812114613870022,2.184093999774629
resnet18,1.0,43,logistic,0.5,chexpert,pleural_effusion,18933,5642,13291,0.2979982041937358,0.8522181374997129,0.7150208720858318,0.17849050755481172,0.5292483641077739,0.1526988559351023,0.1526988559351023,0.9399149237858915,0.48860130915657213,0.4382644628099174,0.9503878237962827,0.5977905534888964,0.0578473190478814,5303.0,6494.0,6797.0,339.0,False,0.24329855584761897,0.26637251531158856,1.7332674297613073,1.349793121775239,1.1397584582267146
resnet18,1.0,43,logistic,0.5,nih,cardiomegaly,21329,497,20832,0.023301608139153267,0.8849194919903445,0.2312394980069876,0.019945040126045425,0.08217414004526537,0.004998973839104763,0.0040021826597427665,0.8712273641851107,0.7102054531490015,0.0669242658423493,0.9956928460865468,0.1243002727142242,0.011165947007172872,433.0,14795.0,6037.0,64.0,False,0.022759736702063146,0.12366999727912376,-0.03946863764850319,0.9060102212103128,0.2225150388389724
resnet18,1.0,43,logistic,0.5,nih,pleural_effusion,21329,2536,18793,0.11889915139012612,0.8733990657975375,0.49625207828712065,0.0772516744571313,0.2553632133217564,0.008841873817797913,0.010028248534891197,0.9175867507886435,0.6270951950194221,0.2492769148366363,0.9825746206436552,0.39204784769606604,0.0578473190478814,2327.0,11785.0,7008.0,209.0,False,0.10479318686123498,0.2628177768901484,-0.029058125774531932,1.0229851435013368,-0.05606169934208587
resnet18,1.0,43,logistic,0.5,vinbig,cardiomegaly,14998,1817,13181,0.12114948659821309,0.8728719358349941,0.5139386672120124,0.09985790393705009,0.361929550904233,0.09229615666639626,0.09235787383548041,0.8976334617501376,0.6641377740687353,0.2692307692307692,0.9791946308724833,0.4142222222222222,0.011165947007172872,1631.0,8754.0,4427.0,186.0,False,0.11584294874158528,0.1379889322413017,1.835645517990022,0.9729493706143307,1.921743212131699
resnet18,1.0,43,logistic,0.5,vinbig,pleural_effusion,14998,634,14364,0.04227230297372983,0.893839598119027,0.5171063366474837,0.03150800728408496,0.13261658202743948,0.0459332839149349,0.038765370380366294,0.9037854889589906,0.6230854915065441,0.09570736595957909,0.9932304960603706,0.17308563661078388,0.0578473190478814,573.0,8950.0,5414.0,61.0,False,0.04553419164022411,0.308036309658535,0.04978283470016145,1.5848585249985405,-0.7937155066334405
resnet18,1.0,43,temperature,1.0,chexpert,cardiomegaly,19255,2034,17221,0.10563490002596729,0.7777690988860927,0.3345176680223425,0.09315296303599768,0.3881106680560285,0.08137036866257343,0.08136782927240321,0.7345132743362832,0.6791707798617966,0.21285083345205869,0.9558679306963059,0.33005633491660225,0.012412694518306927,1494.0,11696.0,5525.0,540.0,False,0.1010838392508862,0.07845839922249476,0.6872881321915713,0.6573446855730338,1.9005559665302316
resnet18,1.0,43,temperature,1.0,chexpert,pleural_effusion,18933,5642,13291,0.2979982041937358,0.8522181374997129,0.7150208720858318,0.1737298054476502,0.5170710917191219,0.14438063836906048,0.14438063836906048,0.9498404820985467,0.4629448498984275,0.4288229175002001,0.9560285891858297,0.5908815259937152,0.05487353014779179,5359.0,6153.0,7138.0,283.0,False,0.24329855584761897,0.28593984110427917,1.5738013825133472,1.3079207047820864,1.073498551087945
resnet18,1.0,43,temperature,1.0,nih,cardiomegaly,21329,497,20832,0.023301608139153267,0.8849194919903445,0.2312394980069876,0.02003778349388799,0.08199332724498896,0.00481850600242414,0.004157191944112364,0.8853118712273642,0.6853878648233487,0.06291106662853875,0.9960237181723055,0.11747430249632893,0.012412694518306927,440.0,14278.0,6554.0,57.0,False,0.022759736702063146,0.11959510972411269,-0.40535724732771883,0.8740706004998907,-0.097201637172798
resnet18,1.0,43,temperature,1.0,nih,pleural_effusion,21329,2536,18793,0.11889915139012612,0.8733990657975375,0.49625207828712065,0.07746654454347694,0.25599592285081846,0.012929044128914699,0.013079629784927337,0.9238958990536278,0.6112382269994147,0.24282309047569697,0.9834760273972603,0.38457119409109564,0.05487353014779179,2343.0,11487.0,7306.0,193.0,False,0.10479318686123498,0.2607673565070927,-0.14991627624333034,0.9912426744347078,-0.1404354327378513
resnet18,1.0,43,temperature,1.0,vinbig,cardiomegaly,14998,1817,13181,0.12114948659821309,0.8728719358349941,0.5139386672120124,0.09497194738882353,0.3344918400528609,0.08329201310514128,0.08336167815939494,0.9124931205283434,0.6379637356801456,0.2578538102643857,0.9814425770308123,0.40208560688735295,0.012412694518306927,1658.0,8409.0,4772.0,159.0,False,0.11584294874158528,0.18016635090426947,1.4435159344203354,0.9388426492672851,1.6188802246244747
resnet18,1.0,43,temperature,1.0,vinbig,pleural_effusion,14998,634,14364,0.04227230297372983,0.893839598119027,0.5171063366474837,0.03198962835949028,0.13452827973610498,0.04883230419138384,0.042695915724171085,0.9132492113564669,0.5967000835421888,0.0908662900188324,0.9936239276605611,0.1652868969454753,0.05487353014779179,579.0,8571.0,5793.0,55.0,False,0.04553419164022411,0.297459179417359,-0.13749255781024108,1.5357261420532928,-0.8628026830041917
resnet18,1.0,43,logistic,1.0,chexpert,cardiomegaly,19255,2034,17221,0.10563490002596729,0.7777690988860927,0.3345176680223425,0.09384886238026438,0.386252647811443,0.08241123009204944,0.08241123009204943,0.7345132743362832,0.6791707798617966,0.21285083345205869,0.9558679306963059,0.33005633491660225,0.013351235886887563,1494.0,11696.0,5525.0,540.0,False,0.1010838392508862,0.07157402136918134,0.8659632113050392,0.710155234538493,1.897604815550804
resnet18,1.0,43,logistic,1.0,chexpert,pleural_effusion,18933,5642,13291,0.2979982041937358,0.8522181374997129,0.7150208720858318,0.18026542524261704,0.5324186858054787,0.15426491301561693,0.15426491301561696,0.9498404820985467,0.4629448498984275,0.4288229175002001,0.9560285891858297,0.5908815259937152,0.05572830278924519,5359.0,6153.0,7138.0,283.0,False,0.24329855584761897,0.25907729039082494,1.8322994912942128,1.4068295255554617,1.139163366542362
resnet18,1.0,43,logistic,1.0,nih,cardiomegaly,21329,497,20832,0.023301608139153267,0.8849194919903445,0.2312394980069876,0.019925024924600427,0.0815910715879453,0.0026623429547491546,0.0021668745285082433,0.8853118712273642,0.6853878648233487,0.06291106662853875,0.9960237181723055,0.11747430249632893,0.013351235886887563,440.0,14278.0,6554.0,57.0,False,0.022759736702063146,0.12454940997651154,-0.1677248500476316,0.9442748690771118,-0.024418376436959554
resnet18,1.0,43,logistic,1.0,nih,pleural_effusion,21329,2536,18793,0.11889915139012612,0.8733990657975375,0.49625207828712065,0.07731665218234823,0.25549807696693766,0.009000601011790175,0.009782312162694746,0.9238958990536278,0.6112382269994147,0.24282309047569697,0.9834760273972603,0.38457119409109564,0.05572830278924519,2343.0,11487.0,7306.0,193.0,False,0.10479318686123498,0.2621977201177269,0.04616297278427792,1.0662871146500132,-0.03446236226169551
resnet18,1.0,43,logistic,1.0,vinbig,cardiomegaly,14998,1817,13181,0.12114948659821309,0.8728719358349941,0.5139386672120124,0.09688118012862598,0.33940704353638856,0.08593997618035183,0.08603851942129047,0.9124931205283434,0.6379637356801456,0.2578538102643857,0.9814425770308123,0.40208560688735295,0.013351235886887563,1658.0,8409.0,4772.0,159.0,False,0.11584294874158528,0.16368513421786202,1.6988912203157045,1.0143107423330322,1.6568841428749763
resnet18,1.0,43,logistic,1.0,vinbig,pleural_effusion,14998,634,14364,0.04227230297372983,0.893839598119027,0.5171063366474837,0.031633423954252254,0.13373493602328132,0.04753696469909681,0.03921935181816389,0.9132492113564669,0.5967000835421888,0.0908662900188324,0.9936239276605611,0.1652868969454753,0.05572830278924519,579.0,8571.0,5793.0,55.0,False,0.04553419164022411,0.3052819691146589,0.166150451512422,1.6518716920483723,-0.7916811987204697
resnet18,1.0,101,temperature,0.1,chexpert,cardiomegaly,19255,2034,17221,0.10563490002596729,0.7626736085238593,0.3174632207599915,0.09024856241007327,0.34796708394682846,0.0670314213592492,0.0670314213592492,0.9287118977384464,0.33221067301550433,0.1410859660915677,0.9752812819638595,0.24495882772482655,0.005686019521831138,1889.0,5721.0,11500.0,145.0,False,0.1010838392508862,0.10719099038096669,0.2544611146122317,0.6571293727030819,1.2534944271488717
resnet18,1.0,101,temperature,0.1,chexpert,pleural_effusion,18933,5642,13291,0.2979982041937358,0.8457281170267886,0.6990461667727689,0.17908526262785418,0.5334307149607342,0.15219519472677104,0.15219519472677104,0.9179369018078696,0.5350989391317433,0.4559781651699243,0.9388778877887789,0.6092941176470589,0.06453915958197563,5179.0,7112.0,6179.0,463.0,False,0.24329855584761897,0.26392796700356247,1.5318021650229168,1.2241634859790131,1.1533714371972692
resnet18,1.0,101,temperature,0.1,nih,cardiomegaly,21329,497,20832,0.023301608139153267,0.8815730886857241,0.215444638797497,0.020340048010270312,0.08355038181068473,0.005976035826729509,0.006610427740117141,0.9758551307847082,0.4851670506912442,0.043264942016057094,0.9988141120664097,0.0828564106944563,0.005686019521831138,485.0,10107.0,10725.0,12.0,False,0.022759736702063146,0.10631444130781587,-0.2636618401990127,0.9981892392061253,-0.2593803128679951
resnet18,1.0,101,temperature,0.1,nih,pleural_effusion,21329,2536,18793,0.11889915139012612,0.8685043184244888,0.4922992803692905,0.07787582885597523,0.25840489450265247,0.0071477249279642595,0.006242965905504,0.8915615141955836,0.6616293300697068,0.2622969837587007,0.9783617908568731,0.4053424166367874,0.06453915958197563,2261.0,12434.0,6359.0,275.0,False,0.10479318686123498,0.2568617179369034,0.02679286202183297,0.9946717636316346,0.033652521288571546
resnet18,1.0,101,temperature,0.1,vinbig,cardiomegaly,14998,1817,13181,0.12114948659821309,0.8485722285755373,0.4474382693930963,0.10107399123775469,0.36839842525603045,0.08915990011543751,0.08915990011543751,0.9620253164556962,0.47204309232986874,0.20075801079591132,0.989031950405341,0.3321930824781452,0.005686019521831138,1748.0,6222.0,6959.0,69.0,False,0.11584294874158528,0.12749120826314764,1.42456809902786,0.8930482332403671,1.7562916278863618
resnet18,1.0,101,temperature,0.1,vinbig,pleural_effusion,14998,634,14364,0.04227230297372983,0.9007462684928234,0.5601613758231535,0.028829091460682365,0.12034742535431385,0.03333503034966151,0.028956125662491387,0.8659305993690851,0.7407407407407407,0.1284811607769717,0.992074592074592,0.22376197269207254,0.06453915958197563,549.0,10640.0,3724.0,85.0,False,0.04553419164022411,0.36686936953954297,0.5555100084666768,1.6312003482505206,-0.5220346780691729
resnet18,1.0,101,logistic,0.1,chexpert,cardiomegaly,19255,2034,17221,0.10563490002596729,0.7626736085238593,0.3174632207599915,0.09429867875239047,0.3560367997630977,0.07536402790770737,0.07536402790770735,0.9287118977384464,0.33221067301550433,0.1410859660915677,0.9752812819638595,0.24495882772482655,0.009543048004000056,1889.0,5721.0,11500.0,145.0,False,0.1010838392508862,0.06712408777485412,1.263530989306535,0.9483115564280654,1.4281431532852764
resnet18,1.0,101,logistic,0.1,chexpert,pleural_effusion,18933,5642,13291,0.2979982041937358,0.8457281170267886,0.6990461667727689,0.18097157197491864,0.5377120674643877,0.15500748499912143,0.15500748499912145,0.9179369018078696,0.5350989391317433,0.4559781651699243,0.9388778877887789,0.6092941176470589,0.06481171222257456,5179.0,7112.0,6179.0,463.0,False,0.24329855584761897,0.25617490270569676,1.6045671996177853,1.2534738888512913,1.1710495004520274
resnet18,1.0,101,logistic,0.1,nih,cardiomegaly,21329,497,20832,0.023301608139153267,0.8815730886857241,0.215444638797497,0.020602946382469275,0.08469342528137558,0.006639796496186408,0.007450610004626019,0.9758551307847082,0.4851670506912442,0.043264942016057094,0.9988141120664097,0.0828564106944563,0.009543048004000056,485.0,10107.0,10725.0,12.0,False,0.022759736702063146,0.09476341259248222,1.2702914002041015,1.4408389970140574,0.004623516783014332
resnet18,1.0,101,logistic,0.1,nih,pleural_effusion,21329,2536,18793,0.11889915139012612,0.8685043184244888,0.4922992803692905,0.07796276188703626,0.2585281222581977,0.008157440616479212,0.006483295385360228,0.8915615141955836,0.6616293300697068,0.2622969837587007,0.9783617908568731,0.4053424166367874,0.06481171222257456,2261.0,12434.0,6359.0,275.0,False,0.10479318686123498,0.2560321503508337,0.08605897769284893,1.0185675187823007,0.061443121772493475
resnet18,1.0,101,logistic,0.1,vinbig,cardiomegaly,14998,1817,13181,0.12114948659821309,0.8485722285755373,0.4474382693930963,0.10685227872999876,0.3862894872798121,0.09582925786343378,0.09582925786343378,0.9620253164556962,0.47204309232986874,0.20075801079591132,0.989031950405341,0.3321930824781452,0.009543048004000056,1748.0,6222.0,6959.0,69.0,False,0.11584294874158528,0.07761085253140698,2.796724228813335,1.288986238899253,1.8402263930030247
resnet18,1.0,101,logistic,0.1,vinbig,pleural_effusion,14998,634,14364,0.04227230297372983,0.9007462684928234,0.5601613758231535,0.028949836094593104,0.12076125240746921,0.033567761263576766,0.029736809208522116,0.8659305993690851,0.7407407407407407,0.1284811607769717,0.992074592074592,0.22376197269207254,0.06481171222257456,549.0,10640.0,3724.0,85.0,False,0.04553419164022411,0.36421763400715956,0.6526415044448219,1.6703386329993433,-0.5097628962203402
resnet18,1.0,101,temperature,0.25,chexpert,cardiomegaly,19255,2034,17221,0.10563490002596729,0.7626736085238593,0.3174632207599915,0.09088753546280011,0.3566334171489874,0.0700680833586083,0.07006808335860829,0.7954768928220256,0.5646594274432379,0.1775095995611629,0.958974358974359,0.29025024665889315,0.015072793988591439,1618.0,9724.0,7497.0,416.0,False,0.1010838392508862,0.10086977170286593,0.25406254104796383,0.6323243898042247,1.3614586351286369
resnet18,1.0,101,temperature,0.25,chexpert,pleural_effusion,18933,5642,13291,0.2979982041937358,0.8457281170267886,0.6990461667727689,0.1768969511208993,0.5245015741782221,0.14554268446747207,0.14554268446747207,0.9427507975895073,0.46776013843954556,0.42919389978213507,0.9506116207951071,0.5898530634876629,0.05781386553881454,5319.0,6217.0,7074.0,323.0,False,0.24329855584761897,0.27292231347360674,1.5316703690263491,1.2841638465937428,1.0724029727234061
resnet18,1.0,101,temperature,0.25,nih,cardiomegaly,21329,497,20832,0.023301608139153267,0.8815730886857241,0.215444638797497,0.02027799771505225,0.0831411454491206,0.003922316352502906,0.005476276575760787,0.9014084507042254,0.678139400921659,0.06263106388927722,0.996543453724605,0.11712418300653595,0.015072793988591439,448.0,14127.0,6705.0,49.0,False,0.022759736702063146,0.1090407599832176,-0.2635513404650586,0.9607168198266252,-0.16731226246025183
resnet18,1.0,101,temperature,0.25,nih,pleural_effusion,21329,2536,18793,0.11889915139012612,0.8685043184244888,0.4922992803692905,0.07794609463566275,0.25849921329015885,0.008627093342245751,0.008430726933919807,0.916403785488959,0.6165593572074709,0.24386149003147953,0.982032375625053,0.38521465274324546,0.05781386553881454,2324.0,11587.0,7206.0,212.0,False,0.10479318686123498,0.2561911993488909,0.026822009909645384,1.0434855429297285,-0.0274262309215567
resnet18,1.0,101,temperature,0.25,vinbig,cardiomegaly,14998,1817,13181,0.12114948659821309,0.8485722285755373,0.4474382693930963,0.10197938818178777,0.3787688245171186,0.09160592642158207,0.09160592642158207,0.8359933957072097,0.7048782338214096,0.2808282492142725,0.9689227239545313,0.42042623858289513,0.015072793988591439,1519.0,9291.0,3890.0,298.0,False,0.11584294874158528,0.11967548055707233,1.4245831461606124,0.8594767369936762,1.8753406869732485
resnet18,1.0,101,temperature,0.25,vinbig,pleural_effusion,14998,634,14364,0.04227230297372983,0.9007462684928234,0.5601613758231535,0.029331947311409184,0.12412253094786656,0.03859187157670588,0.03361499478608748,0.8990536277602523,0.669660261765525,0.10724365004703669,0.9933904781575957,0.19162884518406456,0.05781386553881454,570.0,9619.0,4745.0,64.0,False,0.04553419164022411,0.3558258913836113,0.5555258343034143,1.7112296762892956,-0.6141403859643294
resnet18,1.0,101,logistic,0.25,chexpert,cardiomegaly,19255,2034,17221,0.10563490002596729,0.7626736085238593,0.3174632207599915,0.0902613271558814,0.35885160147808887,0.06871958705709012,0.06871958705709012,0.7954768928220256,0.5646594274432379,0.1775095995611629,0.958974358974359,0.29025024665889315,0.01372248537592021,1618.0,9724.0,7497.0,416.0,False,0.1010838392508862,0.10706471158207342,0.1142209297039569,0.5855262642966178,1.349122696520301
resnet18,1.0,101,logistic,0.25,chexpert,pleural_effusion,18933,5642,13291,0.2979982041937358,0.8457281170267886,0.6990461667727689,0.18046741401551017,0.5326633086683525,0.150930239008183,0.150930239008183,0.9427507975895073,0.46776013843954556,0.42919389978213507,0.9506116207951071,0.5898530634876629,0.05868171507871833,5319.0,6217.0,7074.0,323.0,False,0.24329855584761897,0.2582470808888021,1.6765867364987295,1.3437311675534869,1.1063715317417513
resnet18,1.0,101,logistic,0.25,nih,cardiomegaly,21329,497,20832,0.023301608139153267,0.8815730886857241,0.215444638797497,0.02040692955034412,0.08355979560214881,0.004685571391512421,0.007072507779875728,0.9014084507042254,0.678139400921659,0.06263106388927722,0.996543453724605,0.11712418300653595,0.01372248537592021,448.0,14127.0,6705.0,49.0,False,0.022759736702063146,0.10337585107062086,-0.47605683797058046,0.8895627318803734,-0.2161039157730038
resnet18,1.0,101,logistic,0.25,nih,pleural_effusion,21329,2536,18793,0.11889915139012612,0.8685043184244888,0.4922992803692905,0.07812075119693301,0.2588401072847463,0.009740722134895442,0.008506809045923892,0.916403785488959,0.6165593572074709,0.24386149003147953,0.982032375625053,0.38521465274324546,0.05868171507871833,2324.0,11587.0,7206.0,212.0,False,0.10479318686123498,0.25452452075554366,0.14447650634604844,1.0918157859927424,0.02344966400652726
resnet18,1.0,101,logistic,0.25,vinbig,cardiomegaly,14998,1817,13181,0.12114948659821309,0.8485722285755373,0.4474382693930963,0.10100296096910716,0.37941069100363856,0.09043171083705433,0.09043171083705433,0.8359933957072097,0.7048782338214096,0.2808282492142725,0.9689227239545313,0.42042623858289513,0.01372248537592021,1519.0,9291.0,3890.0,298.0,False,0.11584294874158528,0.12810436831664374,1.234566350460829,0.7958835412655728,1.8863671999720275
resnet18,1.0,101,logistic,0.25,vinbig,pleural_effusion,14998,634,14364,0.04227230297372983,0.9007462684928234,0.5601613758231535,0.02954517704312455,0.12490419615993434,0.03927089675657655,0.03506494427645685,0.8990536277602523,0.669660261765525,0.10724365004703669,0.9933904781575957,0.19162884518406456,0.05868171507871833,570.0,9619.0,4745.0,64.0,False,0.04553419164022411,0.35114304264874974,0.7484494132413679,1.7904691328081181,-0.5914405326240674
resnet18,1.0,101,temperature,0.5,chexpert,cardiomegaly,19255,2034,17221,0.10563490002596729,0.7626736085238593,0.3174632207599915,0.09085840541237455,0.35622446216487147,0.06993425861476989,0.06993425861476989,0.8569321533923304,0.47488531444167004,0.16159836825514556,0.9656393907190932,0.2719188767550702,0.010079131987916717,1743.0,8178.0,9043.0,291.0,False,0.1010838392508862,0.10115794883030227,0.25405972873849136,0.6334264897415709,1.3564801366430186
resnet18,1.0,101,temperature,0.5,chexpert,pleural_effusion,18933,5642,13291,0.2979982041937358,0.8457281170267886,0.6990461667727689,0.17660614081891854,0.5233606879914235,0.14461472230570008,0.14461472230570008,0.9581708613966679,0.4165976976901663,0.410790273556231,0.959120041572839,0.5750452079566004,0.04903708874759492,5406.0,5537.0,7754.0,236.0,False,0.24329855584761897,0.2741175951347231,1.5318996333704102,1.2927413892495647,1.061535799637869
resnet18,1.0,101,temperature,0.5,nih,cardiomegaly,21329,497,20832,0.023301608139153267,0.8815730886857241,0.215444638797497,0.02028030847057482,0.08315420870644588,0.003981055279056018,0.005526835887121524,0.9456740442655935,0.607286866359447,0.054328979308750434,0.997870326549929,0.10275470048097946,0.010079131987916717,470.0,12651.0,8181.0,27.0,False,0.022759736702063146,0.10893923176464382,-0.26354950137031175,0.9623933565364013,-0.171536417483036
resnet18,1.0,101,temperature,0.5,nih,pleural_effusion,21329,2536,18793,0.11889915139012612,0.8685043184244888,0.4922992803692905,0.07796169880154574,0.25855670353499566,0.00930532803909533,0.009010981681414763,0.930205047318612,0.5806949396051722,0.23039359312432856,0.9840396753832281,0.3693150684931507,0.04903708874759492,2359.0,10913.0,7880.0,177.0,False,0.10479318686123498,0.2560422949558634,0.026858544668447275,1.0503789535436625,-0.0357278907004649
resnet18,1.0,101,temperature,0.5,vinbig,cardiomegaly,14998,1817,13181,0.12114948659821309,0.8485722285755373,0.4474382693930963,0.10193853320732028,0.3782821612205426,0.09149841930425384,0.09149841930425383,0.8970831040176115,0.6262043850997648,0.24858929388439835,0.977846226750385,0.38930021495103895,0.010079131987916717,1630.0,8254.0,4927.0,187.0,False,0.11584294874158528,0.12002815609676887,1.42458527829005,0.8609762414777645,1.8698499164646736
resnet18,1.0,101,temperature,0.5,vinbig,pleural_effusion,14998,634,14364,0.04227230297372983,0.9007462684928234,0.5601613758231535,0.029408747750993922,0.12468258659801545,0.039448040026266534,0.03428450222165887,0.9148264984227129,0.6049846839320524,0.0927406459865686,0.9938243366880146,0.16840882694541232,0.04903708874759492,580.0,8690.0,5674.0,54.0,False,0.04553419164022411,0.3541392370955204,0.5555297290512644,1.7225086904308462,-0.6266004552611948
resnet18,1.0,101,logistic,0.5,chexpert,cardiomegaly,19255,2034,17221,0.10563490002596729,0.7626736085238593,0.3174632207599915,0.09088436771258308,0.35616905479638683,0.06998837534002317,0.06998837534002318,0.8569321533923304,0.47488531444167004,0.16159836825514556,0.9656393907190932,0.2719188767550702,0.010123162931128842,1743.0,8178.0,9043.0,291.0,False,0.1010838392508862,0.10090110955311482,0.2601493321028406,0.6353824274615854,1.3571249231313554
resnet18,1.0,101,logistic,0.5,chexpert,pleural_effusion,18933,5642,13291,0.2979982041937358,0.8457281170267886,0.6990461667727689,0.18047359881759403,0.5323069506402357,0.15055931920477408,0.15055931920477403,0.9581708613966679,0.4165976976901663,0.410790273556231,0.959120041572839,0.5750452079566004,0.05004506941762385,5406.0,5537.0,7754.0,236.0,False,0.24329855584761897,0.25822166026079096,1.6868925125390781,1.3547566280529248,1.1000703624040487
resnet18,1.0,101,logistic,0.5,nih,cardiomegaly,21329,497,20832,0.023301608139153267,0.8815730886857241,0.215444638797497,0.020277071004459954,0.08314357730603335,0.0038669931549195047,0.0054660824518583985,0.9456740442655935,0.607286866359447,0.054328979308750434,0.997870326549929,0.10275470048097946,0.010123162931128842,470.0,12651.0,8181.0,27.0,False,0.022759736702063146,0.10908147708835936,-0.2548904681529022,0.9652066954324616,-0.1696341069102325
resnet18,1.0,101,logistic,0.5,nih,pleural_effusion,21329,2536,18793,0.11889915139012612,0.8685043184244888,0.4922992803692905,0.07814696145265586,0.25892207279343676,0.010318859682008952,0.009031212260424866,0.930205047318612,0.5806949396051722,0.23039359312432856,0.9840396753832281,0.3693150684931507,0.05004506941762385,2359.0,10913.0,7880.0,177.0,False,0.10479318686123498,0.2542744066354573,0.153019977710238,1.1008633914274852,0.02003515454982482
resnet18,1.0,101,logistic,0.5,vinbig,cardiomegaly,14998,1817,13181,0.12114948659821309,0.8485722285755373,0.4474382693930963,0.10197798289663366,0.37829024030251873,0.09154471310358005,0.09154471310358,0.8970831040176115,0.6262043850997648,0.24858929388439835,0.977846226750385,0.38930021495103895,0.010123162931128842,1630.0,8254.0,4927.0,187.0,False,0.11584294874158528,0.11968761150823826,1.4323394370514309,0.8634955204457773,1.8696378866117702
resnet18,1.0,101,logistic,0.5,vinbig,pleural_effusion,14998,634,14364,0.04227230297372983,0.9007462684928234,0.5601613758231535,0.029618282905910124,0.12539744553800888,0.03986128410429443,0.035685218398110216,0.9148264984227129,0.6049846839320524,0.0927406459865686,0.9938243366880146,0.16840882694541232,0.05004506941762385,580.0,8690.0,5674.0,54.0,False,0.04553419164022411,0.3495375268780252,0.7624064525517816,1.8052801595228758,-0.5998625717532167
resnet18,1.0,101,temperature,1.0,chexpert,cardiomegaly,19255,2034,17221,0.10563490002596729,0.7626736085238593,0.3174632207599915,0.09153768951124656,0.3661284892602415,0.072949991290853,0.07294999129085301,0.8574237954768928,0.4743046280703792,0.1615263499120126,0.9657129344998817,0.27184163354376123,0.008317723356279153,1744.0,8168.0,9053.0,290.0,False,0.1010838392508862,0.09443794191420107,0.25403239639390124,0.6082069119128718,1.474284751774526
resnet18,1.0,101,temperature,1.0,chexpert,pleural_effusion,18933,5642,13291,0.2979982041937358,0.8457281170267886,0.6990461667727689,0.1771994316760473,0.5256996642953384,0.14649628497264408,0.1464962849726441,0.9441687344913151,0.4646753442178918,0.4281466002250442,0.951471267909413,0.5891395708913957,0.05597742864791057,5327.0,6176.0,7115.0,315.0,False,0.24329855584761897,0.27167906501249606,1.5317998072609307,1.2755278569315434,1.083675212925907
resnet18,1.0,101,temperature,1.0,nih,cardiomegaly,21329,497,20832,0.023301608139153267,0.8815730886857241,0.215444638797497,0.02023810409324664,0.0829851008482884,0.00346967430814242,0.00439086099673443,0.9456740442655935,0.6069988479262672,0.054291324939355436,0.9978693181818182,0.10268734979244046,0.008317723356279153,470.0,12645.0,8187.0,27.0,False,0.022759736702063146,0.11079357559474423,-0.26554053088411156,0.9234710539425439,-0.07213759072691503
resnet18,1.0,101,temperature,1.0,nih,pleural_effusion,21329,2536,18793,0.11889915139012612,0.8685043184244888,0.4922992803692905,0.07793153732047647,0.2584511200406292,0.007977018428930076,0.00788534536938191,0.917192429022082,0.6136859468951206,0.2426455247235552,0.9821170058758409,0.38376505527140736,0.05597742864791057,2326.0,11533.0,7260.0,210.0,False,0.10479318686123498,0.256330114059115,0.026841832020940197,1.03644284749737,-0.01884163094989028
resnet18,1.0,101,temperature,1.0,vinbig,cardiomegaly,14998,1817,13181,0.12114948659821309,0.8485722285755373,0.4474382693930963,0.10288170404904218,0.3900029485680211,0.09391479886068907,0.0939147988606891,0.8970831040176115,0.625976784765951,0.24847560975609756,0.977838350319981,0.3891607974215113,0.008317723356279153,1630.0,8251.0,4930.0,187.0,False,0.11584294874158528,0.11188634986714796,1.4245694644783429,0.8266993390750867,1.9997896731132445
resnet18,1.0,101,temperature,1.0,vinbig,pleural_effusion,14998,634,14364,0.04227230297372983,0.9007462684928234,0.5601613758231535,0.02925474194659729,0.12355536807516779,0.0378071661076548,0.0329319284138503,0.9006309148264984,0.6650654413812308,0.10609438870308435,0.9934484193011647,0.18982712765957446,0.05597742864791057,571.0,9553.0,4811.0,63.0,False,0.04553419164022411,0.3575214384446399,0.5555210057926869,1.6996698043151803,-0.6012405115499393
resnet18,1.0,101,logistic,1.0,chexpert,cardiomegaly,19255,2034,17221,0.10563490002596729,0.7626736085238593,0.3174632207599915,0.09231775110910946,0.3651309074772282,0.07449453535801974,0.07449453535801975,0.8574237954768928,0.4743046280703792,0.1615263499120126,0.9657129344998817,0.27184163354376123,0.0093375126037653,1744.0,8168.0,9053.0,290.0,False,0.1010838392508862,0.08672096555434194,0.4198651204355784,0.6589697290810606,1.4968883583148318
resnet18,1.0,101,logistic,1.0,chexpert,pleural_effusion,18933,5642,13291,0.2979982041937358,0.8457281170267886,0.6990461667727689,0.17566299970485805,0.5222060797026807,0.14405352835423985,0.14405352835423985,0.9441687344913151,0.4646753442178918,0.4281466002250442,0.951471267909413,0.5891395708913957,0.05563904740406413,5327.0,6176.0,7115.0,315.0,False,0.24329855584761897,0.2779940715518342,1.472443350913576,1.251678079130117,1.0680124074549497
resnet18,1.0,101,logistic,1.0,nih,cardiomegaly,21329,497,20832,0.023301608139153267,0.8815730886857241,0.215444638797497,0.020213745689740853,0.08282030865278918,0.0019605701421266533,0.002813573037598857,0.9456740442655935,0.6069988479262672,0.054291324939355436,0.9978693181818182,0.10268734979244046,0.0093375126037653,470.0,12645.0,8187.0,27.0,False,0.022759736702063146,0.11186381660080902,-0.011671403202133043,1.0012098953143995,-0.014817406750336975
resnet18,1.0,101,logistic,1.0,nih,pleural_effusion,21329,2536,18793,0.11889915139012612,0.8685043184244888,0.4922992803692905,0.07791528551515277,0.2584475639870934,0.008408675922620984,0.008353252030977214,0.917192429022082,0.6136859468951206,0.2426455247235552,0.9821170058758409,0.38376505527140736,0.05563904740406413,2326.0,11533.0,7260.0,210.0,False,0.10479318686123498,0.2564851986195762,-0.021424110425750466,1.017046545838288,-0.04219464924082981
resnet18,1.0,101,logistic,1.0,vinbig,cardiomegaly,14998,1817,13181,0.12114948659821309,0.8485722285755373,0.4474382693930963,0.10402670340219955,0.3908248709902177,0.09524621664491202,0.09524621664491202,0.8970831040176115,0.625976784765951,0.24847560975609756,0.977838350319981,0.3891607974215113,0.0093375126037653,1630.0,8251.0,4930.0,187.0,False,0.11584294874158528,0.10200228384849408,1.649972123796832,0.8957091883179619,1.9988385551534786
resnet18,1.0,101,logistic,1.0,vinbig,pleural_effusion,14998,634,14364,0.04227230297372983,0.9007462684928234,0.5601613758231535,0.029183033286400373,0.12329226740770413,0.03797507365720471,0.032343764109953994,0.9006309148264984,0.6650654413812308,0.10609438870308435,0.9934484193011647,0.18982712765957446,0.05563904740406413,571.0,9553.0,4811.0,63.0,False,0.04553419164022411,0.3590962695246227,0.47658477823470735,1.6679454126857067,-0.6124660691131565
densenet121,1.0,17,temperature,0.1,chexpert,cardiomegaly,19255,2034,17221,0.10563490002596729,0.8057521724208005,0.3857181967516913,0.08773213832079703,0.3439828060282849,0.07124286025300991,0.07124286025300991,0.6386430678466076,0.8148191161953429,0.2894385026737968,0.9502268571815534,0.3983440662373505,0.03734903587159004,1299.0,14032.0,3189.0,735.0,False,0.1010838392508862,0.13208541572061538,0.4970744272325216,0.672613909370485,1.4815733582502633
densenet121,1.0,17,temperature,0.1,chexpert,pleural_effusion,18933,5642,13291,0.2979982041937358,0.8677404045686246,0.7454412123653021,0.15247710667130215,0.463233428425139,0.11153935365513015,0.11153935365513015,0.9610067352002836,0.42359491385147846,0.4144309409156921,0.9623931623931624,0.5791188251001335,0.0478078748198681,5422.0,5630.0,7661.0,220.0,False,0.24329855584761897,0.3732921835886255,1.1244668014289998,1.2348689970925202,0.8240864089503178
densenet121,1.0,17,temperature,0.1,nih,cardiomegaly,21329,497,20832,0.023301608139153267,0.895102324778162,0.2244657451620313,0.020067998438679614,0.08118187174673423,0.005189751493157672,0.004893596265835087,0.6841046277665996,0.8864247311827957,0.12564671101256467,0.9915695645169951,0.21230096784264751,0.03734903587159004,340.0,18466.0,2366.0,157.0,False,0.022759736702063146,0.11826754846155707,-0.28057490107287314,0.8340594074911906,0.14929370083616925
densenet121,1.0,17,temperature,0.1,nih,pleural_effusion,21329,2536,18793,0.11889915139012612,0.8845864483067308,0.5229094201048066,0.07489202898453301,0.24773061936403057,0.013089841942190237,0.013782408592458906,0.9373028391167192,0.6127281434576705,0.24619368203003625,0.9863799897207469,0.3899598064145681,0.0478078748198681,2377.0,11515.0,7278.0,159.0,False,0.10479318686123498,0.28533494182495356,-0.1715915428982335,0.968644115348698,-0.14054449448658385
densenet121,1.0,17,temperature,0.1,vinbig,cardiomegaly,14998,1817,13181,0.12114948659821309,0.8510567089760003,0.436391824081198,0.10403848951124849,0.39898614553394257,0.09565915037175518,0.09567141188125057,0.5520088057237205,0.8726196798421971,0.37397464578672635,0.9339071126989282,0.4458768615247833,0.03734903587159004,1003.0,11502.0,1679.0,814.0,False,0.11584294874158528,0.10190054171246443,1.3070169823843047,0.7621985463772125,2.1044097534128894
densenet121,1.0,17,temperature,0.1,vinbig,pleural_effusion,14998,634,14364,0.04227230297372983,0.9205358735078144,0.6693984059257502,0.028762816677305278,0.12869068316615564,0.060527752617308424,0.05172889090911132,0.9495268138801262,0.5098858256752994,0.07877518974090553,0.9956498096791735,0.14548090865152247,0.0478078748198681,602.0,7324.0,7040.0,32.0,False,0.04553419164022411,0.3683248644322763,0.13407456658597477,1.9412968851944568,-0.9643392054634913
densenet121,1.0,17,logistic,0.1,chexpert,cardiomegaly,19255,2034,17221,0.10563490002596729,0.8057521724208005,0.3857181967516913,0.08770764750053327,0.34401325574576397,0.07120076861861614,0.07120076861861613,0.6386430678466076,0.8148191161953429,0.2894385026737968,0.9502268571815534,0.3983440662373505,0.03733531384767095,1299.0,14032.0,3189.0,735.0,False,0.1010838392508862,0.13232769797310262,0.4930189776261982,0.6712871934107109,1.481199277555678
densenet121,1.0,17,logistic,0.1,chexpert,pleural_effusion,18933,5642,13291,0.2979982041937358,0.8677404045686246,0.7454412123653021,0.14975624500456053,0.45743640824158166,0.10569398740081126,0.10569398740081126,0.9610067352002836,0.42359491385147846,0.4144309409156921,0.9623931623931624,0.5791188251001335,0.0474525126962248,5422.0,5630.0,7661.0,220.0,False,0.24329855584761897,0.38447540519576784,1.0316899928600523,1.2007148522618927,0.7842263048715856
densenet121,1.0,17,logistic,0.1,nih,cardiomegaly,21329,497,20832,0.023301608139153267,0.895102324778162,0.2244657451620313,0.02007003568164217,0.08119415411659105,0.0050863251736030035,0.004932038361940456,0.6841046277665996,0.8864247311827957,0.12564671101256467,0.9915695645169951,0.21230096784264751,0.03733531384767095,340.0,18466.0,2366.0,157.0,False,0.022759736702063146,0.1181780376298096,-0.2855395249293035,0.8324315481544965,0.14812338811064066
densenet121,1.0,17,logistic,0.1,nih,pleural_effusion,21329,2536,18793,0.11889915139012612,0.8845864483067308,0.5229094201048066,0.07517404878248207,0.24851146937954066,0.016697563105821427,0.017886230048691134,0.9373028391167192,0.6127281434576705,0.24619368203003625,0.9863799897207469,0.3899598064145681,0.0474525126962248,2377.0,11515.0,7278.0,159.0,False,0.10479318686123498,0.2826437382610949,-0.2443474484919137,0.9418630586310021,-0.1903719327996335
densenet121,1.0,17,logistic,0.1,vinbig,cardiomegaly,14998,1817,13181,0.12114948659821309,0.8510567089760003,0.436391824081198,0.10401670568949138,0.3990275545235165,0.09563327846940108,0.09564538061733209,0.5520088057237205,0.8726196798421971,0.37397464578672635,0.9339071126989282,0.4458768615247833,0.03733531384767095,1003.0,11502.0,1679.0,814.0,False,0.11584294874158528,0.10208858787318242,1.302421962871534,0.7606951024430393,2.1048042914802685
densenet121,1.0,17,logistic,0.1,vinbig,pleural_effusion,14998,634,14364,0.04227230297372983,0.9205358735078144,0.6693984059257502,0.02896671591705973,0.12934676037131534,0.06155716339773366,0.051479533531939875,0.9495268138801262,0.5098858256752994,0.07877518974090553,0.9956498096791735,0.14548090865152247,0.0474525126962248,602.0,7324.0,7040.0,32.0,False,0.04553419164022411,0.36384692747084946,-0.011611609682189482,1.8876284984831282,-1.0003016101545843
densenet121,1.0,17,temperature,0.25,chexpert,cardiomegaly,19255,2034,17221,0.10563490002596729,0.8057521724208005,0.3857181967516913,0.08696170843082822,0.33406027104603925,0.06815949973431733,0.06815949973431734,0.8893805309734514,0.4778468149352535,0.16748449217665032,0.9733853797019163,0.2818854694195559,0.008349387540351338,1809.0,8229.0,8992.0,225.0,False,0.1010838392508862,0.13970710773071637,0.4970781990184374,0.7031571146030203,1.3563430584640626
densenet121,1.0,17,temperature,0.25,chexpert,pleural_effusion,18933,5642,13291,0.2979982041937358,0.8677404045686246,0.7454412123653021,0.15087716580428867,0.4565700647877863,0.10123206769298976,0.10142914649218648,0.9549805033676001,0.45527048378602064,0.4266708900855242,0.9597145122918319,0.5898193760262725,0.06823136626317079,5388.0,6051.0,7240.0,254.0,False,0.24329855584761897,0.3798682228973649,1.1245074978129617,1.3447885549479623,0.7147781825148595
densenet121,1.0,17,temperature,0.25,nih,cardiomegaly,21329,497,20832,0.023301608139153267,0.895102324778162,0.2244657451620313,0.02005764940025488,0.08069614709795883,0.0035065756207152492,0.004305323471476633,0.9275653923541247,0.655481950844854,0.06035611416601205,0.9973705353882112,0.11333743085433313,0.008349387540351338,461.0,13655.0,7177.0,36.0,False,0.022759736702063146,0.11872225664031177,-0.2812238717070291,0.8718009056258388,0.04089138201396008
densenet121,1.0,17,temperature,0.25,nih,pleural_effusion,21329,2536,18793,0.11889915139012612,0.8845864483067308,0.5229094201048066,0.07534341042735952,0.2490875858043293,0.01918151523415508,0.01989050259100042,0.9290220820189274,0.6356622146543925,0.2560034771270238,0.9851558634339436,0.40139705255984326,0.06823136626317079,2356.0,11946.0,6847.0,180.0,False,0.10479318686123498,0.2810275869639527,-0.17157628085502702,1.0548461782028857,-0.22332789150227178
densenet121,1.0,17,temperature,0.25,vinbig,cardiomegaly,14998,1817,13181,0.12114948659821309,0.8510567089760003,0.436391824081198,0.1030394015785292,0.38554688758413846,0.09318654325823403,0.09320521680812331,0.9207484865162355,0.6225627797587436,0.2516546329723225,0.9827544910179641,0.39527466036621384,0.008349387540351338,1673.0,8206.0,4975.0,144.0,False,0.11584294874158528,0.1105250453492631,1.3070171216470974,0.7968068014663428,1.9622909634849606
densenet121,1.0,17,temperature,0.25,vinbig,pleural_effusion,14998,634,14364,0.04227230297372983,0.9205358735078144,0.6693984059257502,0.030778948600435514,0.13906052884717066,0.07160362937930445,0.06205529578478653,0.9369085173501577,0.5515176830966305,0.08442296759522457,0.9949761366490831,0.15488917861799217,0.06823136626317079,594.0,7922.0,6442.0,40.0,False,0.04553419164022411,0.3240475455537476,0.13407270769673624,2.1140378670168185,-1.087281652211056
densenet121,1.0,17,logistic,0.25,chexpert,cardiomegaly,19255,2034,17221,0.10563490002596729,0.8057521724208005,0.3857181967516913,0.08794423141325312,0.33504795633422296,0.07007194115494442,0.0700719411549444,0.8893805309734514,0.4778468149352535,0.16748449217665032,0.9733853797019163,0.2818854694195559,0.009102267771867487,1809.0,8229.0,8992.0,225.0,False,0.1010838392508862,0.1299872258019511,0.6485019149009574,0.7485037781463798,1.3893743100247622
densenet121,1.0,17,logistic,0.25,chexpert,pleural_effusion,18933,5642,13291,0.2979982041937358,0.8677404045686246,0.7454412123653021,0.15471350405444423,0.4648075055508954,0.10939569745979925,0.10967872552354058,0.9549805033676001,0.45527048378602064,0.4266708900855242,0.9597145122918319,0.5898193760262725,0.06793742049790076,5388.0,6051.0,7240.0,254.0,False,0.24329855584761897,0.36410019568162466,1.266144262049427,1.3964751325622653,0.7698356809568395
densenet121,1.0,17,logistic,0.25,nih,cardiomegaly,21329,497,20832,0.023301608139153267,0.895102324778162,0.2244657451620313,0.02001087746700729,0.0804968944770403,0.003525960640732455,0.0030785571817173807,0.9275653923541247,0.655481950844854,0.06035611416601205,0.9973705353882112,0.11333743085433313,0.009102267771867487,461.0,13655.0,7177.0,36.0,False,0.022759736702063146,0.12077728626828421,-0.0929643014968545,0.928139094106715,0.09424794289740301
densenet121,1.0,17,logistic,0.25,nih,pleural_effusion,21329,2536,18793,0.11889915139012612,0.8845864483067308,0.5229094201048066,0.07509822240891553,0.2484035247800019,0.017457346947425803,0.018150493101730922,0.9290220820189274,0.6356622146543925,0.2560034771270238,0.9851558634339436,0.40139705255984326,0.06793742049790076,2356.0,11946.0,6847.0,180.0,False,0.10479318686123498,0.28336731940064885,-0.060487154630762964,1.0954038937802906,-0.1582567914516355
densenet121,1.0,17,logistic,0.25,vinbig,cardiomegaly,14998,1817,13181,0.12114948659821309,0.8510567089760003,0.436391824081198,0.1039635474459479,0.386814322554517,0.09444428950886022,0.09447105924633012,0.9207484865162355,0.6225627797587436,0.2516546329723225,0.9827544910179641,0.39527466036621384,0.009102267771867487,1673.0,8206.0,4975.0,144.0,False,0.11584294874158528,0.10254746986920338,1.4786330528262894,0.8481976281111463,1.972780610187917
densenet121,1.0,17,logistic,0.25,vinbig,pleural_effusion,14998,634,14364,0.04227230297372983,0.9205358735078144,0.6693984059257502,0.030437342802353357,0.1378639100261018,0.07113837858276276,0.06199996622203464,0.9369085173501577,0.5515176830966305,0.08442296759522457,0.9949761366490831,0.15488917861799217,0.06793742049790076,594.0,7922.0,6442.0,40.0,False,0.04553419164022411,0.33154972766738355,0.3567491982848137,2.1953080677155072,-1.039014437697951
densenet121,1.0,17,temperature,0.5,chexpert,cardiomegaly,19255,2034,17221,0.10563490002596729,0.8057521724208005,0.3857181967516913,0.08713254464387217,0.3361910791111772,0.06886484620143918,0.06886484620143918,0.8702064896755162,0.5293536960687533,0.17924050632911392,0.9718550106609808,0.2972541775128054,0.010225969802875483,1770.0,9116.0,8105.0,264.0,False,0.1010838392508862,0.13801706296876448,0.497102349577207,0.6962575129065143,1.3838031038688452
densenet121,1.0,17,temperature,0.5,chexpert,pleural_effusion,18933,5642,13291,0.2979982041937358,0.8677404045686246,0.7454412123653021,0.15211472934895068,0.4616475141824823,0.10943360001525496,0.10943360001525496,0.9509039347749025,0.46994206605973965,0.4323126510878324,0.9575348765905258,0.5943939729669843,0.06113666772319454,5365.0,6246.0,7045.0,277.0,False,0.24329855584761897,0.3747816183330652,1.124464375567059,1.2569985880893197,0.8007755308936311
densenet121,1.0,17,temperature,0.5,nih,cardiomegaly,21329,497,20832,0.023301608139153267,0.895102324778162,0.2244657451620313,0.020058321093112084,0.08077808043383003,0.0038496749995554193,0.004446389534293174,0.9154929577464789,0.6949404761904762,0.06681350954478708,0.9971072387905503,0.12453811413712879,0.010225969802875483,455.0,14477.0,6355.0,42.0,False,0.022759736702063146,0.1186927443104463,-0.2802239070463781,0.8634678208624574,0.06478998513940289
densenet121,1.0,17,temperature,0.5,nih,pleural_effusion,21329,2536,18793,0.11889915139012612,0.8845864483067308,0.5229094201048066,0.07496798153123384,0.24788971853426692,0.013333357167734797,0.014728672976249633,0.9242902208201893,0.6457723620496993,0.2604155093878458,0.9844256975989617,0.4063448036751322,0.06113666772319454,2344.0,12136.0,6657.0,192.0,False,0.10479318686123498,0.2846101566650042,-0.1716422420168945,0.9859717773909854,-0.15786757025409842
densenet121,1.0,17,temperature,0.5,vinbig,cardiomegaly,14998,1817,13181,0.12114948659821309,0.8510567089760003,0.436391824081198,0.10326377509375177,0.3884514870170728,0.09375341183481402,0.09377044557590052,0.8849752339020364,0.6625445717320385,0.2655217965653897,0.9766271527622455,0.4084846945255938,0.010225969802875483,1608.0,8733.0,4448.0,209.0,False,0.11584294874158528,0.1085881685893052,1.3070165390808508,0.7889846818444046,1.993438246738711
densenet121,1.0,17,temperature,0.5,vinbig,pleural_effusion,14998,634,14364,0.04227230297372983,0.9205358735078144,0.6693984059257502,0.029152350188236625,0.13073590284470377,0.06258839963952666,0.05379690347523419,0.9369085173501577,0.5710804789752159,0.08793486306439674,0.995147397792066,0.1607795371498173,0.06113666772319454,594.0,8203.0,6161.0,40.0,False,0.04553419164022411,0.3597701169579137,0.13407439417299874,1.9760858658875768,-0.9902775868769504
densenet121,1.0,17,logistic,0.5,chexpert,cardiomegaly,19255,2034,17221,0.10563490002596729,0.8057521724208005,0.3857181967516913,0.08746217016810455,0.3364232620396145,0.06951724514589844,0.06951724514589844,0.8702064896755162,0.5293536960687533,0.17924050632911392,0.9718550106609808,0.2972541775128054,0.010499066887320377,1770.0,9116.0,8105.0,264.0,False,0.1010838392508862,0.13475615077275793,0.5469814156205676,0.7113078399850079,1.394656047393818
densenet121,1.0,17,logistic,0.5,chexpert,pleural_effusion,18933,5642,13291,0.2979982041937358,0.8677404045686246,0.7454412123653021,0.16214275079175378,0.4834884949971114,0.1285978069916427,0.1285978069916427,0.9509039347749025,0.46994206605973965,0.4323126510878324,0.9575348765905258,0.5943939729669843,0.06093202745947664,5365.0,6246.0,7045.0,277.0,False,0.24329855584761897,0.33356468053470123,1.473003294885952,1.3827909609956037,0.9324402126630925
densenet121,1.0,17,logistic,0.5,nih,cardiomegaly,21329,497,20832,0.023301608139153267,0.895102324778162,0.2244657451620313,0.02003568276194545,0.08068292684739731,0.0038933034566300717,0.004016280204485113,0.9154929577464789,0.6949404761904762,0.06681350954478708,0.9971072387905503,0.12453811413712879,0.010499066887320377,455.0,14477.0,6355.0,42.0,False,0.022759736702063146,0.11968741008637251,-0.218341262317148,0.8821452466608618,0.08324025712274183
densenet121,1.0,17,logistic,0.5,nih,pleural_effusion,21329,2536,18793,0.11889915139012612,0.8845864483067308,0.5229094201048066,0.07490444221416655,0.24729159621419944,0.012490796838633036,0.014072244547446296,0.9242902208201893,0.6457723620496993,0.2604155093878458,0.9844256975989617,0.4063448036751322,0.06093202745947664,2344.0,12136.0,6657.0,192.0,False,0.10479318686123498,0.28521648727647253,0.10199998910580876,1.08475418107239,0.001835354435980077
densenet121,1.0,17,logistic,0.5,vinbig,cardiomegaly,14998,1817,13181,0.12114948659821309,0.8510567089760003,0.436391824081198,0.10357414831010953,0.3887594083534442,0.094181483513355,0.09420084386299352,0.8849752339020364,0.6625445717320385,0.2655217965653897,0.9766271527622455,0.4084846945255938,0.010499066887320377,1608.0,8733.0,4448.0,209.0,False,0.11584294874158528,0.10590890999195968,1.3635392171485181,0.8060384198680187,1.996343777545547
densenet121,1.0,17,logistic,0.5,vinbig,pleural_effusion,14998,634,14364,0.04227230297372983,0.9205358735078144,0.6693984059257502,0.02880280037218132,0.12903145378646652,0.06142546369214319,0.054421472197097365,0.9369085173501577,0.5710804789752159,0.08793486306439674,0.995147397792066,0.1607795371498173,0.06093202745947664,594.0,8203.0,6161.0,40.0,False,0.04553419164022411,0.3674467617706113,0.682013091359913,2.1738265349010875,-0.8746006842180856
densenet121,1.0,17,temperature,1.0,chexpert,cardiomegaly,19255,2034,17221,0.10563490002596729,0.8057521724208005,0.3857181967516913,0.08638596196386646,0.3271551944172201,0.06568309836151592,0.06568309836151592,0.8888888888888888,0.47836943266941523,0.16754702993235104,0.9732986767485823,0.28194931773879145,0.009788197226261942,1808.0,8238.0,8983.0,226.0,False,0.1010838392508862,0.14540283982032154,0.49712219787674194,0.7270501237054002,1.2648675946734607
densenet121,1.0,17,temperature,1.0,chexpert,pleural_effusion,18933,5642,13291,0.2979982041937358,0.8677404045686246,0.7454412123653021,0.15240681821986835,0.46292259977746386,0.11113930883594586,0.11113930883594586,0.9503722084367245,0.4738544879993981,0.4339943342776204,0.9574338704773487,0.5958770906262155,0.05987707228693095,5362.0,6298.0,6993.0,280.0,False,0.24329855584761897,0.3735810815279861,1.1244654357737542,1.2390611575681365,0.8196162978235044
densenet121,1.0,17,temperature,1.0,nih,cardiomegaly,21329,497,20832,0.023301608139153267,0.895102324778162,0.2244657451620313,0.02006299287286324,0.08053061774138374,0.002351151560250288,0.0037818305570963243,0.9275653923541247,0.6560579877112135,0.06045108838185156,0.9973728380646574,0.11350486273544257,0.009788197226261942,461.0,13667.0,7165.0,36.0,False,0.022759736702063146,0.11848747920512837,-0.28110393723677524,0.9014582117304236,-0.03924710614170555
densenet121,1.0,17,temperature,1.0,nih,pleural_effusion,21329,2536,18793,0.11889915139012612,0.8845864483067308,0.5229094201048066,0.07490581028642482,0.2477559221483004,0.013234518890876946,0.013963146100399566,0.9231072555205048,0.6482732932474857,0.2615350240196626,0.9842462433349491,0.4075911900409158,0.05987707228693095,2341.0,12183.0,6610.0,195.0,False,0.10479318686123498,0.2852034323031556,-0.17159937293495228,0.9719272659315191,-0.14385285879980708
densenet121,1.0,17,temperature,1.0,vinbig,cardiomegaly,14998,1817,13181,0.12114948659821309,0.8510567089760003,0.436391824081198,0.10227048172294788,0.37605264689823586,0.09119063705807019,0.09121596553030113,0.9201981287837094,0.623321447538123,0.2519210486665662,0.982657576844875,0.39555240123018687,0.009788197226261942,1672.0,8216.0,4965.0,145.0,False,0.11584294874158528,0.11716265138341697,1.3070218166216405,0.8238732480838482,1.8585955961684135
densenet121,1.0,17,temperature,1.0,vinbig,pleural_effusion,14998,634,14364,0.04227230297372983,0.9205358735078144,0.6693984059257502,0.02883594139920254,0.129076206860052,0.06084671131938141,0.052120049547560575,0.9369085173501577,0.5751183514341409,0.0886964312378677,0.9951813034574147,0.162051561860592,0.05987707228693095,594.0,8261.0,6103.0,40.0,False,0.04553419164022411,0.36671893448681825,0.13407454825548784,1.9478872417507715,-0.9693014184291467
densenet121,1.0,17,logistic,1.0,chexpert,cardiomegaly,19255,2034,17221,0.10563490002596729,0.8057521724208005,0.3857181967516913,0.08678305442295417,0.3275268011027884,0.06649917981291766,0.06649917981291766,0.8888888888888888,0.47836943266941523,0.16754702993235104,0.9732986767485823,0.28194931773879145,0.010133681364820445,1808.0,8238.0,8983.0,226.0,False,0.1010838392508862,0.14147449220283403,0.5589084236710475,0.7460972087610152,1.278432989049416
densenet121,1.0,17,logistic,1.0,chexpert,pleural_effusion,18933,5642,13291,0.2979982041937358,0.8677404045686246,0.7454412123653021,0.16013616990325347,0.479619604898689,0.1259605641956847,0.12596056419568472,0.9503722084367245,0.4738544879993981,0.4339943342776204,0.9574338704773487,0.5958770906262155,0.06005264353602196,5362.0,6298.0,6993.0,280.0,False,0.24329855584761897,0.34181208209246905,1.3901389581335193,1.3370556059083791,0.9206438808945056
densenet121,1.0,17,logistic,1.0,nih,cardiomegaly,21329,497,20832,0.023301608139153267,0.895102324778162,0.2244657451620313,0.020030330345071515,0.0804249583340573,0.002050638313737289,0.0032585414313164945,0.9275653923541247,0.6560579877112135,0.06045108838185156,0.9973728380646574,0.11350486273544257,0.010133681364820445,461.0,13667.0,7165.0,36.0,False,0.022759736702063146,0.11992258050789373,-0.20333103919561585,0.9253910886394214,-0.01765230095279438
densenet121,1.0,17,logistic,1.0,nih,pleural_effusion,21329,2536,18793,0.11889915139012612,0.8845864483067308,0.5229094201048066,0.07476335010652087,0.24705810938891434,0.010705879466943657,0.01261815448199746,0.9231072555205048,0.6482732932474857,0.2615350240196626,0.9842462433349491,0.4075911900409158,0.06005264353602196,2341.0,12183.0,6610.0,195.0,False,0.10479318686123498,0.2865628735432869,0.03691408625674693,1.048852610010672,-0.019076443059817504
densenet121,1.0,17,logistic,1.0,vinbig,cardiomegaly,14998,1817,13181,0.12114948659821309,0.8510567089760003,0.436391824081198,0.10265117829138987,0.37656822468132123,0.09172681708073754,0.09175614337270496,0.9201981287837094,0.623321447538123,0.2519210486665662,0.982657576844875,0.39555240123018687,0.010133681364820445,1672.0,8216.0,4965.0,145.0,False,0.11584294874158528,0.1138763351028187,1.3770427221077433,0.8454587095326357,1.8629719339562067
densenet121,1.0,17,logistic,1.0,vinbig,pleural_effusion,14998,634,14364,0.04227230297372983,0.9205358735078144,0.6693984059257502,0.028584322369214227,0.12794366996645812,0.06038077121100975,0.05289074409200568,0.9369085173501577,0.5751183514341409,0.0886964312378677,0.9951813034574147,0.162051561860592,0.06005264353602196,594.0,8261.0,6103.0,40.0,False,0.04553419164022411,0.3722448705125725,0.5517451387150623,2.1019295103502325,-0.8804208665439492
densenet121,1.0,43,temperature,0.1,chexpert,cardiomegaly,0,0,0,,,,,,,,,,,,,,,,,,,,,,,
densenet121,1.0,43,temperature,0.1,chexpert,pleural_effusion,18933,5642,13291,0.2979982041937358,0.8628528109537573,0.7388207648460042,0.15046381378579368,0.46282738247645855,0.10903076564912213,0.10903076564912219,0.9067706487061326,0.5913776239560605,0.48506684365222336,0.9372764130694013,0.6320340972265118,0.08151589477854491,5116.0,7860.0,5431.0,526.0,False,0.24329855584761897,0.38156717263857864,1.0112104047140078,1.1139261013646364,0.8536842572949461
densenet121,1.0,43,temperature,0.1,nih,cardiomegaly,0,0,0,,,,,,,,,,,,,,,,,,,,,,,
densenet121,1.0,43,temperature,0.1,nih,pleural_effusion,21329,2536,18793,0.11889915139012612,0.8843490537200828,0.5260070009622332,0.0766431497023663,0.25184310597570647,0.028142018963782888,0.030856663454749585,0.9057570977917981,0.678497312829245,0.2754526921693249,0.9816012317167051,0.4224367816091954,0.08151589477854491,2297.0,12751.0,6042.0,239.0,False,0.10479318686123498,0.26862468832200315,-0.4303383496218734,0.91329194311332,-0.36339198562791886
densenet121,1.0,43,temperature,0.1,vinbig,cardiomegaly,0,0,0,,,,,,,,,,,,,,,,,,,,,,,
densenet121,1.0,43,temperature,0.1,vinbig,pleural_effusion,14998,634,14364,0.04227230297372983,0.9063036688285735,0.6315078287969885,0.027234459920078682,0.11812944995289912,0.04108057532635597,0.03515025426462008,0.8643533123028391,0.7701197438039543,0.14233766233766235,0.9922856117689272,0.24442462087421946,0.08151589477854491,548.0,11062.0,3302.0,86.0,False,0.04553419164022411,0.40188989989623014,-0.20771293845479802,1.4530309340252816,-0.7931311330831261
densenet121,1.0,43,logistic,0.1,chexpert,cardiomegaly,0,0,0,,,,,,,,,,,,,,,,,,,,,,,
densenet121,1.0,43,logistic,0.1,chexpert,pleural_effusion,18933,5642,13291,0.2979982041937358,0.8628528109537573,0.7388207648460042,0.1644349616770704,0.4950804747995539,0.13705890984685049,0.1370589098468505,0.9067706487061326,0.5913776239560605,0.48506684365222336,0.9372764130694013,0.6320340972265118,0.07662037569943715,5116.0,7860.0,5431.0,526.0,False,0.24329855584761897,0.32414328928422353,1.4933199703167312,1.277513449577504,1.0487414818508105
densenet121,1.0,43,logistic,0.1,nih,cardiomegaly,0,0,0,,,,,,,,,,,,,,,,,,,,,,,
densenet121,1.0,43,logistic,0.1,nih,pleural_effusion,21329,2536,18793,0.11889915139012612,0.8843490537200828,0.5260070009622332,0.07463721265046379,0.2467392847909069,0.012062218264170676,0.011010779979156038,0.9057570977917981,0.678497312829245,0.2754526921693249,0.9816012317167051,0.4224367816091954,0.07662037569943715,2297.0,12751.0,6042.0,239.0,False,0.10479318686123498,0.28776655347549573,-0.035156232064228306,1.047387046405045,-0.08746023518400493
densenet121,1.0,43,logistic,0.1,vinbig,cardiomegaly,0,0,0,,,,,,,,,,,,,,,,,,,,,,,
densenet121,1.0,43,logistic,0.1,vinbig,pleural_effusion,14998,634,14364,0.04227230297372983,0.9063036688285735,0.6315078287969885,0.026993417008310663,0.11682619095341266,0.039301010258787655,0.03318051412734615,0.8643533123028391,0.7701197438039543,0.14233766233766235,0.9922856117689272,0.24442462087421946,0.07662037569943715,548.0,11062.0,3302.0,86.0,False,0.04553419164022411,0.4071835683041939,0.4212731665686321,1.666421944343444,-0.614246975846064
densenet121,1.0,43,temperature,0.25,chexpert,cardiomegaly,19255,2034,17221,0.10563490002596729,0.7941048571131825,0.37863680303665515,0.08732002207020235,0.418466388311834,0.07314187681844336,0.07303421811973367,0.6337266470009832,0.8055862028918181,0.27798145352598663,0.9490354357641264,0.38644880827462147,0.015507486648949975,1289.0,13873.0,3348.0,745.0,False,0.1010838392508862,0.1361623903750092,-0.0348259981611783,0.4058262243809893,1.9568310024049158
densenet121,1.0,43,temperature,0.25,chexpert,pleural_effusion,18933,5642,13291,0.2979982041937358,0.8628528109537573,0.7388207648460042,0.1510030357630338,0.4656069752115795,0.11169123873784174,0.11169123873784174,0.9065934065934066,0.5919795350237003,0.48538622129436326,0.9372245384157236,0.6322620519159456,0.07723540236685249,5115.0,7868.0,5423.0,527.0,False,0.24329855584761897,0.37935087515435584,1.011324787467795,1.0868160141395806,0.8885964771598378
densenet121,1.0,43,temperature,0.25,nih,cardiomegaly,21329,497,20832,0.023301608139153267,0.8991780946817619,0.2334783475613031,0.020545341579851915,0.08385271206499331,0.00935968039912491,0.009366265303493005,0.7927565392354124,0.8333813364055299,0.10194049159120311,0.9941021530004581,0.1806510774873911,0.015507486648949975,394.0,17361.0,3471.0,103.0,False,0.022759736702063146,0.09729440859526728,-0.7357660608248998,0.6521397091791011,0.0674813826941842
densenet121,1.0,43,temperature,0.25,nih,pleural_effusion,21329,2536,18793,0.11889915139012612,0.8843490537200828,0.5260070009622332,0.0765474088605747,0.2516249732636856,0.027881055960015323,0.0296401871919377,0.9057570977917981,0.6786569467354866,0.2755518234165067,0.9816054798737782,0.4225533480500368,0.07723540236685249,2297.0,12754.0,6039.0,239.0,False,0.10479318686123498,0.2695383053677217,-0.43033857742829557,0.8910168578154116,-0.34531914874922676
densenet121,1.0,43,temperature,0.25,vinbig,cardiomegaly,14998,1817,13181,0.12114948659821309,0.8534793310211989,0.4646057501717674,0.10221267451422278,0.4444341553036193,0.09698308168605342,0.09698343667119,0.631810676940011,0.8453076397845384,0.3602133668026357,0.9433578867157735,0.45883293365307753,0.015507486648949975,1148.0,11142.0,2039.0,669.0,False,0.11584294874158528,0.11766166499929143,0.9881138960974916,0.5765214426945148,2.577576649325218
densenet121,1.0,43,temperature,0.25,vinbig,pleural_effusion,14998,634,14364,0.04227230297372983,0.9063036688285735,0.6315078287969885,0.026890789253524384,0.11618581720411132,0.038425289357087486,0.03271471024158159,0.8643533123028391,0.7705374547479811,0.1425598335067638,0.9922897615205307,0.2447521214828048,0.07723540236685249,548.0,11068.0,3296.0,86.0,False,0.04553419164022411,0.40943742965737573,-0.20770894236476425,1.417556482004433,-0.7564768415936034
densenet121,1.0,43,logistic,0.25,chexpert,cardiomegaly,19255,2034,17221,0.10563490002596729,0.7941048571131825,0.37863680303665515,0.08878874566114539,0.41154707666727774,0.0773503762129903,0.07735037621299032,0.6337266470009832,0.8055862028918181,0.27798145352598663,0.9490354357641264,0.38644880827462147,0.016397581142339815,1289.0,13873.0,3348.0,745.0,False,0.1010838392508862,0.12163263367178656,0.1376738071403558,0.4535699105862846,2.0213493720819224
densenet121,1.0,43,logistic,0.25,chexpert,pleural_effusion,18933,5642,13291,0.2979982041937358,0.8628528109537573,0.7388207648460042,0.16587536357599364,0.5001706511197158,0.14108413769460645,0.14108413769460648,0.9065934065934066,0.5919795350237003,0.48538622129436326,0.9372245384157236,0.6322620519159456,0.0724178633846227,5115.0,7868.0,5423.0,527.0,False,0.24329855584761897,0.3182229832885506,1.5129669548939806,1.2538550377133197,1.0953152903624421
densenet121,1.0,43,logistic,0.25,nih,cardiomegaly,21329,497,20832,0.023301608139153267,0.8991780946817619,0.2334783475613031,0.02007173733275561,0.08208067693237822,0.007303221616850638,0.006467528475245888,0.7927565392354124,0.8333813364055299,0.10194049159120311,0.9941021530004581,0.1806510774873911,0.016397581142339815,394.0,17361.0,3471.0,103.0,False,0.022759736702063146,0.11810327177747493,-0.45871330148436873,0.7288235795304823,0.23111017138542278
densenet121,1.0,43,logistic,0.25,nih,pleural_effusion,21329,2536,18793,0.11889915139012612,0.8843490537200828,0.5260070009622332,0.0745592049441309,0.24645553344979618,0.009510619755948682,0.009004331969869942,0.9057570977917981,0.6786569467354866,0.2755518234165067,0.9816054798737782,0.4225533480500368,0.0724178633846227,2297.0,12754.0,6039.0,239.0,False,0.10479318686123498,0.2885109502122434,-0.018988142880817963,1.0280030773477995,-0.050722914392722
densenet121,1.0,43,logistic,0.25,vinbig,cardiomegaly,14998,1817,13181,0.12114948659821309,0.8534793310211989,0.4646057501717674,0.10411687221125125,0.4421529604325134,0.09981895874393255,0.09981986793628424,0.631810676940011,0.8453076397845384,0.3602133668026357,0.9433578867157735,0.45883293365307753,0.016397581142339815,1148.0,11142.0,2039.0,669.0,False,0.11584294874158528,0.10122391270004516,1.233377053405688,0.6444201095041393,2.5815186048662517
densenet121,1.0,43,logistic,0.25,vinbig,pleural_effusion,14998,634,14364,0.04227230297372983,0.9063036688285735,0.6315078287969885,0.026732705474647754,0.11498034623157308,0.036624249472582186,0.031101596461327513,0.8643533123028391,0.7705374547479811,0.1425598335067638,0.9922897615205307,0.2447521214828048,0.0724178633846227,548.0,11068.0,3296.0,86.0,False,0.04553419164022411,0.41290918951918876,0.44689631665132235,1.6355478895614042,-0.5648630886114892
densenet121,1.0,43,temperature,0.5,chexpert,cardiomegaly,19255,2034,17221,0.10563490002596729,0.7941048571131825,0.37863680303665515,0.08686222685063201,0.40569875903310715,0.07143719107200557,0.07142723188853382,0.69960668633235,0.7422913884211138,0.24279133253710972,0.9543825593549351,0.3604813172894237,0.010321907176138604,1423.0,12783.0,4438.0,611.0,False,0.1010838392508862,0.14069125693729034,-0.03496074918045893,0.4219121640226593,1.8432213250447709
densenet121,1.0,43,temperature,0.5,chexpert,pleural_effusion,18933,5642,13291,0.2979982041937358,0.8628528109537573,0.7388207648460042,0.15135262563636334,0.46746345740909706,0.1133268666958219,0.11332686669582184,0.9034030485643388,0.5998043789030171,0.48934331797235026,0.9360103322766232,0.6348237638560219,0.07703456834590691,5097.0,7972.0,5319.0,545.0,False,0.24329855584761897,0.3779139990820273,1.0112577369855413,1.0701092400411096,0.9107708808655238
densenet121,1.0,43,temperature,0.5,nih,cardiomegaly,21329,497,20832,0.023301608139153267,0.8991780946817619,0.2334783475613031,0.02053390387458805,0.0829626921899732,0.008758715551995075,0.008951061499264187,0.8551307847082495,0.7771217357910907,0.08385951065509077,0.9955722280302565,0.1527403414195867,0.010321907176138604,425.0,16189.0,4643.0,72.0,False,0.022759736702063146,0.09779694978955211,-0.7356903403285185,0.6780635769451424,-0.009204751625113512
densenet121,1.0,43,temperature,0.5,nih,pleural_effusion,21329,2536,18793,0.11889915139012612,0.8843490537200828,0.5260070009622332,0.07649679605406833,0.2515532821629457,0.027801519157060806,0.028881132031146273,0.9014195583596214,0.6832331187144149,0.27746085690010924,0.9809014514896868,0.4243155452436195,0.07703456834590691,2286.0,12840.0,5953.0,250.0,False,0.10479318686123498,0.2700212833935107,-0.43033877150900696,0.8773605061073738,-0.3340497204966897
densenet121,1.0,43,temperature,0.5,vinbig,cardiomegaly,14998,1817,13181,0.12114948659821309,0.8534793310211989,0.4646057501717674,0.10152717434401787,0.4301302758731668,0.09548895879157523,0.09548953168058695,0.7336268574573472,0.7886351566648965,0.3236222384073804,0.9555106167846309,0.44912398921832886,0.010321907176138604,1333.0,10395.0,2786.0,484.0,False,0.11584294874158528,0.1235791608646124,0.9879846879640902,0.5994093050846512,2.4419582994673505
densenet121,1.0,43,temperature,0.5,vinbig,pleural_effusion,14998,634,14364,0.04227230297372983,0.9063036688285735,0.6315078287969885,0.02668726661913773,0.11503261304574831,0.03688981289899225,0.031232781927744955,0.8596214511041009,0.7768727373990532,0.14533333333333334,0.9920874822190612,0.24863138686131386,0.07703456834590691,545.0,11159.0,3205.0,89.0,False,0.04553419164022411,0.4139070957929851,-0.20778636304490192,1.3958003748447987,-0.7334111058190966
densenet121,1.0,43,logistic,0.5,chexpert,cardiomegaly,19255,2034,17221,0.10563490002596729,0.7941048571131825,0.37863680303665515,0.08942481432917652,0.39700819962460326,0.07830457846671397,0.07830457846671399,0.69960668633235,0.7422913884211138,0.24279133253710972,0.9543825593549351,0.3604813172894237,0.012153142925246468,1423.0,12783.0,4438.0,611.0,False,0.1010838392508862,0.11534014742725018,0.27034827656792415,0.5071698349835378,1.950002438745227
densenet121,1.0,43,logistic,0.5,chexpert,pleural_effusion,18933,5642,13291,0.2979982041937358,0.8628528109537573,0.7388207648460042,0.1680779534262007,0.5073661084798092,0.14629707497453417,0.1462970749745341,0.9034030485643388,0.5998043789030171,0.48934331797235026,0.9360103322766232,0.6348237638560219,0.06990182516229437,5097.0,7972.0,5319.0,545.0,False,0.24329855584761897,0.3091699503080072,1.555265991974337,1.236960806595458,1.152445306071006
densenet121,1.0,43,logistic,0.5,nih,cardiomegaly,21329,497,20832,0.023301608139153267,0.8991780946817619,0.2334783475613031,0.01991829013978556,0.08072287814837742,0.005821304178754699,0.004341570858488383,0.8551307847082495,0.7771217357910907,0.08385951065509077,0.9955722280302565,0.1527403414195867,0.012153142925246468,425.0,16189.0,4643.0,72.0,False,0.022759736702063146,0.12484531782918262,-0.24483463809085723,0.8151414246382397,0.2406148619840798
densenet121,1.0,43,logistic,0.5,nih,pleural_effusion,21329,2536,18793,0.11889915139012612,0.8843490537200828,0.5260070009622332,0.07452067193537742,0.2463216452853639,0.00774624431615015,0.007331504552866568,0.9014195583596214,0.6832331187144149,0.27746085690010924,0.9809014514896868,0.4243155452436195,0.06990182516229437,2286.0,12840.0,5953.0,250.0,False,0.10479318686123498,0.2888786554983179,0.015843166608360482,1.0142321711132931,-0.000960406518725523
densenet121,1.0,43,logistic,0.5,vinbig,cardiomegaly,14998,1817,13181,0.12114948659821309,0.8534793310211989,0.4646057501717674,0.10471190527514847,0.42877443832424283,0.10001946310889913,0.10002185736221651,0.7336268574573472,0.7886351566648965,0.3236222384073804,0.9555106167846309,0.44912398921832886,0.012153142925246468,1333.0,10395.0,2786.0,484.0,False,0.11584294874158528,0.09608736299752862,1.4219106136253465,0.7205848975093705,2.456221002960714
densenet121,1.0,43,logistic,0.5,vinbig,pleural_effusion,14998,634,14364,0.04227230297372983,0.9063036688285735,0.6315078287969885,0.02652068499995732,0.11323625461759197,0.033497542455441114,0.029162353017854085,0.8596214511041009,0.7768727373990532,0.14533333333333334,0.9920874822190612,0.24863138686131386,0.06990182516229437,545.0,11159.0,3205.0,89.0,False,0.04553419164022411,0.4175654811333158,0.5020657531448017,1.6135023428074244,-0.5058055739008467
densenet121,1.0,43,temperature,1.0,chexpert,cardiomegaly,19255,2034,17221,0.10563490002596729,0.7941048571131825,0.37863680303665515,0.08538633146782318,0.369666009852826,0.06566210888331457,0.06556231501790473,0.7404129793510325,0.6905522327390976,0.22033650329188004,0.957487922705314,0.3396098771000113,0.011645495012631948,1506.0,11892.0,5329.0,528.0,False,0.1010838392508862,0.15529196258664457,-0.035110970029718885,0.4773682749823423,1.503609554244712
densenet121,1.0,43,temperature,1.0,chexpert,pleural_effusion,18933,5642,13291,0.2979982041937358,0.8628528109537573,0.7388207648460042,0.15046586760740155,0.46283777275445537,0.10904124468810796,0.10904124468810796,0.9296348812477845,0.528402678504251,0.45557196212976636,0.9464959568733153,0.6114835324978141,0.06520156271800717,5245.0,7023.0,6268.0,397.0,False,0.24329855584761897,0.3815587310693276,1.0112104094064531,1.1138188930493622,0.8538190803540995
densenet121,1.0,43,temperature,1.0,nih,cardiomegaly,21329,497,20832,0.023301608139153267,0.8991780946817619,0.2334783475613031,0.020578381318447848,0.08147406114710308,0.00763321718430973,0.007587979784970778,0.8933601609657947,0.727102534562212,0.07244248653940284,0.9965131578947368,0.1340175067914277,0.011645495012631948,444.0,15147.0,5685.0,53.0,False,0.022759736702063146,0.09584273369109586,-0.736178398147051,0.7671843710484108,-0.24741929369396237
densenet121,1.0,43,temperature,1.0,nih,pleural_effusion,21329,2536,18793,0.11889915139012612,0.8843490537200828,0.5260070009622332,0.07664274051814066,0.25184200918108857,0.02813471012932362,0.030851916761643478,0.9231072555205048,0.6433778534560741,0.25887426738914077,0.9841282760866026,0.40435270748769325,0.06520156271800717,2341.0,12091.0,6702.0,195.0,False,0.10479318686123498,0.26862859300548403,-0.4303383494236838,0.9132040439523627,-0.3633214038231427
densenet121,1.0,43,temperature,1.0,vinbig,cardiomegaly,14998,1817,13181,0.12114948659821309,0.8534793310211989,0.4646057501717674,0.09922115545762109,0.38956525599548825,0.08997153142682375,0.08997386300441872,0.8106769400110072,0.7393217510052348,0.30006111224281934,0.9659034592130042,0.43800178412132024,0.011645495012631948,1473.0,9745.0,3436.0,344.0,False,0.11584294874158528,0.143485585135121,0.9879767714874874,0.678251376302799,2.0382518261539113
densenet121,1.0,43,temperature,1.0,vinbig,pleural_effusion,14998,634,14364,0.04227230297372983,0.9063036688285735,0.6315078287969885,0.027233075486012975,0.11812163382291191,0.04107030529242799,0.03514060127691693,0.8817034700315457,0.7177666388192704,0.12117927595924562,0.9927780452575831,0.21307413760243948,0.06520156271800717,559.0,10310.0,4054.0,75.0,False,0.04553419164022411,0.4019203041708167,-0.2077135809506204,1.4528908555995548,-0.7929887756118585
densenet121,1.0,43,logistic,1.0,chexpert,cardiomegaly,19255,2034,17221,0.10563490002596729,0.7941048571131825,0.37863680303665515,0.088181748991004,0.36434115438550846,0.07337070744113307,0.07337070744113307,0.7404129793510325,0.6905522327390976,0.22033650329188004,0.957487922705314,0.3396098771000113,0.014025352340182713,1506.0,11892.0,5329.0,528.0,False,0.1010838392508862,0.1276375170897467,0.3268386232594643,0.5836158369730385,1.6304989571628425
densenet121,1.0,43,logistic,1.0,chexpert,pleural_effusion,18933,5642,13291,0.2979982041937358,0.8628528109537573,0.7388207648460042,0.16824509250587733,0.5048151534536727,0.14417793380913688,0.1441779338091369,0.9296348812477845,0.528402678504251,0.45557196212976636,0.9464959568733153,0.6114835324978141,0.06088507775823117,5245.0,7023.0,6268.0,397.0,False,0.24329855584761897,0.30848297919511125,1.6122138241372708,1.303726937890112,1.106876439935388
densenet121,1.0,43,logistic,1.0,nih,cardiomegaly,21329,497,20832,0.023301608139153267,0.8991780946817619,0.2334783475613031,0.01984765962207419,0.07937771903266148,0.0020262780249216583,0.0023374615097584562,0.8933601609657947,0.727102534562212,0.07244248653940284,0.9965131578947368,0.1340175067914277,0.014025352340182713,444.0,15147.0,5685.0,53.0,False,0.022759736702063146,0.12794862779431793,-0.15413155746257853,0.9379837972875524,-0.0002978168290341586
densenet121,1.0,43,logistic,1.0,nih,pleural_effusion,21329,2536,18793,0.11889915139012612,0.8843490537200828,0.5260070009622332,0.0746458677632044,0.24659168482639524,0.00947416914500755,0.010054622383656434,0.9231072555205048,0.6433778534560741,0.25887426738914077,0.9841282760866026,0.40435270748769325,0.06088507775823117,2341.0,12091.0,6702.0,195.0,False,0.10479318686123498,0.28768396115246553,0.06252961925034961,1.0689539469370495,-0.019052755454111423
densenet121,1.0,43,logistic,1.0,vinbig,cardiomegaly,14998,1817,13181,0.12114948659821309,0.8534793310211989,0.4646057501717674,0.10281724036858779,0.3923637579706108,0.09522258128060195,0.09523141640355286,0.8106769400110072,0.7393217510052348,0.30006111224281934,0.9659034592130042,0.43800178412132024,0.014025352340182713,1473.0,9745.0,3436.0,344.0,False,0.11584294874158528,0.11244282465611588,1.5021738932381814,0.8291946492670327,2.077687262464231
densenet121,1.0,43,logistic,1.0,vinbig,pleural_effusion,14998,634,14364,0.04227230297372983,0.9063036688285735,0.6315078287969885,0.026986179625886775,0.11606284055666452,0.03734694869828588,0.03278189742242882,0.8817034700315457,0.7177666388192704,0.12117927595924562,0.9927780452575831,0.21307413760243948,0.06088507775823117,559.0,10310.0,4054.0,75.0,False,0.04553419164022411,0.407342512213445,0.5763425256781112,1.7005957547499837,-0.5593602634916732
densenet121,1.0,101,temperature,0.1,chexpert,cardiomegaly,19255,2034,17221,0.10563490002596729,0.8012166949672763,0.38385497062396645,0.08754936125516227,0.3546876335921747,0.07148315895958737,0.07148315895958739,0.8018682399213373,0.6410196852679868,0.208754639703059,0.9647788848103478,0.33126840662130597,0.012601107321236607,1631.0,11039.0,6182.0,403.0,False,0.1010838392508862,0.1338935886886119,0.3060944865908072,0.5957792407298527,1.5297837027964498
densenet121,1.0,101,temperature,0.1,chexpert,pleural_effusion,18933,5642,13291,0.2979982041937358,0.8553786440150242,0.7309826616509805,0.17552870346875057,0.5322916282114949,0.1571121314710733,0.15711213147107325,0.9064161644806806,0.5724174253254082,0.47365008798740393,0.9351032448377581,0.6221789646572176,0.061438347557803294,5114.0,7608.0,5683.0,528.0,False,0.24329855584761897,0.27854605278180744,1.5874196103442757,1.1903442539455091,1.2483117444758223
densenet121,1.0,101,temperature,0.1,nih,cardiomegaly,21329,497,20832,0.023301608139153267,0.8806501161345957,0.2247105117425901,0.020496190450220456,0.08447149616618412,0.007554948320386333,0.010057481020076139,0.8913480885311871,0.6664266513056836,0.05992965367965368,0.9961254215397862,0.11230827734820636,0.012601107321236607,443.0,13883.0,6949.0,54.0,False,0.022759736702063146,0.09945397354432062,-0.7232917769673451,0.825814547194397,-0.3462789053323025
densenet121,1.0,101,temperature,0.1,nih,pleural_effusion,21329,2536,18793,0.11889915139012612,0.8815538132444442,0.5335697055960497,0.07426053892146359,0.2477463333618281,0.007831740390767108,0.009301283119412076,0.9065457413249212,0.655403607726281,0.261994301994302,0.9811215548829059,0.4065069401467598,0.061438347557803294,2299.0,12317.0,6476.0,237.0,False,0.10479318686123498,0.29136100212509153,0.043702000360539985,1.0216814330740782,0.017201810423630195
densenet121,1.0,101,temperature,0.1,vinbig,cardiomegaly,14998,1817,13181,0.12114948659821309,0.8519205547485693,0.4367703385150247,0.10120009277347596,0.38204760654632036,0.09030883383322212,0.09031717732765686,0.8458998348926803,0.7087474394962446,0.2859002976190476,0.9709000207856995,0.42735993326845545,0.012601107321236607,1537.0,9342.0,3839.0,280.0,False,0.11584294874158528,0.1264026522734123,1.0000750677362455,0.7066760292090379,1.9134532725680393
densenet121,1.0,101,temperature,0.1,vinbig,pleural_effusion,14998,634,14364,0.04227230297372983,0.9207894209762051,0.6595143176421618,0.025599184770401046,0.10652973391742909,0.031968011313670795,0.02876499846976581,0.8943217665615142,0.772765246449457,0.1480031323414252,0.9940001790991314,0.25397536394176934,0.061438347557803294,567.0,11100.0,3264.0,67.0,False,0.04553419164022411,0.4378030256325629,0.8512093772121597,1.7222762726295662,-0.3759023644103273
densenet121,1.0,101,logistic,0.1,chexpert,cardiomegaly,19255,2034,17221,0.10563490002596729,0.8012166949672763,0.38385497062396645,0.09279818096377285,0.3574179735246935,0.07969869252374485,0.07969869252374485,0.8018682399213373,0.6410196852679868,0.208754639703059,0.9647788848103478,0.33126840662130597,0.016998292235773583,1631.0,11039.0,6182.0,403.0,False,0.1010838392508862,0.08196817956774138,1.2531527314532651,0.8737947399400582,1.6667868228159253
densenet121,1.0,101,logistic,0.1,chexpert,pleural_effusion,18933,5642,13291,0.2979982041937358,0.8553786440150242,0.7309826616509805,0.17794755927853267,0.5376990485885135,0.16054131562515223,0.16054131562515223,0.9064161644806806,0.5724174253254082,0.47365008798740393,0.9351032448377581,0.6221789646572176,0.06157407365817994,5114.0,7608.0,5683.0,528.0,False,0.24329855584761897,0.26860412854244997,1.6727960512318247,1.222712910854215,1.2701583501939548
densenet121,1.0,101,logistic,0.1,nih,cardiomegaly,21329,497,20832,0.023301608139153267,0.8806501161345957,0.2247105117425901,0.02023520305565606,0.08307686379270823,0.005229538578982355,0.005583650017788602,0.8913480885311871,0.6664266513056836,0.05992965367965368,0.9961254215397862,0.11230827734820636,0.016998292235773583,443.0,13883.0,6949.0,54.0,False,0.022759736702063146,0.11092103917784957,0.5895113823692816,1.2112111661002785,0.008800517732707938
densenet121,1.0,101,logistic,0.1,nih,pleural_effusion,21329,2536,18793,0.11889915139012612,0.8815538132444442,0.5335697055960497,0.0744106005006625,0.24796294183348913,0.009635379137383512,0.010379165711196974,0.9065457413249212,0.655403607726281,0.261994301994302,0.9811215548829059,0.4065069401467598,0.06157407365817994,2299.0,12317.0,6476.0,237.0,False,0.10479318686123498,0.2899290237332365,0.11734769259805568,1.0496579314749148,0.0542704143291347
densenet121,1.0,101,logistic,0.1,vinbig,cardiomegaly,14998,1817,13181,0.12114948659821309,0.8519205547485693,0.4367703385150247,0.10686775402642516,0.39277665143424,0.09780508052788352,0.09786568183835963,0.8458998348926803,0.7087474394962446,0.2859002976190476,0.9709000207856995,0.42735993326845545,0.016998292235773583,1537.0,9342.0,3839.0,280.0,False,0.11584294874158528,0.07747726393931309,2.123480902731433,1.0364622846899452,2.001996335339757
densenet121,1.0,101,logistic,0.1,vinbig,pleural_effusion,14998,634,14364,0.04227230297372983,0.9207894209762051,0.6595143176421618,0.025843172188395012,0.10713186403904001,0.03280778193707095,0.02956803439391758,0.8943217665615142,0.772765246449457,0.1480031323414252,0.9940001790991314,0.25397536394176934,0.06157407365817994,567.0,11100.0,3264.0,67.0,False,0.04553419164022411,0.43244469139613306,0.9749938813138107,1.7692058822353751,-0.3583566658015657
densenet121,1.0,101,temperature,0.25,chexpert,cardiomegaly,19255,2034,17221,0.10563490002596729,0.8012166949672763,0.38385497062396645,0.08786783697448115,0.35954658400980477,0.07267074128135276,0.07267074128135274,0.7527040314650935,0.695546135532199,0.22601121936817242,0.9596987420879737,0.34763851044504995,0.016060400727538636,1531.0,11978.0,5243.0,503.0,False,0.1010838392508862,0.13074297903944299,0.30626818605595857,0.584449025523521,1.5847094371037347
densenet121,1.0,101,temperature,0.25,chexpert,pleural_effusion,18933,5642,13291,0.2979982041937358,0.8553786440150242,0.7309826616509805,0.17488991750050933,0.5292902869971993,0.155283309948828,0.15528330994882794,0.9136830911024459,0.5556391543149499,0.46605189404213,0.938135162601626,0.6172543854397413,0.06009894316900519,5155.0,7385.0,5906.0,487.0,False,0.24329855584761897,0.2811715758393356,1.5872438864301435,1.2073409631592456,1.2227020875541283
densenet121,1.0,101,temperature,0.25,nih,cardiomegaly,21329,497,20832,0.023301608139153267,0.8806501161345957,0.2247105117425901,0.020451269715288566,0.08434169175413123,0.006550063176701211,0.009445891214318337,0.8672032193158954,0.7116935483870968,0.06695665682771478,0.9955680902497985,0.12431496971445054,0.016060400727538636,431.0,14826.0,6006.0,66.0,False,0.022759736702063146,0.10142766662873215,-0.7232667212629527,0.8100917466509837,-0.306854073073928
densenet121,1.0,101,temperature,0.25,nih,pleural_effusion,21329,2536,18793,0.11889915139012612,0.8815538132444442,0.5335697055960497,0.07428925350292157,0.24778499041793267,0.00855620748506968,0.010028524950796862,0.9128548895899053,0.6439099664768797,0.25702231597646275,0.9820645999026132,0.4011088971671143,0.06009894316900519,2315.0,12101.0,6692.0,221.0,False,0.10479318686123498,0.2910869902134583,0.04369869013001421,1.0363296087103477,-0.0002541603117796309
densenet121,1.0,101,temperature,0.25,vinbig,cardiomegaly,14998,1817,13181,0.12114948659821309,0.8519205547485693,0.4367703385150247,0.10162016878336703,0.38763661566489216,0.09137907109083739,0.09138599097126107,0.7963676389653275,0.7549503072604506,0.3093863587769938,0.9641507605852147,0.4456421311980289,0.016060400727538636,1447.0,9951.0,3230.0,370.0,False,0.11584294874158528,0.12277639781032745,1.0000766933285425,0.6931962642469169,1.9712860665813856
densenet121,1.0,101,temperature,0.25,vinbig,pleural_effusion,14998,634,14364,0.04227230297372983,0.9207894209762051,0.6595143176421618,0.025710252496876626,0.10741527111503006,0.03351165698773545,0.029852895409242904,0.8974763406940063,0.7598162071846283,0.14157750684249815,0.9940796065215411,0.24457339350956372,0.06009894316900519,569.0,10914.0,3450.0,65.0,False,0.04553419164022411,0.4353638096835206,0.8512144590341238,1.746963501340274,-0.4037390204304612
densenet121,1.0,101,logistic,0.25,chexpert,cardiomegaly,19255,2034,17221,0.10563490002596729,0.8012166949672763,0.38385497062396645,0.08914887759001816,0.35615230436526835,0.07475080200359495,0.07475080200359496,0.7527040314650935,0.695546135532199,0.22601121936817242,0.9596987420879737,0.34763851044504995,0.01794580600346739,1531.0,11978.0,5243.0,503.0,False,0.1010838392508862,0.11806992838138963,0.5137365151372834,0.652779766875311,1.5976504162821747
densenet121,1.0,101,logistic,0.25,chexpert,pleural_effusion,18933,5642,13291,0.2979982041937358,0.8553786440150242,0.7309826616509805,0.1789228252351832,0.5381499097226845,0.1608464787091948,0.16084647870919477,0.9136830911024459,0.5556391543149499,0.46605189404213,0.938135162601626,0.6172543854397413,0.06071209554829138,5155.0,7385.0,5906.0,487.0,False,0.24329855584761897,0.2645956133531475,1.7361289410701368,1.2664584378016783,1.2563952003628318
densenet121,1.0,101,logistic,0.25,nih,cardiomegaly,21329,497,20832,0.023301608139153267,0.8806501161345957,0.2247105117425901,0.020134701132924444,0.08316803116980136,0.0046181942007625515,0.006647002780824242,0.8672032193158954,0.7116935483870968,0.06695665682771478,0.9955680902497985,0.12431496971445054,0.01794580600346739,431.0,14826.0,6006.0,66.0,False,0.022759736702063146,0.11533681621636449,-0.4357709072722454,0.9047020684871058,-0.2115094158846217
densenet121,1.0,101,logistic,0.25,nih,pleural_effusion,21329,2536,18793,0.11889915139012612,0.8815538132444442,0.5335697055960497,0.0745837492901436,0.24826420261579007,0.011434219577701634,0.012101870906280341,0.9128548895899053,0.6439099664768797,0.25702231597646275,0.9820645999026132,0.4011088971671143,0.06071209554829138,2315.0,12101.0,6692.0,221.0,False,0.10479318686123498,0.28827673321066294,0.1714575950493576,1.087055433431518,0.05929045490872904
densenet121,1.0,101,logistic,0.25,vinbig,cardiomegaly,14998,1817,13181,0.12114948659821309,0.8519205547485693,0.4367703385150247,0.10299858588551013,0.3861671955659648,0.09329942132259635,0.09331349091328396,0.7963676389653275,0.7549503072604506,0.3093863587769938,0.9641507605852147,0.4456421311980289,0.01794580600346739,1447.0,9951.0,3230.0,370.0,False,0.11584294874158528,0.11087738179669016,1.2463464630570653,0.7742868882845142,1.9682692708284792
densenet121,1.0,101,logistic,0.25,vinbig,pleural_effusion,14998,634,14364,0.04227230297372983,0.9207894209762051,0.6595143176421618,0.026141478309959196,0.10857851985058505,0.03483322477917202,0.03136533575761289,0.8974763406940063,0.7598162071846283,0.14157750684249815,0.9940796065215411,0.24457339350956372,0.06071209554829138,569.0,10914.0,3450.0,65.0,False,0.04553419164022411,0.4258934359369132,1.0666325082228219,1.832500621158896,-0.37829356992734664
densenet121,1.0,101,temperature,0.5,chexpert,cardiomegaly,19255,2034,17221,0.10563490002596729,0.8012166949672763,0.38385497062396645,0.08833419709300377,0.36696663168281984,0.07434222364947715,0.07434222364947715,0.7468043264503441,0.7078566866035654,0.2319083969465649,0.9594647776465959,0.3539142590866729,0.015327674382874752,1519.0,12190.0,5031.0,515.0,False,0.1010838392508862,0.1261293818316328,0.3061756248103137,0.5681646589534056,1.6666820842330932
densenet121,1.0,101,temperature,0.5,chexpert,pleural_effusion,18933,5642,13291,0.2979982041937358,0.8553786440150242,0.7309826616509805,0.1745824274204114,0.5278668019323121,0.1543868874422806,0.1543868874422806,0.9244948599787309,0.5137310962305319,0.4466135799297885,0.9412737799834574,0.6022746954563825,0.05337336344325657,5216.0,6828.0,6463.0,426.0,False,0.24329855584761897,0.2824354143320331,1.587242414919606,1.2157251044418262,1.210355974231236
densenet121,1.0,101,temperature,0.5,nih,cardiomegaly,21329,497,20832,0.023301608139153267,0.8806501161345957,0.2247105117425901,0.020395193741429944,0.08425384215321907,0.006089449655768535,0.008596492046027585,0.8571428571428571,0.7203821044546851,0.06814909614461687,0.9952911526727682,0.12625963248369887,0.015327674382874752,426.0,15007.0,5825.0,71.0,False,0.022759736702063146,0.10389149011635357,-0.7232752186653115,0.7875318063780992,-0.2485384622769863
densenet121,1.0,101,temperature,0.5,nih,pleural_effusion,21329,2536,18793,0.11889915139012612,0.8815538132444442,0.5335697055960497,0.07430560817571179,0.2478209908661777,0.008616623943070795,0.010382198256431451,0.9231072555205048,0.6169318363220349,0.24538784067085953,0.9834591568411231,0.38771116263663463,0.05337336344325657,2341.0,11594.0,7199.0,195.0,False,0.10479318686123498,0.2909309240293859,0.04371826940395811,1.0435358992335653,-0.008712110295018883
densenet121,1.0,101,temperature,0.5,vinbig,cardiomegaly,14998,1817,13181,0.12114948659821309,0.8519205547485693,0.4367703385150247,0.10222879157224612,0.39613922234025695,0.09288699012193405,0.09289221571168298,0.7837094111172263,0.7629921857218724,0.3131046613896218,0.9623923444976077,0.4474469756480754,0.015327674382874752,1424.0,10057.0,3124.0,393.0,False,0.11584294874158528,0.11752253647918365,1.0000796569062749,0.6738960271658687,2.057624914124115
densenet121,1.0,101,temperature,0.5,vinbig,pleural_effusion,14998,634,14364,0.04227230297372983,0.9207894209762051,0.6595143176421618,0.025766872906485324,0.10786160416899325,0.034035760268642905,0.030392455580482553,0.9085173501577287,0.724937343358396,0.1272365805168986,0.9944608919873937,0.22321255570625848,0.05337336344325657,576.0,10413.0,3951.0,58.0,False,0.04553419164022411,0.43412033950058493,0.8512172845660421,1.7590958941596844,-0.417207998980014
densenet121,1.0,101,logistic,0.5,chexpert,cardiomegaly,19255,2034,17221,0.10563490002596729,0.8012166949672763,0.38385497062396645,0.08964323773981135,0.3627187929364886,0.07639985954804815,0.07639985954804815,0.7468043264503441,0.7078566866035654,0.2319083969465649,0.9594647776465959,0.3539142590866729,0.01727783229775638,1519.0,12190.0,5031.0,515.0,False,0.1010838392508862,0.1131793330749905,0.5191991984864941,0.6379921690504119,1.6747182132808254
densenet121,1.0,101,logistic,0.5,chexpert,pleural_effusion,18933,5642,13291,0.2979982041937358,0.8553786440150242,0.7309826616509805,0.17935573085576806,0.5385568016525956,0.1610681265576079,0.1610681265576079,0.9244948599787309,0.5137310962305319,0.4466135799297885,0.9412737799834574,0.6022746954563825,0.0541435569522692,5216.0,6828.0,6463.0,426.0,False,0.24329855584761897,0.26281629485667446,1.762195407525461,1.2833225328418798,1.2525251973632485
densenet121,1.0,101,logistic,0.5,nih,cardiomegaly,21329,497,20832,0.023301608139153267,0.8806501161345957,0.2247105117425901,0.020094110201733743,0.08302706385838261,0.0031545236605697623,0.0057769559970482125,0.8571428571428571,0.7203821044546851,0.06814909614461687,0.9952911526727682,0.12625963248369887,0.01727783229775638,426.0,15007.0,5825.0,71.0,False,0.022759736702063146,0.11712026967727474,-0.4280791526624808,0.8842912415772176,-0.1502503841016453
densenet121,1.0,101,logistic,0.5,nih,pleural_effusion,21329,2536,18793,0.11889915139012612,0.8815538132444442,0.5335697055960497,0.07466156605260718,0.24841900674227005,0.01200204110356984,0.012811913097016837,0.9231072555205048,0.6169318363220349,0.24538784067085953,0.9834591568411231,0.38771116263663463,0.0541435569522692,2341.0,11594.0,7199.0,195.0,False,0.10479318686123498,0.2875341585758574,0.1938307349121597,1.101526379842034,0.06216602355447438
densenet121,1.0,101,logistic,0.5,vinbig,cardiomegaly,14998,1817,13181,0.12114948659821309,0.8519205547485693,0.4367703385150247,0.10362565492623799,0.3938160270230702,0.0947852532646355,0.09479654620626075,0.7837094111172263,0.7629921857218724,0.3131046613896218,0.9623923444976077,0.4474469756480754,0.01727783229775638,1424.0,10057.0,3124.0,393.0,False,0.11584294874158528,0.10546428546635855,1.2527068322232162,0.7567183630098135,2.0485073413472232
densenet121,1.0,101,logistic,0.5,vinbig,pleural_effusion,14998,634,14364,0.04227230297372983,0.9207894209762051,0.6595143176421618,0.026256755248679525,0.10911969767350127,0.035378890110693395,0.0320463600655932,0.9085173501577287,0.724937343358396,0.1272365805168986,0.9944608919873937,0.22321255570625848,0.0541435569522692,576.0,10413.0,3951.0,58.0,False,0.04553419164022411,0.4233617792945562,1.104334915144822,1.8568926979445424,-0.38464212342712206
densenet121,1.0,101,temperature,1.0,chexpert,cardiomegaly,19255,2034,17221,0.10563490002596729,0.8012166949672763,0.38385497062396645,0.0888185620457285,0.37506285064893186,0.07599905646882228,0.07599905646882227,0.7856440511307768,0.6573950409383892,0.2131234995998933,0.9629157097899124,0.33529164918170373,0.009860005828423904,1598.0,11321.0,5900.0,436.0,False,0.1010838392508862,0.12133766679276747,0.3068364350464448,0.5518410698885281,1.7540172716704703
densenet121,1.0,101,temperature,1.0,chexpert,pleural_effusion,18933,5642,13291,0.2979982041937358,0.8553786440150242,0.7309826616509805,0.17382962301604757,0.5244399623612601,0.15214579063432052,0.15214579063432052,0.9177596596951436,0.5400647054397713,0.4585953414223718,0.9392829102329233,0.6115868422606744,0.06112186192082524,5178.0,7178.0,6113.0,464.0,False,0.24329855584761897,0.2855295732831258,1.5874246663718061,1.2368405185733742,1.1800626054942502
densenet121,1.0,101,temperature,1.0,nih,cardiomegaly,21329,497,20832,0.023301608139153267,0.8806501161345957,0.2247105117425901,0.020348275975581552,0.08429036465904066,0.005942017943797271,0.0077341071436080955,0.8873239436619719,0.6788114439324117,0.06183398766124509,0.9960555046840882,0.11561148250098309,0.009860005828423904,441.0,14141.0,6691.0,56.0,False,0.022759736702063146,0.10595292722621863,-0.723640468629808,0.7645636698589842,-0.18707997723429595
densenet121,1.0,101,temperature,1.0,nih,pleural_effusion,21329,2536,18793,0.11889915139012612,0.8815538132444442,0.5335697055960497,0.0743530054214082,0.24795852241091815,0.009599469619214743,0.011276986470270017,0.917192429022082,0.6358750598627149,0.2536808812302323,0.9827302631578947,0.3974369927381461,0.06112186192082524,2326.0,11950.0,6843.0,210.0,False,0.10479318686123498,0.2904786308306002,0.04374572224427936,1.0616008402952986,-0.029584593509394394
densenet121,1.0,101,temperature,1.0,vinbig,cardiomegaly,14998,1817,13181,0.12114948659821309,0.8519205547485693,0.4367703385150247,0.10285315217873486,0.4053993030495303,0.09438377051326888,0.09438763680113778,0.8315905338470005,0.722403459525074,0.2922630560928433,0.9688644688644689,0.43251753256046943,0.009860005828423904,1511.0,9522.0,3659.0,306.0,False,0.11584294874158528,0.11213282037413597,1.0000800220306763,0.6543466502344606,2.1496582716166728
densenet121,1.0,101,temperature,1.0,vinbig,pleural_effusion,14998,634,14364,0.04227230297372983,0.9207894209762051,0.6595143176421618,0.02591473459432198,0.10901206012163621,0.03595874276568623,0.031766485942657345,0.9006309148264984,0.748259537733222,0.13637449247671363,0.9941726019794653,0.2368803152872848,0.06112186192082524,571.0,10748.0,3616.0,63.0,False,0.04553419164022411,0.430873072282031,0.8512251193749072,1.7895230421572057,-0.4503893559860182
densenet121,1.0,101,logistic,1.0,chexpert,cardiomegaly,19255,2034,17221,0.10563490002596729,0.8012166949672763,0.38385497062396645,0.09099975529451142,0.37057133703293993,0.07945743708507623,0.07945743708507623,0.7856440511307768,0.6573950409383892,0.2131234995998933,0.9629157097899124,0.33529164918170373,0.012175650958138141,1598.0,11321.0,5900.0,436.0,False,0.1010838392508862,0.09975960579956278,0.6470377778585781,0.6559815392542644,1.7864024446445335
densenet121,1.0,101,logistic,1.0,chexpert,pleural_effusion,18933,5642,13291,0.2979982041937358,0.8553786440150242,0.7309826616509805,0.17490211782605017,0.5268273564461307,0.15370673703388268,0.15370673703388266,0.9177596596951436,0.5400647054397713,0.4585953414223718,0.9392829102329233,0.6115868422606744,0.061228149076550394,5178.0,7178.0,6113.0,464.0,False,0.24329855584761897,0.2811214303483428,1.626395018439183,1.2519612783193073,1.1899626251056077
densenet121,1.0,101,logistic,1.0,nih,cardiomegaly,21329,497,20832,0.023301608139153267,0.8806501161345957,0.2247105117425901,0.020015357844845046,0.08268652464195338,0.0015227053828730415,0.0033344731889146527,0.8873239436619719,0.6788114439324117,0.06183398766124509,0.9960555046840882,0.11561148250098309,0.012175650958138141,441.0,14141.0,6691.0,56.0,False,0.022759736702063146,0.12058043083465575,-0.25090389827369236,0.909223912478044,-0.019466713282623727
densenet121,1.0,101,logistic,1.0,nih,pleural_effusion,21329,2536,18793,0.11889915139012612,0.8815538132444442,0.5335697055960497,0.07440224182552761,0.2480266733757032,0.009763385475416856,0.011764289820823781,0.917192429022082,0.6358750598627149,0.2536808812302323,0.9827302631578947,0.3974369927381461,0.061228149076550394,2326.0,11950.0,6843.0,210.0,False,0.10479318686123498,0.29000878726925683,0.07714343225977359,1.07455098817609,-0.013211244709913863
densenet121,1.0,101,logistic,1.0,vinbig,cardiomegaly,14998,1817,13181,0.12114948659821309,0.8519205547485693,0.4367703385150247,0.10518339239632622,0.40411595194796285,0.09755735161088837,0.09756935611191019,0.8315905338470005,0.722403459525074,0.2922630560928433,0.9688644688644689,0.43251753256046943,0.012175650958138141,1511.0,9522.0,3659.0,306.0,False,0.11584294874158528,0.09201730844263711,1.4044900961476943,0.7780865354678618,2.156354841855399
densenet121,1.0,101,logistic,1.0,vinbig,pleural_effusion,14998,634,14364,0.04227230297372983,0.9207894209762051,0.6595143176421618,0.026015772847930666,0.1092719831264359,0.035883199797845725,0.032144561110025706,0.9006309148264984,0.748259537733222,0.13637449247671363,0.9941726019794653,0.2368803152872848,0.061228149076550394,571.0,10748.0,3616.0,63.0,False,0.04553419164022411,0.4286541187886427,0.9074532779697345,1.8113299274620558,-0.4426177323398839
deit_tiny,1.0,17,temperature,0.1,chexpert,cardiomegaly,19255,2034,17221,0.10563490002596729,0.806073819569382,0.387362801957551,0.08299991600982283,0.32900153432032736,0.05775114449020742,0.057233346125000084,0.8510324483775811,0.5692468497764357,0.18920100557437972,0.9700178112012666,0.30957703657337027,0.008509012708089791,1731.0,9803.0,7418.0,303.0,False,0.1010838392508862,0.17890024137468463,0.09313698952558941,0.5875531526488639,1.193907262612658
deit_tiny,1.0,17,temperature,0.1,chexpert,pleural_effusion,18933,5642,13291,0.2979982041937358,0.8512965745291283,0.7142636782083611,0.15523508854120274,0.47015024444310755,0.10087801000837071,0.10091592275148967,0.9595887982984758,0.39003837183056206,0.40041417054951556,0.9578713968957872,0.565047226425925,0.05701102531543038,5414.0,5184.0,8107.0,228.0,False,0.24329855584761897,0.3619563913958105,1.0249725734203028,1.2332977633443205,0.7225631308023063
deit_tiny,1.0,17,temperature,0.1,nih,cardiomegaly,21329,497,20832,0.023301608139153267,0.8960791438338171,0.2290387751095294,0.02096155245695267,0.08289489352562789,0.008766473211180298,0.010690094160406047,0.9235412474849095,0.6706509216589862,0.06270491803278688,0.997287458062674,0.11743635665856467,0.008509012708089791,459.0,13971.0,6861.0,38.0,False,0.022759736702063146,0.07900725165012434,-0.8356255273339848,0.7763259668997505,-0.38803427950502434
deit_tiny,1.0,17,temperature,0.1,nih,pleural_effusion,21329,2536,18793,0.11889915139012612,0.878443742728558,0.4998085618918333,0.0768550334880737,0.2526049280816719,0.011920586253260718,0.011882618604231506,0.9313880126182965,0.6212951630926409,0.24918240320708934,0.9853164556962025,0.3931751976695797,0.05701102531543038,2362.0,11676.0,7117.0,174.0,False,0.10479318686123498,0.2666027650266656,-0.13722968807961322,1.0119340183167653,-0.1505345686557078
deit_tiny,1.0,17,temperature,0.1,vinbig,cardiomegaly,14998,1817,13181,0.12114948659821309,0.867019630205199,0.5170487470585491,0.0914049598986996,0.33130019781843484,0.07734483340788258,0.07738185448949271,0.9223995597138139,0.611865564069494,0.24676089517078917,0.9828174506458689,0.3893599721221977,0.008509012708089791,1676.0,8065.0,5116.0,141.0,False,0.11584294874158528,0.2109579314784219,0.9439415938096732,0.7850977936511464,1.5292008665331762
deit_tiny,1.0,17,temperature,0.1,vinbig,pleural_effusion,14998,634,14364,0.04227230297372983,0.916669741300324,0.6563808686182694,0.02550834922206536,0.11165126802348163,0.03903436777668185,0.0313318986570749,0.9037854889589906,0.7140072403230298,0.12240974150822474,0.9940874285160415,0.21561618062088428,0.05701102531543038,573.0,10256.0,4108.0,61.0,False,0.04553419164022411,0.43979791222357556,0.3143721266013497,1.651970680641622,-0.6526614007312136
deit_tiny,1.0,17,logistic,0.1,chexpert,cardiomegaly,19255,2034,17221,0.10563490002596729,0.806073819569382,0.387362801957551,0.08666027987242095,0.33004861415802533,0.06823494919017849,0.06815963839869897,0.8510324483775811,0.5692468497764357,0.18920100557437972,0.9700178112012666,0.30957703657337027,0.011651075868954258,1731.0,9803.0,7418.0,303.0,False,0.1010838392508862,0.14268907359826855,0.6606347053620154,0.7573474255855207,1.3720630092563457
deit_tiny,1.0,17,logistic,0.1,chexpert,pleural_effusion,18933,5642,13291,0.2979982041937358,0.8512965745291283,0.7142636782083611,0.14870712206900072,0.4553038012997496,0.08262729224445349,0.0826272922444535,0.9595887982984758,0.39003837183056206,0.40041417054951556,0.9578713968957872,0.565047226425925,0.05693233876013844,5414.0,5184.0,8107.0,228.0,False,0.24329855584761897,0.3887874856021015,0.7606533565356016,1.1385001199285503,0.5999885052078652
deit_tiny,1.0,17,logistic,0.1,nih,cardiomegaly,21329,497,20832,0.023301608139153267,0.8960791438338171,0.2290387751095294,0.019897690410038072,0.07996757095391682,0.002831309346422955,0.0030668572423615146,0.9235412474849095,0.6706509216589862,0.06270491803278688,0.997287458062674,0.11743635665856467,0.011651075868954258,459.0,13971.0,6861.0,38.0,False,0.022759736702063146,0.1257504130865289,-0.08605342807957989,1.0006415654403333,-0.08762948905784547
deit_tiny,1.0,17,logistic,0.1,nih,pleural_effusion,21329,2536,18793,0.11889915139012612,0.878443742728558,0.4998085618918333,0.07806719939877711,0.25529471143171284,0.02272034998544279,0.02273537143958095,0.9313880126182965,0.6212951630926409,0.24918240320708934,0.9853164556962025,0.3931751976695797,0.05693233876013844,2362.0,11676.0,7117.0,174.0,False,0.10479318686123498,0.25503554441805343,-0.35411643246641356,0.9341508487649353,-0.2923164572665409
deit_tiny,1.0,17,logistic,0.1,vinbig,cardiomegaly,14998,1817,13181,0.12114948659821309,0.867019630205199,0.5170487470585491,0.09776654169078491,0.34497081270026836,0.0869450980192734,0.08705438050430198,0.9223995597138139,0.611865564069494,0.24676089517078917,0.9828174506458689,0.3893599721221977,0.011651075868954258,1676.0,8065.0,5116.0,141.0,False,0.11584294874158528,0.1560423594803686,1.7021428443433508,1.011971877726408,1.6667496275187552
deit_tiny,1.0,17,logistic,0.1,vinbig,pleural_effusion,14998,634,14364,0.04227230297372983,0.916669741300324,0.6563808686182694,0.025518620029896636,0.1115663047336021,0.03933966983518776,0.03158944484487505,0.9037854889589906,0.7140072403230298,0.12240974150822474,0.9940874285160415,0.21561618062088428,0.05693233876013844,573.0,10256.0,4108.0,61.0,False,0.04553419164022411,0.43957234968559467,-0.03964312214877289,1.5249987968784386,-0.7435590374435872
deit_tiny,1.0,17,temperature,0.25,chexpert,cardiomegaly,19255,2034,17221,0.10563490002596729,0.806073819569382,0.387362801957551,0.08383634325204649,0.34372157805150855,0.0619427654039515,0.06119589131498092,0.8185840707964602,0.6227861332094535,0.20401911530449698,0.9667387777176852,0.32663070132417854,0.008366103040096405,1665.0,10725.0,6496.0,369.0,False,0.1010838392508862,0.1706256521977968,0.09314581185547575,0.5491344958434097,1.3625936436127781
deit_tiny,1.0,17,temperature,0.25,chexpert,pleural_effusion,18933,5642,13291,0.2979982041937358,0.8512965745291283,0.7142636782083611,0.15441816791715404,0.46707345440824005,0.09552823352048932,0.09602818205736578,0.9698688408365828,0.3369949589948085,0.383085970316438,0.9634329963432996,0.5492321589882565,0.05403225470388735,5472.0,4479.0,8812.0,170.0,False,0.24329855584761897,0.3653140793245475,1.0250233536196192,1.2859989030178052,0.6678843427375559
deit_tiny,1.0,17,temperature,0.25,nih,cardiomegaly,21329,497,20832,0.023301608139153267,0.8960791438338171,0.2290387751095294,0.020881053669650276,0.08309401150333424,0.00900824631404054,0.009119987256582536,0.8873239436619719,0.7129896313364056,0.06869158878504673,0.9962438795358508,0.12751192713604165,0.008366103040096405,441.0,14853.0,5979.0,56.0,False,0.022759736702063146,0.08254414613867522,-0.8356373367690684,0.7255772579562066,-0.2654187709644202
deit_tiny,1.0,17,temperature,0.25,nih,pleural_effusion,21329,2536,18793,0.11889915139012612,0.878443742728558,0.4998085618918333,0.07696238290536567,0.2534628971371451,0.016105744694848975,0.01605960035127969,0.9444006309148265,0.5867078167402756,0.2356819523715804,0.9873735112384705,0.37722475980469367,0.05403225470388735,2395.0,11026.0,7767.0,141.0,False,0.10479318686123498,0.2655783719291055,-0.1373409842766425,1.055090083640515,-0.19715204638449707
deit_tiny,1.0,17,temperature,0.25,vinbig,cardiomegaly,14998,1817,13181,0.12114948659821309,0.867019630205199,0.5170487470585491,0.092694867458586,0.3465627905135995,0.08130952072529365,0.08133043017876726,0.9003852504127683,0.6574614976101965,0.2659730125182897,0.9795410873742512,0.4106425702811245,0.008366103040096405,1636.0,8666.0,4515.0,181.0,False,0.11584294874158528,0.19982296319680604,0.9439305452044934,0.7337628840302757,1.7110133229659081
deit_tiny,1.0,17,temperature,0.25,vinbig,pleural_effusion,14998,634,14364,0.04227230297372983,0.916669741300324,0.6563808686182694,0.026053754735581174,0.11538210131566003,0.04386492025253638,0.035546199873770196,0.9132492113564669,0.6644388749651907,0.10724208186701241,0.994270236482967,0.19194430631526604,0.05403225470388735,579.0,9544.0,4820.0,55.0,False,0.04553419164022411,0.42781997885374246,0.31446135919733026,1.7225072309246208,-0.7247388488527594
deit_tiny,1.0,17,logistic,0.25,chexpert,cardiomegaly,19255,2034,17221,0.10563490002596729,0.806073819569382,0.387362801957551,0.0880143462032424,0.3446075727218059,0.07303035795934154,0.07295668355493017,0.8185840707964602,0.6227861332094535,0.20401911530449698,0.9667387777176852,0.32663070132417854,0.011282201213879097,1665.0,10725.0,6496.0,369.0,False,0.1010838392508862,0.12929359573695864,0.7005220694314984,0.7219822511211282,1.5646931155542099
deit_tiny,1.0,17,logistic,0.25,chexpert,pleural_effusion,18933,5642,13291,0.2979982041937358,0.8512965745291283,0.7142636782083611,0.15448601260627992,0.46722759520697116,0.0957035139434417,0.096205362035063,0.9698688408365828,0.3369949589948085,0.383085970316438,0.9634329963432996,0.5492321589882565,0.05403194720633348,5472.0,4479.0,8812.0,170.0,False,0.24329855584761897,0.36503522567952884,1.0277631463114805,1.286954197864117,0.6690573556352598
deit_tiny,1.0,17,logistic,0.25,nih,cardiomegaly,21329,497,20832,0.023301608139153267,0.8960791438338171,0.2290387751095294,0.019897600279590383,0.08001145933231944,0.002970882683182073,0.0022209266161327236,0.8873239436619719,0.7129896313364056,0.06869158878504673,0.9962438795358508,0.12751192713604165,0.011282201213879097,441.0,14853.0,5979.0,56.0,False,0.022759736702063146,0.1257543731695856,-0.03327608046810745,0.9539489481678765,0.0875686073634874
deit_tiny,1.0,17,logistic,0.25,nih,pleural_effusion,21329,2536,18793,0.11889915139012612,0.878443742728558,0.4998085618918333,0.07695523756042276,0.25344785137074893,0.01599520790803876,0.01595483927402075,0.9444006309148265,0.5867078167402756,0.2356819523715804,0.9873735112384705,0.37722475980469367,0.05403194720633348,2395.0,11026.0,7767.0,141.0,False,0.10479318686123498,0.2656465571342407,-0.13509969782269096,1.0558712389590823,-0.19584778975818984
deit_tiny,1.0,17,logistic,0.25,vinbig,cardiomegaly,14998,1817,13181,0.12114948659821309,0.867019630205199,0.5170487470585491,0.0997259154929492,0.3616009481375003,0.09154807238403231,0.0916211525835927,0.9003852504127683,0.6574614976101965,0.2659730125182897,0.9795410873742512,0.4106425702811245,0.011282201213879097,1636.0,8666.0,4515.0,181.0,False,0.11584294874158528,0.13912830624321282,1.7554920488798482,0.9647281897729273,1.8661140438116244
deit_tiny,1.0,17,logistic,0.25,vinbig,pleural_effusion,14998,634,14364,0.04227230297372983,0.916669741300324,0.6563808686182694,0.0260544336778944,0.11538214623859203,0.04385885360481999,0.03556363211006787,0.9132492113564669,0.6644388749651907,0.10724208186701241,0.994270236482967,0.19194430631526604,0.05403194720633348,579.0,9544.0,4820.0,55.0,False,0.04553419164022411,0.4278050682494522,0.3181244152615503,1.7237835507909125,-0.7238788020124591
deit_tiny,1.0,17,temperature,0.5,chexpert,cardiomegaly,19255,2034,17221,0.10563490002596729,0.806073819569382,0.387362801957551,0.08373574706446553,0.34186696944193345,0.06148274288799864,0.06074577738721432,0.8387413962635202,0.5819058126705766,0.1915562542106445,0.9683061165329984,0.31188299817184645,0.006890868758196082,1706.0,10021.0,7200.0,328.0,False,0.1010838392508862,0.17162082796799372,0.0931471240354116,0.5535906636318422,1.3420322082339546
deit_tiny,1.0,17,temperature,0.5,chexpert,pleural_effusion,18933,5642,13291,0.2979982041937358,0.8512965745291283,0.7142636782083611,0.15587064542614326,0.4727139887350758,0.1045926652528797,0.10459266525287972,0.9595887982984758,0.39003837183056206,0.40041417054951556,0.9578713968957872,0.565047226425925,0.052628544868708806,5414.0,5184.0,8107.0,228.0,False,0.24329855584761897,0.3593441404404921,1.0249690494334918,1.1971899709014542,0.7624976876210087
deit_tiny,1.0,17,temperature,0.5,nih,cardiomegaly,21329,497,20832,0.023301608139153267,0.8960791438338171,0.2290387751095294,0.02088805686606507,0.08303603723058021,0.008986448657335527,0.009251969314577784,0.9134808853118712,0.6815956221198156,0.06406095668124735,0.9969807611290549,0.11972573839662447,0.006890868758196082,454.0,14199.0,6633.0,43.0,False,0.022759736702063146,0.08223644502128236,-0.8357330232464694,0.7314944064640815,-0.2801475052279069
deit_tiny,1.0,17,temperature,0.5,nih,pleural_effusion,21329,2536,18793,0.11889915139012612,0.878443742728558,0.4998085618918333,0.07681680231596655,0.2522574888989878,0.009039846558672994,0.009553191165532415,0.9313880126182965,0.6212951630926409,0.24918240320708934,0.9853164556962025,0.3931751976695797,0.052628544868708806,2362.0,11676.0,7117.0,174.0,False,0.10479318686123498,0.26696759000481773,-0.1372502363850833,0.9822946264462898,-0.11713819792976275
deit_tiny,1.0,17,temperature,0.5,vinbig,cardiomegaly,14998,1817,13181,0.12114948659821309,0.867019630205199,0.5170487470585491,0.09254113000926023,0.34464285828350594,0.0808578390100422,0.08088027159527454,0.9179966978536048,0.6230938472043093,0.2513562386980108,0.9821812963405884,0.3946527859931385,0.006890868758196082,1668.0,8213.0,4968.0,149.0,False,0.11584294874158528,0.20115008281000502,0.9439304133948052,0.7397168277717459,1.6888238882879314
deit_tiny,1.0,17,temperature,0.5,vinbig,pleural_effusion,14998,634,14364,0.04227230297372983,0.916669741300324,0.6563808686182694,0.025163598720817366,0.10923864284024025,0.035738408376396406,0.028516830306041654,0.9037854889589906,0.7140072403230298,0.12240974150822474,0.9940874285160415,0.21561618062088428,0.052628544868708806,573.0,10256.0,4108.0,61.0,False,0.04553419164022411,0.4473691567945113,0.31462765552668265,1.6036358960396462,-0.6006993151377126
deit_tiny,1.0,17,logistic,0.5,chexpert,cardiomegaly,19255,2034,17221,0.10563490002596729,0.806073819569382,0.387362801957551,0.08800760554850046,0.3441435529532069,0.07295332479687493,0.07288047738464251,0.8387413962635202,0.5819058126705766,0.1915562542106445,0.9683061165329984,0.31188299817184645,0.009557056040828819,1706.0,10021.0,7200.0,328.0,False,0.1010838392508862,0.12936027953915596,0.7050458843466062,0.724772065088555,1.5594639673598143
deit_tiny,1.0,17,logistic,0.5,chexpert,pleural_effusion,18933,5642,13291,0.2979982041937358,0.8512965745291283,0.7142636782083611,0.1629565240187375,0.4890907591663058,0.12041406998786527,0.12041406998786526,0.9595887982984758,0.39003837183056206,0.40041417054951556,0.9578713968957872,0.565047226425925,0.05265377004373147,5414.0,5184.0,8107.0,228.0,False,0.24329855584761897,0.33021992896332986,1.2896086081991716,1.2889641164081265,0.8701776303833285
deit_tiny,1.0,17,logistic,0.5,nih,cardiomegaly,21329,497,20832,0.023301608139153267,0.8960791438338171,0.2290387751095294,0.019896293245512075,0.07999784209532985,0.002766870570609076,0.002188750556183528,0.9134808853118712,0.6815956221198156,0.06406095668124735,0.9969807611290549,0.11972573839662447,0.009557056040828819,454.0,14199.0,6633.0,43.0,False,0.022759736702063146,0.12581180063877906,-0.027299814661975976,0.9576362020866112,0.08383495089549722
deit_tiny,1.0,17,logistic,0.5,nih,pleural_effusion,21329,2536,18793,0.11889915139012612,0.878443742728558,0.4998085618918333,0.07661905949519945,0.2519203511739017,0.006444958539979165,0.005615157529063107,0.9313880126182965,0.6212951630926409,0.24918240320708934,0.9853164556962025,0.3931751976695797,0.05265377004373147,2362.0,11676.0,7117.0,174.0,False,0.10479318686123498,0.2688545716559144,0.07997715835010405,1.0576435069959382,0.0055552037958298845
deit_tiny,1.0,17,logistic,0.5,vinbig,cardiomegaly,14998,1817,13181,0.12114948659821309,0.867019630205199,0.5170487470585491,0.09971558647164651,0.3611641584143634,0.09146716964554408,0.09154192005233218,0.9179966978536048,0.6230938472043093,0.2513562386980108,0.9821812963405884,0.3946527859931385,0.009557056040828819,1668.0,8213.0,4968.0,149.0,False,0.11584294874158528,0.13921747024857434,1.7614989931678384,0.9684472078164593,1.8603277032559233
deit_tiny,1.0,17,logistic,0.5,vinbig,pleural_effusion,14998,634,14364,0.04227230297372983,0.916669741300324,0.6563808686182694,0.025503840631625755,0.10998506967382522,0.03601213333999093,0.03061894651003189,0.9037854889589906,0.7140072403230298,0.12240974150822474,0.9940874285160415,0.21561618062088428,0.05265377004373147,573.0,10256.0,4108.0,61.0,False,0.04553419164022411,0.4398969277167072,0.6688221348213607,1.7265335706207403,-0.5234300687056808
deit_tiny,1.0,17,temperature,1.0,chexpert,cardiomegaly,19255,2034,17221,0.10563490002596729,0.806073819569382,0.387362801957551,0.08339801171926799,0.33581210103879083,0.05983900264341018,0.05918366048621539,0.8190757128810227,0.6201730445386446,0.20299744120872426,0.9666908037653874,0.3253588516746411,0.009700771936035853,1666.0,10680.0,6541.0,368.0,False,0.1010838392508862,0.17496196882394488,0.09314451942165453,0.5688650482530762,1.273592038556176
deit_tiny,1.0,17,temperature,1.0,chexpert,pleural_effusion,18933,5642,13291,0.2979982041937358,0.8512965745291283,0.7142636782083611,0.1561359862932751,0.4738246741267958,0.10605122599860267,0.10605122599860267,0.9578163771712159,0.3977879768264239,0.40304295942720764,0.9569230769230769,0.5673490813648294,0.05254406421009426,5404.0,5287.0,8004.0,238.0,False,0.24329855584761897,0.35825354265125564,1.0249677494650735,1.183106438153127,0.7786584483266604
deit_tiny,1.0,17,temperature,1.0,nih,cardiomegaly,21329,497,20832,0.023301608139153267,0.8960791438338171,0.2290387751095294,0.020916713412426586,0.08290850961928249,0.008887484216536031,0.009907498488448581,0.8913480885311871,0.7106374807987711,0.06845927986400865,0.9963655942926369,0.12715269804822044,0.009700771936035853,443.0,14804.0,6028.0,54.0,False,0.022759736702063146,0.08097735548361995,-0.8357089534956053,0.7516552975004357,-0.3295999189363386
deit_tiny,1.0,17,temperature,1.0,nih,pleural_effusion,21329,2536,18793,0.11889915139012612,0.878443742728558,0.4998085618918333,0.07680997639671204,0.2521801807987887,0.008131472044272703,0.009056773616788461,0.9282334384858044,0.6275740967381472,0.2516839516732599,0.9848029392117569,0.3959962991000084,0.05254406421009426,2354.0,11794.0,6999.0,182.0,False,0.10479318686123498,0.26703272705674796,-0.13722603359176902,0.9707545685776735,-0.1037756458232291
deit_tiny,1.0,17,temperature,1.0,vinbig,cardiomegaly,14998,1817,13181,0.12114948659821309,0.867019630205199,0.5170487470585491,0.09202227753750472,0.3383690588409622,0.07929298669283431,0.07932129650911628,0.9020363236103467,0.6559441620514377,0.26546809199870425,0.979827742520399,0.41021148792391443,0.009700771936035853,1639.0,8646.0,4535.0,178.0,False,0.11584294874158528,0.20562901292523317,0.9439317770363431,0.7601258174955269,1.6150228718584816
deit_tiny,1.0,17,temperature,1.0,vinbig,pleural_effusion,14998,634,14364,0.04227230297372983,0.916669741300324,0.6563808686182694,0.02503562096800116,0.10833260281493066,0.034345903934643554,0.027436923432073667,0.8990536277602523,0.7208298524087998,0.12445414847161572,0.9938567863313496,0.2186421173762946,0.05254406421009426,570.0,10354.0,4010.0,64.0,False,0.04553419164022411,0.45017974260280647,0.3146151433262842,1.5847682644133405,-0.5798328233008605
deit_tiny,1.0,17,logistic,1.0,chexpert,cardiomegaly,19255,2034,17221,0.10563490002596729,0.806073819569382,0.387362801957551,0.0872862194007961,0.33805718923972394,0.07075840651008879,0.07068050613699457,0.8190757128810227,0.6201730445386446,0.20299744120872426,0.9666908037653874,0.3253588516746411,0.012350733979571307,1666.0,10680.0,6541.0,368.0,False,0.1010838392508862,0.1364967926855739,0.6602730979467655,0.7300025198460447,1.4768323133239514
deit_tiny,1.0,17,logistic,1.0,chexpert,pleural_effusion,18933,5642,13291,0.2979982041937358,0.8512965745291283,0.7142636782083611,0.16188889984217358,0.4870536756898199,0.11890298648735208,0.11890298648735205,0.9578163771712159,0.3977879768264239,0.40304295942720764,0.9569230769230769,0.5673490813648294,0.052779977683232046,5404.0,5287.0,8004.0,238.0,False,0.24329855584761897,0.3346080527351478,1.239573062952346,1.2593622398522466,0.8653892098742757
deit_tiny,1.0,17,logistic,1.0,nih,cardiomegaly,21329,497,20832,0.023301608139153267,0.8960791438338171,0.2290387751095294,0.019894366614448544,0.07991863180391016,0.002221701615570599,0.00258492467106087,0.8913480885311871,0.7106374807987711,0.06845927986400865,0.9963655942926369,0.12715269804822044,0.012350733979571307,443.0,14804.0,6028.0,54.0,False,0.022759736702063146,0.12589645148903938,-0.08656484612567428,0.9644873102441399,0.003949538971356034
deit_tiny,1.0,17,logistic,1.0,nih,pleural_effusion,21329,2536,18793,0.11889915139012612,0.878443742728558,0.4998085618918333,0.07659714457910445,0.2517832179623899,0.0062388578025309414,0.00387962623409443,0.9282334384858044,0.6275740967381472,0.2516839516732599,0.9848029392117569,0.3959962991000084,0.052779977683232046,2354.0,11794.0,6999.0,182.0,False,0.10479318686123498,0.26906369704613675,0.039031262826475524,1.0334123833588518,-0.003512996372621753
deit_tiny,1.0,17,logistic,1.0,vinbig,cardiomegaly,14998,1817,13181,0.12114948659821309,0.867019630205199,0.5170487470585491,0.09867887653693305,0.35376868940623984,0.0893964608054521,0.08948030181525034,0.9020363236103467,0.6559441620514377,0.26546809199870425,0.979827742520399,0.41021148792391443,0.012350733979571307,1639.0,8646.0,4535.0,178.0,False,0.11584294874158528,0.14816674118802597,1.7017673969422087,0.9754509928006206,1.7766633693036125
deit_tiny,1.0,17,logistic,1.0,vinbig,pleural_effusion,14998,634,14364,0.04227230297372983,0.916669741300324,0.6563808686182694,0.02532470333530771,0.10906285365670537,0.03474999969764995,0.029350704645444647,0.8990536277602523,0.7208298524087998,0.12445414847161572,0.9938567863313496,0.2186421173762946,0.052779977683232046,570.0,10354.0,4010.0,64.0,False,0.04553419164022411,0.44383105479495744,0.6018076536444956,1.6868850450391533,-0.5184696788187667
deit_tiny,1.0,43,temperature,0.1,chexpert,cardiomegaly,0,0,0,,,,,,,,,,,,,,,,,,,,,,,
deit_tiny,1.0,43,temperature,0.1,chexpert,pleural_effusion,18933,5642,13291,0.2979982041937358,0.8594792431763121,0.7240547734233624,0.16455985960943723,0.49089593259850073,0.1257741912053543,0.12790849533844575,0.9466501240694789,0.4898803701753066,0.44064021120369606,0.9558132706987669,0.6013623824804368,0.07199283931116732,5341.0,6511.0,6780.0,301.0,False,0.24329855584761897,0.32362993674116514,1.5671505385452196,1.42669623868936,0.9040122386277689
deit_tiny,1.0,43,temperature,0.1,nih,cardiomegaly,0,0,0,,,,,,,,,,,,,,,,,,,,,,,
deit_tiny,1.0,43,temperature,0.1,nih,pleural_effusion,21329,2536,18793,0.11889915139012612,0.8781416699720901,0.5104459961083054,0.07616101140178755,0.25287564707523796,0.01485534510818742,0.013972485506225268,0.886435331230284,0.7055286542861704,0.28887175533281934,0.9787406805934893,0.4357433611164954,0.07199283931116732,2248.0,13259.0,5534.0,288.0,False,0.10479318686123498,0.2732255437308303,0.21366325518213522,1.0990938336057123,0.06991027301221144
deit_tiny,1.0,43,temperature,0.1,vinbig,cardiomegaly,0,0,0,,,,,,,,,,,,,,,,,,,,,,,
deit_tiny,1.0,43,temperature,0.1,vinbig,pleural_effusion,14998,634,14364,0.04227230297372983,0.9183628761704471,0.6542300412356837,0.024921251434767054,0.11023701702651102,0.035310412514175056,0.03245030148494062,0.8643533123028391,0.8155806182121972,0.17141069752893337,0.9927124819930514,0.28608718350300183,0.07199283931116732,548.0,11715.0,2649.0,86.0,False,0.04553419164022411,0.4526914712426331,0.8299393563399023,1.778709237873484,-0.5500278599434995
deit_tiny,1.0,43,logistic,0.1,chexpert,cardiomegaly,0,0,0,,,,,,,,,,,,,,,,,,,,,,,
deit_tiny,1.0,43,logistic,0.1,chexpert,pleural_effusion,18933,5642,13291,0.2979982041937358,0.8594792431763121,0.7240547734233624,0.15087949341147244,0.45889308185941996,0.0972222736301526,0.09815808904917418,0.9466501240694789,0.4898803701753066,0.44064021120369606,0.9558132706987669,0.6013623824804368,0.07109118929438486,5341.0,6511.0,6780.0,301.0,False,0.24329855584761897,0.37985865602108126,0.9900300435624798,1.1946045473981848,0.7265970465631671
deit_tiny,1.0,43,logistic,0.1,nih,cardiomegaly,0,0,0,,,,,,,,,,,,,,,,,,,,,,,
deit_tiny,1.0,43,logistic,0.1,nih,pleural_effusion,21329,2536,18793,0.11889915139012612,0.8781416699720901,0.5104459961083054,0.07666010884889717,0.25327260205829594,0.01697309480118475,0.016648345319135532,0.886435331230284,0.7055286542861704,0.28887175533281934,0.9787406805934893,0.4357433611164954,0.07109118929438486,2248.0,13259.0,5534.0,288.0,False,0.10479318686123498,0.2684628538837269,-0.23099220116948838,0.9202592704806861,-0.1378805572707896
deit_tiny,1.0,43,logistic,0.1,vinbig,cardiomegaly,0,0,0,,,,,,,,,,,,,,,,,,,,,,,
deit_tiny,1.0,43,logistic,0.1,vinbig,pleural_effusion,14998,634,14364,0.04227230297372983,0.9183628761704471,0.6542300412356837,0.024105842043269286,0.10627072479691346,0.031568349858951905,0.026158541964994318,0.8643533123028391,0.8155806182121972,0.17141069752893337,0.9927124819930514,0.28608718350300183,0.07109118929438486,548.0,11715.0,2649.0,86.0,False,0.04553419164022411,0.47059909982074644,0.11044806780096433,1.4893693334912947,-0.6569047751287744
deit_tiny,1.0,43,temperature,0.25,chexpert,cardiomegaly,19255,2034,17221,0.10563490002596729,0.8035981371672566,0.395487342020031,0.09112159023967242,0.3678664939455988,0.08105700564755848,0.08101709837821798,0.7345132743362832,0.7213286104175135,0.23740664230096933,0.9583397623823484,0.3588327128617749,0.014656188970688171,1494.0,12422.0,4799.0,540.0,False,0.1010838392508862,0.09855431971165884,1.0461131190037274,0.7587855814732657,1.8790368504827433
deit_tiny,1.0,43,temperature,0.25,chexpert,pleural_effusion,18933,5642,13291,0.2979982041937358,0.8594792431763121,0.7240547734233624,0.16426522987977293,0.48988366416772716,0.12452543816389189,0.1269158378709478,0.9482453030840128,0.48137837634489505,0.4369843992485502,0.9563527653213751,0.5982667039418507,0.0721783955543227,5350.0,6398.0,6893.0,292.0,False,0.24329855584761897,0.3248409169240841,1.5671509618503041,1.4392249760138274,0.8901411082367575
deit_tiny,1.0,43,temperature,0.25,nih,cardiomegaly,21329,497,20832,0.023301608139153267,0.8848165799713797,0.21538560490919662,0.020341895563250993,0.08383178469017136,0.007237640593286553,0.006640759659750495,0.8229376257545271,0.7836021505376344,0.08318080130160667,0.9946380697050938,0.15108976727004064,0.014656188970688171,409.0,16324.0,4508.0,88.0,False,0.022759736702063146,0.10623326493021246,0.1681561671417873,0.9304964665680824,0.3795599230240306
deit_tiny,1.0,43,temperature,0.25,nih,pleural_effusion,21329,2536,18793,0.11889915139012612,0.8781416699720901,0.5104459961083054,0.07614502652401996,0.25293344969805115,0.014703369690395022,0.013926039922260085,0.8891955835962145,0.7007928484010004,0.2862401624777862,0.9791093598988923,0.4330708661417323,0.0721783955543227,2255.0,13170.0,5623.0,281.0,False,0.10479318686123498,0.27337808110703166,0.21367377463707088,1.108744658123395,0.056923254144042534
deit_tiny,1.0,43,temperature,0.25,vinbig,cardiomegaly,14998,1817,13181,0.12114948659821309,0.8898255302104474,0.5609823692559321,0.10246229625614976,0.3837615586207908,0.09926943309071394,0.09940761764825162,0.8260869565217391,0.7896214247780897,0.35119326158165654,0.9705333830660201,0.4928583155475291,0.014656188970688171,1501.0,10408.0,2773.0,316.0,False,0.11584294874158528,0.11550683602921907,2.709946855897176,1.1167432188461488,2.2884852144706884
deit_tiny,1.0,43,temperature,0.25,vinbig,pleural_effusion,14998,634,14364,0.04227230297372983,0.9183628761704471,0.6542300412356837,0.025005269083919725,0.11100403192414816,0.03629941852884188,0.03334918937437109,0.8675078864353313,0.8094541910331384,0.1673258290234256,0.9928272564255828,0.28054067839836777,0.0721783955543227,550.0,11627.0,2737.0,84.0,False,0.04553419164022411,0.4508463160718438,0.8299399373985276,1.7943289502917028,-0.5675717761818296
deit_tiny,1.0,43,logistic,0.25,chexpert,cardiomegaly,19255,2034,17221,0.10563490002596729,0.8035981371672566,0.395487342020031,0.08744097855273454,0.3686552516999663,0.0748782085050014,0.07464698570596615,0.7345132743362832,0.7213286104175135,0.23740664230096933,0.9583397623823484,0.3588327128617749,0.012177125613705436,1494.0,12422.0,4799.0,540.0,False,0.1010838392508862,0.13496579472303782,0.4606380264011134,0.5931797366765265,1.801290677746126
deit_tiny,1.0,43,logistic,0.25,chexpert,pleural_effusion,18933,5642,13291,0.2979982041937358,0.8594792431763121,0.7240547734233624,0.15439008074161217,0.4666795288558802,0.10466997274895008,0.10624412696034506,0.9482453030840128,0.48137837634489505,0.4369843992485502,0.9563527653213751,0.5982667039418507,0.07219752391764052,5350.0,6398.0,6893.0,292.0,False,0.24329855584761897,0.3654295225726343,1.1531689804466743,1.2772542361387424,0.7648263976686137
deit_tiny,1.0,43,logistic,0.25,nih,cardiomegaly,21329,497,20832,0.023301608139153267,0.8848165799713797,0.21538560490919662,0.020605323559223024,0.08526046489353217,0.008213123396551624,0.007499744009665928,0.8229376257545271,0.7836021505376344,0.08318080130160667,0.9946380697050938,0.15108976727004064,0.012177125613705436,409.0,16324.0,4508.0,88.0,False,0.022759736702063146,0.09465896600837331,-0.550198603185389,0.7272970517130902,0.1823667827066354
deit_tiny,1.0,43,logistic,0.25,nih,pleural_effusion,21329,2536,18793,0.11889915139012612,0.8781416699720901,0.5104459961083054,0.07615056954492438,0.25233483645133975,0.013439677094655069,0.012675636745540687,0.8891955835962145,0.7007928484010004,0.2862401624777862,0.9791093598988923,0.4330708661417323,0.07219752391764052,2255.0,13170.0,5623.0,281.0,False,0.10479318686123498,0.2733251862474473,-0.10548932084851548,0.9838688575563784,-0.08525693127401705
deit_tiny,1.0,43,logistic,0.25,vinbig,cardiomegaly,14998,1817,13181,0.12114948659821309,0.8898255302104474,0.5609823692559321,0.09731707112785172,0.3737229453574799,0.09392755957552036,0.09397327933065333,0.8260869565217391,0.7896214247780897,0.35119326158165654,0.9705333830660201,0.4928583155475291,0.012177125613705436,1501.0,10408.0,2773.0,316.0,False,0.11584294874158528,0.15992235880545347,1.8479598408223052,0.8729345683437212,2.2964201608987436
deit_tiny,1.0,43,logistic,0.25,vinbig,pleural_effusion,14998,634,14364,0.04227230297372983,0.9183628761704471,0.6542300412356837,0.02436764583568928,0.1083436652444882,0.033968823512224244,0.028672870078157893,0.8675078864353313,0.8094541910331384,0.1673258290234256,0.9928272564255828,0.28054067839836777,0.07219752391764052,550.0,11627.0,2737.0,84.0,False,0.04553419164022411,0.4648494909446613,0.3137780010998279,1.5924050764336777,-0.6442662308916514
deit_tiny,1.0,43,temperature,0.5,chexpert,cardiomegaly,19255,2034,17221,0.10563490002596729,0.8035981371672566,0.395487342020031,0.09036088419182058,0.3567633974578589,0.07865991058171262,0.07861438208501764,0.7944936086529006,0.6502525985715115,0.21154601387616181,0.9640151515151515,0.33412591750232606,0.012560882473900198,1616.0,11198.0,6023.0,418.0,False,0.1010838392508862,0.1060798159085713,1.0461201215536384,0.7904823123307567,1.7441413117131832
deit_tiny,1.0,43,temperature,0.5,chexpert,pleural_effusion,18933,5642,13291,0.2979982041937358,0.8594792431763121,0.7240547734233624,0.16512598304959814,0.4928885562347788,0.12810275747201408,0.12976805632715283,0.9532080822403403,0.45782860582348955,0.42736808645899554,0.9584186486060797,0.5901459453527927,0.06434665258489794,5378.0,6085.0,7206.0,264.0,False,0.24329855584761897,0.3213030694969736,1.5671499769169932,1.4034232862323672,0.9303932734346961
deit_tiny,1.0,43,temperature,0.5,nih,cardiomegaly,21329,497,20832,0.023301608139153267,0.8848165799713797,0.21538560490919662,0.020278107566591545,0.0830839616423043,0.005481341763608847,0.0052196107855514455,0.869215291750503,0.7289266513056836,0.07106431978943906,0.9957377049180328,0.13138686131386862,0.012560882473900198,432.0,15185.0,5647.0,65.0,False,0.022759736702063146,0.10903593340983797,0.16796233677180084,0.9692984714495378,0.2584155793175244
deit_tiny,1.0,43,temperature,0.5,nih,pleural_effusion,21329,2536,18793,0.11889915139012612,0.8781416699720901,0.5104459961083054,0.07619878939952678,0.2528276467001457,0.014657777648490411,0.01413180722995212,0.8978706624605678,0.6879689245995849,0.27969536911927284,0.9803609341825902,0.4265243045799382,0.06434665258489794,2277.0,12929.0,5864.0,259.0,False,0.10479318686123498,0.27286504321671534,0.2136670968043698,1.0811773178098456,0.0944840612323137
deit_tiny,1.0,43,temperature,0.5,vinbig,cardiomegaly,14998,1817,13181,0.12114948659821309,0.8898255302104474,0.5609823692559321,0.10145128445276476,0.3715912912730799,0.0971525956630811,0.09733932343677844,0.8855255916345625,0.7286245353159851,0.3102583879676051,0.9788014675907053,0.4595173497072683,0.012560882473900198,1609.0,9604.0,3577.0,208.0,False,0.11584294874158528,0.12423427101225204,2.7100666928851886,1.1634263521945967,2.141631480664322
deit_tiny,1.0,43,temperature,0.5,vinbig,pleural_effusion,14998,634,14364,0.04227230297372983,0.9183628761704471,0.6542300412356837,0.024772258611922945,0.10884680130308094,0.033281945570883896,0.030798925511546327,0.8753943217665615,0.7936507936507936,0.1577152600170503,0.9931178674100531,0.2672766674692993,0.06434665258489794,555.0,11400.0,2964.0,79.0,False,0.04553419164022411,0.4559635799037758,0.8299365906922421,1.7496949826118486,-0.5167833286085793
deit_tiny,1.0,43,logistic,0.5,chexpert,cardiomegaly,19255,2034,17221,0.10563490002596729,0.8035981371672566,0.395487342020031,0.08857285334146096,0.35491816191486886,0.07590017944927474,0.07572973019137934,0.7944936086529006,0.6502525985715115,0.21154601387616181,0.9640151515151515,0.33412591750232606,0.011454575248260598,1616.0,11198.0,6023.0,418.0,False,0.1010838392508862,0.12376840850270288,0.7465293192707165,0.7067321504558197,1.6997998258690727
deit_tiny,1.0,43,logistic,0.5,chexpert,pleural_effusion,18933,5642,13291,0.2979982041937358,0.8594792431763121,0.7240547734233624,0.15695284677134638,0.4734113101958534,0.1119059452124867,0.1130617254280791,0.9532080822403403,0.45782860582348955,0.42736808645899554,0.9584186486060797,0.5901459453527927,0.06460239224937636,5378.0,6085.0,7206.0,264.0,False,0.24329855584761897,0.35489610193309995,1.2367928993242856,1.282038704241496,0.8247149744422537
deit_tiny,1.0,43,logistic,0.5,nih,cardiomegaly,21329,497,20832,0.023301608139153267,0.8848165799713797,0.21538560490919662,0.02030679899280734,0.08318772926719485,0.005041427906939247,0.00411955755305713,0.869215291750503,0.7289266513056836,0.07106431978943906,0.9957377049180328,0.13138686131386862,0.011454575248260598,432.0,15185.0,5647.0,65.0,False,0.022759736702063146,0.10777531134766816,-0.200728568489635,0.8662463467569014,0.17255980244261956
deit_tiny,1.0,43,logistic,0.5,nih,pleural_effusion,21329,2536,18793,0.11889915139012612,0.8781416699720901,0.5104459961083054,0.07605276236766544,0.25207783778534204,0.011798414683970256,0.010527025215570546,0.8978706624605678,0.6879689245995849,0.27969536911927284,0.9803609341825902,0.4265243045799382,0.06460239224937636,2277.0,12929.0,5864.0,259.0,False,0.10479318686123498,0.27425852151654706,-0.04090146913654422,0.9876296457055453,-0.02467748016505754
deit_tiny,1.0,43,logistic,0.5,vinbig,cardiomegaly,14998,1817,13181,0.12114948659821309,0.8898255302104474,0.5609823692559321,0.09897955725274162,0.3649254954893515,0.09472856620999379,0.09485002679603197,0.8855255916345625,0.7286245353159851,0.3102583879676051,0.9788014675907053,0.4595173497072683,0.011454575248260598,1609.0,9604.0,3577.0,208.0,False,0.11584294874158528,0.1455711519089642,2.269087290016752,1.040135616449479,2.13146803449497
deit_tiny,1.0,43,logistic,0.5,vinbig,pleural_effusion,14998,634,14364,0.04227230297372983,0.9183628761704471,0.6542300412356837,0.024249172883073516,0.1070072869262646,0.03200917716117273,0.02752686864164004,0.8753943217665615,0.7936507936507936,0.1577152600170503,0.9931178674100531,0.2672766674692993,0.06460239224937636,555.0,11400.0,2964.0,79.0,False,0.04553419164022411,0.4674513369058644,0.4180180759438447,1.598374511524624,-0.5858494445583223
deit_tiny,1.0,43,temperature,1.0,chexpert,cardiomegaly,19255,2034,17221,0.10563490002596729,0.8035981371672566,0.395487342020031,0.08895635593109844,0.3385936259948871,0.07375122892538648,0.07370856131848327,0.8136676499508357,0.6192439463445792,0.20153433999025816,0.9656796160463642,0.3230528986921726,0.015069371030128422,1655.0,10664.0,6557.0,379.0,False,0.1010838392508862,0.11997450244927688,1.046122121146713,0.8514434313999782,1.5098862742147476
deit_tiny,1.0,43,temperature,1.0,chexpert,pleural_effusion,18933,5642,13291,0.2979982041937358,0.8594792431763121,0.7240547734233624,0.16483763810272886,0.49186589046777873,0.12692800580645222,0.12882851945098286,0.9704005671747608,0.3649085847566022,0.3934320206956022,0.9667131752043053,0.5598731976684732,0.05333722890325599,5475.0,4850.0,8441.0,167.0,False,0.24329855584761897,0.3224882181135148,1.567150221335702,1.4151502002729217,0.9169983126043588
deit_tiny,1.0,43,temperature,1.0,nih,cardiomegaly,21329,497,20832,0.023301608139153267,0.8848165799713797,0.21538560490919662,0.02020097126204787,0.08250798170439758,0.0022466771210731032,0.002813790810078075,0.89738430583501,0.7042530721966206,0.0675041622521568,0.9965357967667436,0.12556306306306306,0.015069371030128422,446.0,14671.0,6161.0,51.0,False,0.022759736702063146,0.11242508968846399,0.16828337127652374,1.0441591615093218,0.045226548312697394
deit_tiny,1.0,43,temperature,1.0,nih,pleural_effusion,21329,2536,18793,0.11889915139012612,0.8781416699720901,0.5104459961083054,0.07617843462670247,0.25284200500785387,0.01489688182707127,0.014022821125431212,0.9215299684542587,0.6398659075187569,0.25667215815485994,0.9837205497382199,0.4015118976032987,0.05333722890325599,2337.0,12025.0,6768.0,199.0,False,0.10479318686123498,0.2730592807757969,0.21387817603795495,1.0903061310173932,0.08202764962569349
deit_tiny,1.0,43,temperature,1.0,vinbig,cardiomegaly,14998,1817,13181,0.12114948659821309,0.8898255302104474,0.5609823692559321,0.09954519935469759,0.3515250127230578,0.09279321740692639,0.09311149326847844,0.9053384700055036,0.7002503603671952,0.29395997140814867,0.9817060199957456,0.4438149197355996,0.015069371030128422,1645.0,9230.0,3951.0,172.0,False,0.11584294874158528,0.14068831606871146,2.709679087298091,1.2530389714467465,1.8871355738949196
deit_tiny,1.0,43,temperature,1.0,vinbig,pleural_effusion,14998,634,14364,0.04227230297372983,0.9183628761704471,0.6542300412356837,0.024846184783347474,0.10954158975606826,0.034273708493272784,0.031627981659707344,0.8990536277602523,0.7160261765524923,0.12260701226070123,0.9938158276161948,0.21578648495173197,0.05333722890325599,570.0,10285.0,4079.0,64.0,False,0.04553419164022411,0.4543400489095586,0.8299382539947107,1.7643147868255535,-0.5336428154640012
deit_tiny,1.0,43,logistic,1.0,chexpert,cardiomegaly,19255,2034,17221,0.10563490002596729,0.8035981371672566,0.395487342020031,0.08668166498078315,0.33589876419890363,0.06983719393747265,0.06977016409529528,0.8136676499508357,0.6192439463445792,0.20153433999025816,0.9656796160463642,0.3230528986921726,0.013358658400206396,1655.0,10664.0,6557.0,379.0,False,0.1010838392508862,0.1424775154647362,0.6580057706146536,0.7370363048984286,1.4509504592113318
deit_tiny,1.0,43,logistic,1.0,chexpert,pleural_effusion,18933,5642,13291,0.2979982041937358,0.8594792431763121,0.7240547734233624,0.15864485761526825,0.4771199898128584,0.11487591150890472,0.11639790257215593,0.9704005671747608,0.3649085847566022,0.3934320206956022,0.9667131752043053,0.5598731976684732,0.05277150637723205,5475.0,4850.0,8441.0,167.0,False,0.24329855584761897,0.34794163877146245,1.3150934848934464,1.3223312450122848,0.8384211644948922
deit_tiny,1.0,43,logistic,1.0,nih,cardiomegaly,21329,497,20832,0.023301608139153267,0.8848165799713797,0.21538560490919662,0.0203266996095486,0.08271313838890379,0.004266642620808866,0.004306164688370524,0.89738430583501,0.7042530721966206,0.0675041622521568,0.9965357967667436,0.12556306306306306,0.013358658400206396,446.0,14671.0,6161.0,51.0,False,0.022759736702063146,0.10690093318583926,-0.3089955937058309,0.9034810060240624,-0.0592766495794042
deit_tiny,1.0,43,logistic,1.0,nih,pleural_effusion,21329,2536,18793,0.11889915139012612,0.8781416699720901,0.5104459961083054,0.07598726570357442,0.252070396405092,0.011472439843784082,0.010120410432588522,0.9215299684542587,0.6398659075187569,0.25667215815485994,0.9837205497382199,0.4015118976032987,0.05277150637723205,2337.0,12025.0,6768.0,199.0,False,0.10479318686123498,0.27488353031771795,0.019449142596500976,1.0186929421978468,-0.005657909658400733
deit_tiny,1.0,43,logistic,1.0,vinbig,cardiomegaly,14998,1817,13181,0.12114948659821309,0.8898255302104474,0.5609823692559321,0.09630769431147515,0.34263515924314464,0.08953830171828571,0.08972572203102518,0.9053384700055036,0.7002503603671952,0.29395997140814867,0.9817060199957456,0.4438149197355996,0.013358658400206396,1645.0,9230.0,3951.0,172.0,False,0.11584294874158528,0.16863567996432882,2.1388904858673317,1.084757397631975,1.8692636468929553
deit_tiny,1.0,43,logistic,1.0,vinbig,pleural_effusion,14998,634,14364,0.04227230297372983,0.9183628761704471,0.6542300412356837,0.024429808310415038,0.10812098650853234,0.033467750875380044,0.029202728737943228,0.8990536277602523,0.7160261765524923,0.12260701226070123,0.9938158276161948,0.21578648495173197,0.05277150637723205,570.0,10285.0,4079.0,64.0,False,0.04553419164022411,0.4634843085951663,0.5156175826573669,1.6486016349233485,-0.5844362342432794
deit_tiny,1.0,101,temperature,0.1,chexpert,cardiomegaly,19255,2034,17221,0.10563490002596729,0.7917050864643149,0.36032106245439716,0.08427598913555082,0.3243261070674968,0.054164785652819604,0.05394961093983623,0.9321533923303835,0.33859822309970383,0.1427066084600331,0.9768805495057798,0.2475195822454308,0.00387473688983333,1896.0,5831.0,11390.0,138.0,False,0.1010838392508862,0.16627633299145816,0.03600141461048862,0.6131947907719116,1.028740898266548
deit_tiny,1.0,101,temperature,0.1,chexpert,pleural_effusion,18933,5642,13291,0.2979982041937358,0.8518358354240506,0.7103394257879915,0.16805675142494436,0.5001498113740718,0.12939184731580738,0.12939184731580738,0.9680964197093229,0.3690467233466255,0.3944251877527441,0.9646017699115044,0.5604925602873269,0.05098478949924887,5462.0,4905.0,8386.0,180.0,False,0.24329855584761897,0.3092570942747376,1.4987746546391651,1.3708315896730667,0.9291244299433149
deit_tiny,1.0,101,temperature,0.1,nih,cardiomegaly,21329,497,20832,0.023301608139153267,0.8925758854200473,0.22181850360584854,0.02092107859181784,0.0833383125990735,0.008718538660892528,0.009554672024192436,0.9778672032193159,0.49798387096774194,0.044407894736842105,0.9989407799711122,0.0849576086006468,0.00387473688983333,486.0,10374.0,10458.0,11.0,False,0.022759736702063146,0.08078556155171313,-0.7569289015167353,0.8297380824340193,-0.40673336665519244
deit_tiny,1.0,101,temperature,0.1,nih,pleural_effusion,21329,2536,18793,0.11889915139012612,0.8776755255371446,0.508438735465232,0.07577745209911343,0.25121031571978947,0.005624399438148278,0.007383731061615941,0.918769716088328,0.6174639493428404,0.24477361067339007,0.9825571549534293,0.3865615927001244,0.05098478949924887,2330.0,11604.0,7189.0,206.0,False,0.10479318686123498,0.2768856986909235,0.04348554805776526,1.0388451665320488,-0.005070546850621719
deit_tiny,1.0,101,temperature,0.1,vinbig,cardiomegaly,14998,1817,13181,0.12114948659821309,0.8596428073513698,0.5089264419598213,0.09379381406362432,0.34137456434886704,0.08119778485455027,0.08129557055382998,0.9763346175013758,0.43949624459449205,0.19362584588517792,0.9926319396847155,0.32316240094726295,0.00387473688983333,1774.0,5793.0,7388.0,43.0,False,0.11584294874158528,0.19033644185928578,1.1469246971648481,0.8412614746871562,1.6049733006655293
deit_tiny,1.0,101,temperature,0.1,vinbig,pleural_effusion,14998,634,14364,0.04227230297372983,0.9114162355591044,0.6100747215549385,0.026502996105879528,0.1108127302489157,0.029809195863223607,0.028343093853798976,0.8801261829652997,0.7364940128098023,0.1284826157034308,0.9928671984983576,0.22423146473779385,0.05098478949924887,558.0,10579.0,3785.0,76.0,False,0.04553419164022411,0.417953956110923,0.8087406790853693,1.6602870973086872,-0.3961257935401315
deit_tiny,1.0,101,logistic,0.1,chexpert,cardiomegaly,19255,2034,17221,0.10563490002596729,0.7917050864643149,0.36032106245439716,0.09170857221988771,0.33932830299726835,0.07344947539523276,0.07344947539523276,0.9321533923303835,0.33859822309970383,0.1427066084600331,0.9768805495057798,0.2475195822454308,0.008530430000445335,1896.0,5831.0,11390.0,138.0,False,0.1010838392508862,0.09274743718161949,1.4173602023957006,1.0060419367347417,1.398680312329482
deit_tiny,1.0,101,logistic,0.1,chexpert,pleural_effusion,18933,5642,13291,0.2979982041937358,0.8518358354240506,0.7103394257879915,0.16793471345132663,0.499864501752963,0.12917327298539302,0.129173272985393,0.9680964197093229,0.3690467233466255,0.3944251877527441,0.9646017699115044,0.5604925602873269,0.050965090456038156,5462.0,4905.0,8386.0,180.0,False,0.24329855584761897,0.3097586918826337,1.4938861117996862,1.3689690457388473,0.9277024703918427
deit_tiny,1.0,101,logistic,0.1,nih,cardiomegaly,21329,497,20832,0.023301608139153267,0.8925758854200473,0.22181850360584854,0.020337100023168197,0.0825193582336713,0.005478684817400441,0.006397916026727695,0.9778672032193159,0.49798387096774194,0.044407894736842105,0.9989407799711122,0.0849576086006468,0.008530430000445335,486.0,10374.0,10458.0,11.0,False,0.022759736702063146,0.10644396772284892,1.1117652033554561,1.3611639697248965,0.07234721801191915
deit_tiny,1.0,101,logistic,0.1,nih,pleural_effusion,21329,2536,18793,0.11889915139012612,0.8776755255371446,0.508438735465232,0.07577476178831992,0.2512044196818265,0.005651200495683186,0.007380751824607588,0.918769716088328,0.6174639493428404,0.24477361067339007,0.9825571549534293,0.3865615927001244,0.050965090456038156,2330.0,11604.0,7189.0,206.0,False,0.10479318686123498,0.276911371264438,0.03974127341346486,1.0374130555442898,-0.006921458185621687
deit_tiny,1.0,101,logistic,0.1,vinbig,cardiomegaly,14998,1817,13181,0.12114948659821309,0.8596428073513698,0.5089264419598213,0.10483134385867575,0.37372844031503893,0.09462674466842022,0.09515351623132509,0.9763346175013758,0.43949624459449205,0.19362584588517792,0.9926319396847155,0.32316240094726295,0.008530430000445335,1774.0,5793.0,7388.0,43.0,False,0.11584294874158528,0.09505632412270071,3.041838315004985,1.380166480702093,1.8027184503946116
deit_tiny,1.0,101,logistic,0.1,vinbig,pleural_effusion,14998,634,14364,0.04227230297372983,0.9114162355591044,0.6100747215549385,0.02649234939792502,0.11077978427465247,0.029658173877318256,0.028293371582064568,0.8801261829652997,0.7364940128098023,0.1284826157034308,0.9928671984983576,0.22423146473779385,0.050965090456038156,558.0,10579.0,3785.0,76.0,False,0.04553419164022411,0.41818777398647966,0.8028199169944616,1.6580312034913212,-0.39686903994953976
deit_tiny,1.0,101,temperature,0.25,chexpert,cardiomegaly,19255,2034,17221,0.10563490002596729,0.7917050864643149,0.36032106245439716,0.08445229361264601,0.32703647377083905,0.05529822259265099,0.05499915968376753,0.8190757128810227,0.588874049126067,0.19048707980791219,0.9649823960414883,0.3090909090909091,0.013661726107747988,1666.0,10141.0,7080.0,368.0,False,0.1010838392508862,0.16453219190617918,0.03598675788195106,0.6043522701764158,1.0632557159038571
deit_tiny,1.0,101,temperature,0.25,chexpert,pleural_effusion,18933,5642,13291,0.2979982041937358,0.8518358354240506,0.7103394257879915,0.16773697933332773,0.4989998573339991,0.12810799529317918,0.12810799529317915,0.9668557249202411,0.3747648784892032,0.39629495096258627,0.9638157894736842,0.562168289792343,0.0531262956422205,5455.0,4981.0,8310.0,187.0,False,0.24329855584761897,0.31057141400221233,1.4987746954974817,1.3832269581669845,0.9149573699178728
deit_tiny,1.0,101,temperature,0.25,nih,cardiomegaly,21329,497,20832,0.023301608139153267,0.8925758854200473,0.22181850360584854,0.020890717015365948,0.08322611236194959,0.007984237133602105,0.009082406953532627,0.8913480885311871,0.7046850998463902,0.067172100075815,0.9963350074657256,0.12492949802594473,0.013661726107747988,443.0,14680.0,6152.0,54.0,False,0.022759736702063146,0.0821195654046285,-0.7572108872690382,0.8176590531230917,-0.3787968146892983
deit_tiny,1.0,101,temperature,0.25,nih,pleural_effusion,21329,2536,18793,0.11889915139012612,0.8776755255371446,0.508438735465232,0.07578849674591323,0.2512706081768557,0.006542637867762168,0.007876997063033214,0.916403785488959,0.6211355291863991,0.2460821685726387,0.9821623895666807,0.38797996661101836,0.0531262956422205,2324.0,11673.0,7120.0,212.0,False,0.10479318686123498,0.2767803039879795,0.043299004708054686,1.0481455409698128,-0.01644475942215794
deit_tiny,1.0,101,temperature,0.25,vinbig,cardiomegaly,14998,1817,13181,0.12114948659821309,0.8596428073513698,0.5089264419598213,0.09408981614257972,0.3447029724771092,0.08211356980883792,0.08220082337914497,0.8569069895432031,0.677414460207875,0.26803236357376486,0.9717052998149962,0.4083398898505114,0.013661726107747988,1557.0,8929.0,4252.0,260.0,False,0.11584294874158528,0.18778124033713095,1.146803804632417,0.829103024882013,1.646166954538304
deit_tiny,1.0,101,temperature,0.25,vinbig,pleural_effusion,14998,634,14364,0.04227230297372983,0.9114162355591044,0.6100747215549385,0.026564900770587676,0.11141959340845305,0.030219353353501493,0.02913616587931276,0.8785488958990536,0.7416457811194653,0.13050609184629802,0.9928238583410998,0.22725418196654426,0.0531262956422205,557.0,10653.0,3711.0,77.0,False,0.04553419164022411,0.416594435660944,0.8087417983390496,1.6752985357278658,-0.4147967694530817
deit_tiny,1.0,101,logistic,0.25,chexpert,cardiomegaly,19255,2034,17221,0.10563490002596729,0.7917050864643149,0.36032106245439716,0.08668681037037544,0.3281157431795369,0.06322012210552151,0.0632201221055215,0.8190757128810227,0.588874049126067,0.19048707980791219,0.9649823960414883,0.3090909090909091,0.015813050189307763,1666.0,10141.0,7080.0,368.0,False,0.1010838392508862,0.14242661326681394,0.4181190846649234,0.7185611150059419,1.204235064904093
deit_tiny,1.0,101,logistic,0.25,chexpert,pleural_effusion,18933,5642,13291,0.2979982041937358,0.8518358354240506,0.7103394257879915,0.1689924036638789,0.5019269700597415,0.13032175537500074,0.1303217553750007,0.9668557249202411,0.3747648784892032,0.39629495096258627,0.9638157894736842,0.562168289792343,0.053344616705328494,5455.0,4981.0,8310.0,187.0,False,0.24329855584761897,0.3054113984559734,1.5500114557604274,1.4031239736226595,0.9292112616505278
deit_tiny,1.0,101,logistic,0.25,nih,cardiomegaly,21329,497,20832,0.023301608139153267,0.8925758854200473,0.22181850360584854,0.020112114814867892,0.08119745694347566,0.0037711092320588347,0.003909191893514823,0.8913480885311871,0.7046850998463902,0.067172100075815,0.9963350074657256,0.12492949802594473,0.015813050189307763,443.0,14680.0,6152.0,54.0,False,0.022759736702063146,0.11632919667982144,-0.2406492172715694,0.9720420007005347,-0.17358038833359254
deit_tiny,1.0,101,logistic,0.25,nih,pleural_effusion,21329,2536,18793,0.11889915139012612,0.8776755255371446,0.508438735465232,0.07582739778073548,0.25136193377714344,0.0061922033968190545,0.00792407315083991,0.916403785488959,0.6211355291863991,0.2460821685726387,0.9821623895666807,0.38797996661101836,0.053344616705328494,2324.0,11673.0,7120.0,212.0,False,0.10479318686123498,0.27640908677446185,0.08216135102470308,1.0632318109986472,0.00209104520118828
deit_tiny,1.0,101,logistic,0.25,vinbig,cardiomegaly,14998,1817,13181,0.12114948659821309,0.8596428073513698,0.5089264419598213,0.09810273696357082,0.35285513244292654,0.08775247478991473,0.08793292072781746,0.8569069895432031,0.677414460207875,0.26803236357376486,0.9717052998149962,0.4083398898505114,0.015813050189307763,1557.0,8929.0,4252.0,260.0,False,0.11584294874158528,0.1531401951584308,1.671116766740461,0.9858169713429811,1.7143602787364887
deit_tiny,1.0,101,logistic,0.25,vinbig,pleural_effusion,14998,634,14364,0.04227230297372983,0.9114162355591044,0.6100747215549385,0.026677970658989802,0.11178054679264512,0.031017096758824827,0.029666629130665464,0.8785488958990536,0.7416457811194653,0.13050609184629802,0.9928238583410998,0.22725418196654426,0.053344616705328494,557.0,10653.0,3711.0,77.0,False,0.04553419164022411,0.414111249195364,0.8707971238270792,1.6993975435323743,-0.4077243121164511
deit_tiny,1.0,101,temperature,0.5,chexpert,cardiomegaly,19255,2034,17221,0.10563490002596729,0.7917050864643149,0.36032106245439716,0.0842902625657346,0.32454332367139804,0.054252205186569216,0.05403583500307367,0.7979351032448377,0.6259799082515534,0.20126488095238096,0.963274059512108,0.3214497920380273,0.01761761560171856,1623.0,10780.0,6441.0,411.0,False,0.1010838392508862,0.16613512911268224,0.036004340596720544,0.6124717870153429,1.0315345352941663
deit_tiny,1.0,101,temperature,0.5,chexpert,pleural_effusion,18933,5642,13291,0.2979982041937358,0.8518358354240506,0.7103394257879915,0.16778581049676788,0.4991742963793237,0.1283057283694077,0.12830572836940773,0.9776674937965261,0.3017079226544278,0.3727782658647023,0.9695357833655706,0.539752434072117,0.04269757629032326,5516.0,4010.0,9281.0,126.0,False,0.24329855584761897,0.3103707093031234,1.4987746848679342,1.3813152288057597,0.9171271896184006
deit_tiny,1.0,101,temperature,0.5,nih,cardiomegaly,21329,497,20832,0.023301608139153267,0.8925758854200473,0.22181850360584854,0.020918500960200186,0.08332797667078096,0.008658091636417495,0.009516061218551265,0.8752515090543259,0.732910906298003,0.07251208534755793,0.995955642530985,0.13392857142857142,0.01761761560171856,435.0,15268.0,5564.0,62.0,False,0.022759736702063146,0.0808988155691649,-0.7569275258861756,0.8287671774338047,-0.4044659725905628
deit_tiny,1.0,101,temperature,0.5,nih,pleural_effusion,21329,2536,18793,0.11889915139012612,0.8776755255371446,0.508438735465232,0.07578662596350025,0.251260007775336,0.006435558005718015,0.007800916388438228,0.9365141955835962,0.5742031607513436,0.22887154283511613,0.9852994886778671,0.3678463563850383,0.04269757629032326,2375.0,10791.0,8002.0,161.0,False,0.10479318686123498,0.2767981561257855,0.04356286099875942,1.0468394961951262,-0.014699626393509883
deit_tiny,1.0,101,temperature,0.5,vinbig,cardiomegaly,14998,1817,13181,0.12114948659821309,0.8596428073513698,0.5089264419598213,0.09381789653197735,0.34164183887589944,0.08127308976010454,0.08136997954229962,0.8310401761144744,0.7109475760564449,0.28383458646616544,0.9682785699524695,0.4231469805240297,0.01761761560171856,1510.0,9371.0,3810.0,307.0,False,0.11584294874158528,0.19012855291468755,1.1469507708758346,0.8402736162301234,1.6083057798431477
deit_tiny,1.0,101,temperature,0.5,vinbig,pleural_effusion,14998,634,14364,0.04227230297372983,0.9114162355591044,0.6100747215549385,0.02655519241843267,0.11132506618459163,0.03014343852501265,0.029013366556044206,0.9037854889589906,0.6663185742133111,0.10678345136041745,0.9936669435215947,0.191,0.04269757629032326,573.0,9571.0,4793.0,61.0,False,0.04553419164022411,0.41680764581808727,0.8087416022143352,1.6729833371663319,-0.41193380281706293
deit_tiny,1.0,101,logistic,0.5,chexpert,cardiomegaly,19255,2034,17221,0.10563490002596729,0.7917050864643149,0.36032106245439716,0.0865154800605784,0.3259269948949819,0.062348759252857204,0.0623487592528572,0.7979351032448377,0.6259799082515534,0.20126488095238096,0.963274059512108,0.3214497920380273,0.019566859679756188,1623.0,10780.0,6441.0,411.0,False,0.1010838392508862,0.14412154601834715,0.419223968452826,0.7271067880035013,1.174384583692836
deit_tiny,1.0,101,logistic,0.5,chexpert,pleural_effusion,18933,5642,13291,0.2979982041937358,0.8518358354240506,0.7103394257879915,0.17029265912801714,0.5050678576244819,0.13273718452053415,0.13273718452053415,0.9776674937965261,0.3017079226544278,0.3727782658647023,0.9695357833655706,0.539752434072117,0.0432007994978755,5516.0,4010.0,9281.0,126.0,False,0.24329855584761897,0.30006711903923655,1.6001747037677905,1.4195069890811591,0.9462261373726115
deit_tiny,1.0,101,logistic,0.5,nih,cardiomegaly,21329,497,20832,0.023301608139153267,0.8925758854200473,0.22181850360584854,0.020124258175922952,0.08129330809456696,0.004279691671826749,0.004417537460207226,0.8752515090543259,0.732910906298003,0.07251208534755793,0.995955642530985,0.13392857142857142,0.019566859679756188,435.0,15268.0,5564.0,62.0,False,0.022759736702063146,0.11579565091810973,-0.23892376142219524,0.9836848111302837,-0.20010515392823713
deit_tiny,1.0,101,logistic,0.5,nih,pleural_effusion,21329,2536,18793,0.11889915139012612,0.8776755255371446,0.508438735465232,0.07588424115161634,0.2514830256154842,0.006688296501984192,0.007859016399496741,0.9365141955835962,0.5742031607513436,0.22887154283511613,0.9852994886778671,0.3678463563850383,0.0432007994978755,2375.0,10791.0,8002.0,161.0,False,0.10479318686123498,0.27586665293326074,0.12017266621477499,1.0756436696597975,0.022448609550655727
deit_tiny,1.0,101,logistic,0.5,vinbig,cardiomegaly,14998,1817,13181,0.12114948659821309,0.8596428073513698,0.5089264419598213,0.09784152288462783,0.3501450524778386,0.08699343145664651,0.08718951725372681,0.8310401761144744,0.7109475760564449,0.28383458646616544,0.9682785699524695,0.4231469805240297,0.019566859679756188,1510.0,9371.0,3810.0,307.0,False,0.11584294874158528,0.1553950935513031,1.6726089271315736,0.9975340713920112,1.680045810534954
deit_tiny,1.0,101,logistic,0.5,vinbig,pleural_effusion,14998,634,14364,0.04227230297372983,0.9114162355591044,0.6100747215549385,0.026776862855956256,0.11199036241069275,0.03107787272898527,0.029980471139097756,0.9037854889589906,0.6663185742133111,0.10678345136041745,0.9936669435215947,0.191,0.0432007994978755,573.0,9571.0,4793.0,61.0,False,0.04553419164022411,0.41193942636499903,0.9315520864088039,1.719241123902396,-0.3965772487844947
deit_tiny,1.0,101,temperature,1.0,chexpert,cardiomegaly,19255,2034,17221,0.10563490002596729,0.7917050864643149,0.36032106245439716,0.08482454654745886,0.33295892352164635,0.05755901989884408,0.057111393258051715,0.8411996066863323,0.5486905522327391,0.18042813455657492,0.9669463774048301,0.29712598767040027,0.009599739065085777,1711.0,9449.0,7772.0,323.0,False,0.1010838392508862,0.16084957619261375,0.036005464556772344,0.5863117292675362,1.1363017888611062
deit_tiny,1.0,101,temperature,1.0,chexpert,pleural_effusion,18933,5642,13291,0.2979982041937358,0.8518358354240506,0.7103394257879915,0.16807150817829833,0.5002033127387028,0.1294504764259523,0.12945047642595228,0.9645515774548032,0.38845835527800765,0.4010316875460575,0.9627074398657468,0.5665209244222361,0.05382467104576401,5442.0,5163.0,8128.0,200.0,False,0.24329855584761897,0.3091964414142939,1.4987746542611429,1.3702664984994253,0.9297758711695404
deit_tiny,1.0,101,temperature,1.0,nih,cardiomegaly,21329,497,20832,0.023301608139153267,0.8925758854200473,0.22181850360584854,0.020836449040082635,0.08309573284857856,0.008386174984046922,0.008315777128126783,0.9235412474849095,0.6720430107526881,0.0629543272527774,0.9972930616896993,0.11787365177195686,0.009599739065085777,459.0,14000.0,6832.0,38.0,False,0.022759736702063146,0.08450395042602432,-0.7571778784299217,0.793301175680501,-0.3202143885241842
deit_tiny,1.0,101,temperature,1.0,nih,pleural_effusion,21329,2536,18793,0.11889915139012612,0.8776755255371446,0.508438735465232,0.07577700993108662,0.2512080468010887,0.005669649241565553,0.007361245316198348,0.9136435331230284,0.6286383227797584,0.24924698795180722,0.9818000498628771,0.3916497633536173,0.05382467104576401,2317.0,11814.0,6979.0,219.0,False,0.10479318686123498,0.2768899181257938,0.043502789605856934,1.0384261822756786,-0.004549003621280123
deit_tiny,1.0,101,temperature,1.0,vinbig,cardiomegaly,14998,1817,13181,0.12114948659821309,0.8596428073513698,0.5089264419598213,0.09470490586115815,0.35193048285148626,0.08395084208913081,0.0840192794822342,0.8882773802971932,0.638798270237463,0.2531764705882353,0.9764583091731416,0.39404296875,0.009599739065085777,1614.0,8420.0,4761.0,203.0,False,0.11584294874158528,0.18247155403114323,1.1468028309116542,0.804363115587095,1.7335009092632865
deit_tiny,1.0,101,temperature,1.0,vinbig,pleural_effusion,14998,634,14364,0.04227230297372983,0.9114162355591044,0.6100747215549385,0.026500232710836246,0.11078540701136423,0.029771107503973108,0.02830711704732154,0.8769716088328076,0.753411306042885,0.13567593948267448,0.9928440366972477,0.23499577345731193,0.05382467104576401,556.0,10822.0,3542.0,78.0,False,0.04553419164022411,0.4180146444627689,0.8087406367525783,1.659602740191408,-0.3952684821711218
deit_tiny,1.0,101,logistic,1.0,chexpert,cardiomegaly,19255,2034,17221,0.10563490002596729,0.7917050864643149,0.36032106245439716,0.08766920065391556,0.33516717834019394,0.06685910445773333,0.06685910445773331,0.8411996066863323,0.5486905522327391,0.18042813455657492,0.9669463774048301,0.29712598767040027,0.011847319658286198,1711.0,9449.0,7772.0,323.0,False,0.1010838392508862,0.13270804409868142,0.49512337423739333,0.7182798315018752,1.3124524937031108
deit_tiny,1.0,101,logistic,1.0,chexpert,pleural_effusion,18933,5642,13291,0.2979982041937358,0.8518358354240506,0.7103394257879915,0.16678982500733797,0.49719793534132845,0.1271062521024919,0.1271062521024919,0.9645515774548032,0.38845835527800765,0.4010316875460575,0.9627074398657468,0.5665209244222361,0.05369153285863069,5442.0,5163.0,8128.0,200.0,False,0.24329855584761897,0.3144643854285737,1.4480370768185318,1.351334071511826,0.9143424312294692
deit_tiny,1.0,101,logistic,1.0,nih,cardiomegaly,21329,497,20832,0.023301608139153267,0.8925758854200473,0.22181850360584854,0.020042650051256213,0.08093023276000602,0.0017220625201714143,0.0022451353390635833,0.9235412474849095,0.6720430107526881,0.0629543272527774,0.9972930616896993,0.11787365177195686,0.011847319658286198,459.0,14000.0,6832.0,38.0,False,0.022759736702063146,0.11938128662800529,-0.1370077789439655,0.9715672154700766,-0.06547661512480749
deit_tiny,1.0,101,logistic,1.0,nih,pleural_effusion,21329,2536,18793,0.11889915139012612,0.8776755255371446,0.508438735465232,0.07576013976847847,0.2511733516063808,0.005959759746307918,0.007351388871851368,0.9136435331230284,0.6286383227797584,0.24924698795180722,0.9818000498628771,0.3916497633536173,0.05369153285863069,2317.0,11814.0,6979.0,219.0,False,0.10479318686123498,0.2770509034256349,0.004943979203186409,1.0240484957391969,-0.024460077529219103
deit_tiny,1.0,101,logistic,1.0,vinbig,cardiomegaly,14998,1817,13181,0.12114948659821309,0.8596428073513698,0.5089264419598213,0.09956952118404594,0.3625149285572226,0.09066917932267832,0.0908308381769118,0.8882773802971932,0.638798270237463,0.2531764705882353,0.9764583091731416,0.39404296875,0.011847319658286198,1614.0,8420.0,4761.0,203.0,False,0.11584294874158528,0.1404783608697756,1.777050040789556,0.9855142159444591,1.8227288806140602
deit_tiny,1.0,101,logistic,1.0,vinbig,pleural_effusion,14998,634,14364,0.04227230297372983,0.9114162355591044,0.6100747215549385,0.026393280491226682,0.11046622499089663,0.029009884187300057,0.0278113856555828,0.8769716088328076,0.753411306042885,0.13567593948267448,0.9928440366972477,0.23499577345731193,0.05369153285863069,556.0,10822.0,3542.0,78.0,False,0.04553419164022411,0.4203634776309212,0.7472898466727322,1.6366720077272114,-0.4037778255932229
